numtc,step,date,lon,lat,vomax,vmax,pmin,oprel
1,1,1960-06-23 12:00:00,-96.3,24.7,0.0,18.373,0.0,1
1,2,1960-06-23 18:00:00,-96.7,25.5,0.0,20.6696,0.0,1
1,3,1960-06-24 00:00:00,-97.1,26.3,0.0,22.9662,0.0,1
1,4,1960-06-24 06:00:00,-97.5,27.2,0.0,20.6696,1000.0,1
2,1,1960-07-09 12:00:00,-55.8,12.0,0.0,18.373,0.0,1
2,2,1960-07-09 18:00:00,-57.0,12.5,0.0,18.373,0.0,1
2,3,1960-07-10 00:00:00,-58.2,13.0,0.0,20.6696,0.0,1
2,4,1960-07-10 06:00:00,-59.6,13.5,0.0,22.9662,0.0,1
2,5,1960-07-10 12:00:00,-60.9,13.9,0.0,25.2629,1003.0,1
2,6,1960-07-10 18:00:00,-62.3,14.1,0.0,25.2629,1002.0,1
2,7,1960-07-11 00:00:00,-63.5,14.3,0.0,25.2629,0.0,1
2,8,1960-07-11 06:00:00,-64.7,14.5,0.0,27.5595,0.0,1
2,9,1960-07-11 12:00:00,-65.8,14.7,0.0,27.5595,999.0,1
2,10,1960-07-11 18:00:00,-67.3,14.9,0.0,25.2629,1004.0,1
2,11,1960-07-12 00:00:00,-68.9,14.9,0.0,22.9662,1005.0,1
2,12,1960-07-12 06:00:00,-70.4,14.7,0.0,22.9662,1005.0,1
2,13,1960-07-12 12:00:00,-71.9,14.7,0.0,22.9662,1007.0,1
2,14,1960-07-12 18:00:00,-73.2,15.0,0.0,22.9662,1006.0,1
2,15,1960-07-13 00:00:00,-74.3,15.2,0.0,22.9662,1004.0,1
2,16,1960-07-13 06:00:00,-75.4,15.2,0.0,22.9662,1006.0,1
2,17,1960-07-13 12:00:00,-76.7,14.9,0.0,20.6696,1008.0,1
2,18,1960-07-13 18:00:00,-78.1,14.7,0.0,20.6696,1006.0,1
2,19,1960-07-14 00:00:00,-79.5,14.7,0.0,20.6696,1004.0,1
2,20,1960-07-14 06:00:00,-81.0,15.1,0.0,22.9662,0.0,1
2,21,1960-07-14 12:00:00,-82.5,15.6,0.0,25.2629,0.0,1
2,22,1960-07-14 18:00:00,-83.9,15.9,0.0,25.2629,0.0,1
2,23,1960-07-15 00:00:00,-85.2,16.1,0.0,27.5595,995.0,1
2,24,1960-07-15 06:00:00,-86.6,16.3,0.0,32.1527,0.0,1
2,25,1960-07-15 12:00:00,-88.0,16.5,0.0,32.1527,0.0,1
2,26,1960-07-15 18:00:00,-89.4,16.6,0.0,20.6696,0.0,1
3,1,1960-07-29 12:00:00,-81.8,31.5,0.0,25.2629,1000.0,1
3,2,1960-07-29 18:00:00,-79.7,32.8,0.0,27.5595,993.0,1
3,3,1960-07-30 00:00:00,-77.9,34.6,0.0,25.2629,994.0,1
3,4,1960-07-30 06:00:00,-76.5,37.0,0.0,22.9662,993.0,1
3,5,1960-07-30 12:00:00,-75.3,38.7,0.0,22.9662,992.0,1
3,6,1960-07-30 18:00:00,-73.8,40.5,0.0,22.9662,991.0,1
3,7,1960-07-31 00:00:00,-71.5,43.0,0.0,18.373,991.0,1
3,8,1960-08-01 00:00:00,-68.9,58.0,0.0,18.373,977.0,1
3,9,1960-08-01 06:00:00,-69.5,60.5,0.0,20.6696,976.0,1
3,10,1960-08-01 12:00:00,-71.5,61.0,0.0,20.6696,976.0,1
3,11,1960-08-01 18:00:00,-75.0,61.5,0.0,18.373,980.0,1
4,1,1960-08-18 06:00:00,-73.5,25.7,0.0,20.6696,0.0,1
4,2,1960-08-18 12:00:00,-72.7,26.6,0.0,27.5595,997.0,1
4,3,1960-08-18 18:00:00,-71.8,27.8,0.0,29.8561,0.0,1
4,4,1960-08-19 00:00:00,-71.0,29.3,0.0,32.1527,0.0,1
4,5,1960-08-19 06:00:00,-70.2,31.0,0.0,34.4494,0.0,1
4,6,1960-08-19 12:00:00,-69.4,33.1,0.0,34.4494,999.0,1
4,7,1960-08-19 18:00:00,-68.6,35.4,0.0,34.4494,995.0,1
4,8,1960-08-20 00:00:00,-67.8,37.7,0.0,32.1527,997.0,1
4,9,1960-08-20 06:00:00,-66.8,40.0,0.0,32.1527,0.0,1
4,10,1960-08-20 12:00:00,-65.2,42.2,0.0,27.5595,0.0,1
4,11,1960-08-20 18:00:00,-63.4,43.6,0.0,20.6696,0.0,1
5,1,1960-09-01 00:00:00,-36.2,11.7,0.0,18.373,0.0,1
5,2,1960-09-01 06:00:00,-37.8,12.0,0.0,22.9662,0.0,1
5,3,1960-09-01 12:00:00,-39.4,12.3,0.0,25.2629,0.0,1
5,4,1960-09-01 18:00:00,-41.1,12.6,0.0,29.8561,0.0,1
5,5,1960-09-02 00:00:00,-42.8,12.9,0.0,32.1527,0.0,1
5,6,1960-09-02 06:00:00,-44.3,13.3,0.0,34.4494,0.0,1
5,7,1960-09-02 12:00:00,-45.8,13.6,0.0,39.0426,0.0,1
5,8,1960-09-02 18:00:00,-47.6,13.9,0.0,43.6359,973.0,1
5,9,1960-09-03 00:00:00,-49.4,14.3,0.0,45.9325,0.0,1
5,10,1960-09-03 06:00:00,-51.2,14.7,0.0,48.2291,0.0,1
5,11,1960-09-03 12:00:00,-53.1,15.3,0.0,48.2291,962.0,1
5,12,1960-09-03 18:00:00,-55.0,15.9,0.0,48.2291,0.0,1
5,13,1960-09-04 00:00:00,-56.6,16.4,0.0,50.5258,0.0,1
5,14,1960-09-04 06:00:00,-58.2,16.6,0.0,50.5258,0.0,1
5,15,1960-09-04 12:00:00,-59.7,16.9,0.0,50.5258,958.0,1
5,16,1960-09-04 18:00:00,-60.9,17.4,0.0,50.5258,957.0,1
5,17,1960-09-05 00:00:00,-62.1,17.8,0.0,50.5258,956.0,1
5,18,1960-09-05 06:00:00,-63.4,18.3,0.0,50.5258,952.0,1
5,19,1960-09-05 12:00:00,-64.8,19.1,0.0,50.5258,958.0,1
5,20,1960-09-05 18:00:00,-65.8,19.7,0.0,50.5258,956.0,1
5,21,1960-09-06 00:00:00,-66.5,20.1,0.0,52.8224,941.0,1
5,22,1960-09-06 06:00:00,-67.5,20.6,0.0,52.8224,941.0,1
5,23,1960-09-06 12:00:00,-68.3,21.2,0.0,55.119,940.0,1
5,24,1960-09-06 18:00:00,-68.9,21.5,0.0,55.119,940.0,1
5,25,1960-09-07 00:00:00,-69.7,21.8,0.0,57.4156,932.0,1
5,26,1960-09-07 06:00:00,-70.5,22.0,0.0,55.119,940.0,1
5,27,1960-09-07 12:00:00,-71.3,22.1,0.0,50.5258,948.0,1
5,28,1960-09-07 18:00:00,-72.3,22.1,0.0,50.5258,947.0,1
5,29,1960-09-08 00:00:00,-73.4,22.2,0.0,50.5258,945.0,1
5,30,1960-09-08 06:00:00,-74.3,22.2,0.0,48.2291,947.0,1
5,31,1960-09-08 12:00:00,-75.3,22.3,0.0,45.9325,951.0,1
5,32,1960-09-08 18:00:00,-76.1,22.4,0.0,48.2291,945.0,1
5,33,1960-09-09 00:00:00,-76.9,22.6,0.0,50.5258,939.0,1
5,34,1960-09-09 06:00:00,-77.8,22.9,0.0,50.5258,942.0,1
5,35,1960-09-09 12:00:00,-78.7,23.2,0.0,50.5258,942.0,1
5,36,1960-09-09 18:00:00,-79.4,23.7,0.0,50.5258,944.0,1
5,37,1960-09-10 00:00:00,-80.1,24.2,0.0,52.8224,938.0,1
5,38,1960-09-10 06:00:00,-80.8,24.7,0.0,57.4156,930.0,1
5,39,1960-09-10 12:00:00,-81.3,25.3,0.0,52.8224,939.0,1
5,40,1960-09-10 18:00:00,-81.8,26.3,0.0,48.2291,945.0,1
5,41,1960-09-11 00:00:00,-81.9,27.3,0.0,39.0426,957.0,1
5,42,1960-09-11 06:00:00,-81.7,28.3,0.0,29.8561,964.0,1
5,43,1960-09-11 12:00:00,-81.0,29.7,0.0,34.4494,968.0,1
5,44,1960-09-11 18:00:00,-79.9,31.1,0.0,36.746,970.0,1
5,45,1960-09-12 00:00:00,-78.3,33.0,0.0,41.3392,958.0,1
5,46,1960-09-12 06:00:00,-76.7,35.1,0.0,39.0426,960.0,1
5,47,1960-09-12 12:00:00,-74.8,37.3,0.0,39.0426,960.0,1
5,48,1960-09-12 18:00:00,-73.3,40.1,0.0,39.0426,959.0,1
5,49,1960-09-13 00:00:00,-71.2,42.8,0.0,27.5595,969.0,1
5,50,1960-09-13 06:00:00,-68.6,46.8,0.0,27.5595,0.0,1
5,51,1960-09-13 12:00:00,-66.0,50.0,0.0,27.5595,0.0,1
5,52,1960-09-13 18:00:00,-62.5,53.1,0.0,27.5595,0.0,1
5,53,1960-09-14 00:00:00,-58.2,56.0,0.0,20.6696,0.0,1
5,54,1960-09-14 06:00:00,-54.0,58.5,0.0,18.373,0.0,1
5,55,1960-09-14 12:00:00,-50.0,61.0,0.0,18.373,0.0,1
6,1,1960-09-01 12:00:00,-51.5,25.5,0.0,18.373,0.0,1
6,2,1960-09-01 18:00:00,-52.5,27.0,0.0,18.373,0.0,1
7,1,1960-09-13 18:00:00,-91.9,22.8,0.0,18.373,0.0,1
7,2,1960-09-14 00:00:00,-91.7,23.1,0.0,20.6696,0.0,1
7,3,1960-09-14 06:00:00,-91.3,23.4,0.0,27.5595,0.0,1
7,4,1960-09-14 12:00:00,-90.8,23.9,0.0,36.746,0.0,1
7,5,1960-09-14 18:00:00,-90.0,25.6,0.0,45.9325,974.0,1
7,6,1960-09-15 00:00:00,-89.2,27.1,0.0,45.9325,976.0,1
7,7,1960-09-15 06:00:00,-88.8,28.4,0.0,36.746,981.0,1
7,8,1960-09-15 12:00:00,-88.7,29.4,0.0,34.4494,985.0,1
7,9,1960-09-15 18:00:00,-88.8,30.1,0.0,32.1527,984.0,1
7,10,1960-09-16 00:00:00,-89.1,30.6,0.0,25.2629,0.0,1
7,11,1960-09-16 06:00:00,-89.0,31.2,0.0,18.373,0.0,1
8,1,1960-09-18 06:00:00,-67.9,21.0,0.0,18.373,0.0,1
8,2,1960-09-18 12:00:00,-69.0,20.9,0.0,20.6696,1000.0,1
8,3,1960-09-18 18:00:00,-70.1,20.9,0.0,18.373,1003.0,1
8,4,1960-09-19 00:00:00,-71.2,20.9,0.0,18.373,1003.0,1
8,5,1960-09-19 06:00:00,-72.4,21.0,0.0,18.373,1004.0,1
8,6,1960-09-24 06:00:00,-80.3,27.3,0.0,22.9662,0.0,1
8,7,1960-09-24 12:00:00,-80.5,27.5,0.0,22.9662,0.0,1
8,8,1960-09-24 18:00:00,-81.0,27.6,0.0,18.373,0.0,1
9,1,1961-07-19 00:00:00,-54.0,11.2,0.0,18.373,0.0,1
9,2,1961-07-19 06:00:00,-55.5,11.4,0.0,18.373,0.0,1
9,3,1961-07-19 12:00:00,-57.0,11.5,0.0,20.6696,0.0,1
9,4,1961-07-19 18:00:00,-58.5,11.6,0.0,20.6696,0.0,1
9,5,1961-07-20 00:00:00,-60.2,11.7,0.0,22.9662,0.0,1
9,6,1961-07-20 06:00:00,-62.0,11.8,0.0,25.2629,0.0,1
9,7,1961-07-20 12:00:00,-63.8,11.9,0.0,27.5595,0.0,1
9,8,1961-07-20 18:00:00,-65.6,12.4,0.0,29.8561,999.0,1
9,9,1961-07-21 00:00:00,-67.5,12.9,0.0,29.8561,1002.0,1
9,10,1961-07-21 06:00:00,-69.5,13.2,0.0,34.4494,992.0,1
9,11,1961-07-21 12:00:00,-71.3,13.4,0.0,36.746,980.0,1
9,12,1961-07-21 18:00:00,-73.1,13.6,0.0,36.746,981.0,1
9,13,1961-07-22 00:00:00,-74.8,13.7,0.0,36.746,984.0,1
9,14,1961-07-22 06:00:00,-76.5,14.0,0.0,36.746,983.0,1
9,15,1961-07-22 12:00:00,-78.2,14.5,0.0,41.3392,976.0,1
9,16,1961-07-22 18:00:00,-79.9,15.1,0.0,39.0426,983.0,1
9,17,1961-07-23 00:00:00,-81.4,15.2,0.0,32.1527,990.0,1
9,18,1961-07-23 06:00:00,-82.9,15.3,0.0,32.1527,991.0,1
9,19,1961-07-23 12:00:00,-84.3,15.8,0.0,32.1527,992.0,1
9,20,1961-07-23 18:00:00,-85.7,16.1,0.0,36.746,981.0,1
9,21,1961-07-24 00:00:00,-86.7,16.1,0.0,34.4494,989.0,1
9,22,1961-07-24 06:00:00,-87.7,16.2,0.0,34.4494,0.0,1
9,23,1961-07-24 12:00:00,-88.7,16.5,0.0,29.8561,0.0,1
9,24,1961-07-24 18:00:00,-89.7,16.8,0.0,20.6696,0.0,1
10,1,1961-09-02 06:00:00,-41.6,13.3,0.0,25.2629,0.0,1
10,2,1961-09-02 12:00:00,-42.6,13.8,0.0,27.5595,0.0,1
10,3,1961-09-02 18:00:00,-43.6,14.3,0.0,32.1527,0.0,1
10,4,1961-09-03 00:00:00,-44.6,14.8,0.0,36.746,0.0,1
10,5,1961-09-03 06:00:00,-45.6,15.3,0.0,39.0426,0.0,1
10,6,1961-09-03 12:00:00,-46.7,15.9,0.0,41.3392,973.0,1
10,7,1961-09-03 18:00:00,-47.9,17.0,0.0,39.0426,977.0,1
10,8,1961-09-04 00:00:00,-49.0,18.2,0.0,36.746,981.0,1
10,9,1961-09-04 06:00:00,-49.8,19.4,0.0,36.746,984.0,1
10,10,1961-09-04 12:00:00,-50.1,20.7,0.0,34.4494,986.0,1
10,11,1961-09-04 18:00:00,-50.2,22.0,0.0,34.4494,982.0,1
10,12,1961-09-05 00:00:00,-50.6,23.2,0.0,39.0426,0.0,1
10,13,1961-09-05 06:00:00,-51.4,24.4,0.0,43.6359,0.0,1
10,14,1961-09-05 12:00:00,-52.1,25.6,0.0,48.2291,957.0,1
10,15,1961-09-05 18:00:00,-52.9,27.0,0.0,50.5258,955.0,1
10,16,1961-09-06 00:00:00,-54.0,28.5,0.0,52.8224,952.0,1
10,17,1961-09-06 06:00:00,-55.0,29.9,0.0,52.8224,949.0,1
10,18,1961-09-06 12:00:00,-56.1,31.1,0.0,52.8224,945.0,1
10,19,1961-09-06 18:00:00,-56.9,32.3,0.0,48.2291,954.0,1
10,20,1961-09-07 00:00:00,-57.3,33.1,0.0,48.2291,0.0,1
10,21,1961-09-07 06:00:00,-57.8,33.7,0.0,45.9325,0.0,1
10,22,1961-09-07 12:00:00,-58.3,34.2,0.0,43.6359,954.0,1
10,23,1961-09-07 18:00:00,-58.7,34.6,0.0,41.3392,0.0,1
10,24,1961-09-08 00:00:00,-59.2,35.0,0.0,41.3392,0.0,1
10,25,1961-09-08 06:00:00,-59.6,35.3,0.0,39.0426,0.0,1
10,26,1961-09-08 12:00:00,-59.9,35.5,0.0,39.0426,0.0,1
10,27,1961-09-08 18:00:00,-59.8,35.9,0.0,34.4494,974.0,1
10,28,1961-09-09 00:00:00,-59.6,36.0,0.0,34.4494,0.0,1
10,29,1961-09-09 06:00:00,-59.2,36.3,0.0,34.4494,0.0,1
10,30,1961-09-09 12:00:00,-58.7,36.6,0.0,34.4494,978.0,1
10,31,1961-09-09 18:00:00,-57.5,37.2,0.0,36.746,976.0,1
10,32,1961-09-10 00:00:00,-56.1,38.0,0.0,36.746,0.0,1
10,33,1961-09-10 06:00:00,-54.4,38.6,0.0,39.0426,0.0,1
10,34,1961-09-10 12:00:00,-52.3,39.2,0.0,39.0426,0.0,1
10,35,1961-09-10 18:00:00,-49.7,39.8,0.0,39.0426,962.0,1
10,36,1961-09-11 00:00:00,-45.8,40.9,0.0,39.0426,0.0,1
10,37,1961-09-11 06:00:00,-42.0,42.8,0.0,39.0426,0.0,1
10,38,1961-09-11 12:00:00,-38.5,44.7,0.0,39.0426,0.0,1
10,39,1961-09-11 18:00:00,-33.0,47.7,0.0,36.746,0.0,1
10,40,1961-09-12 00:00:00,-26.5,50.8,0.0,34.4494,0.0,1
10,41,1961-09-12 06:00:00,-22.6,54.0,0.0,32.1527,956.0,1
10,42,1961-09-12 12:00:00,-21.0,56.5,0.0,32.1527,952.0,1
10,43,1961-09-12 18:00:00,-20.0,58.0,0.0,32.1527,949.0,1
10,44,1961-09-13 00:00:00,-19.0,58.5,0.0,32.1527,946.0,1
10,45,1961-09-13 06:00:00,-19.0,59.0,0.0,32.1527,947.0,1
10,46,1961-09-13 12:00:00,-21.0,59.5,0.0,29.8561,948.0,1
10,47,1961-09-13 18:00:00,-23.0,60.2,0.0,29.8561,952.0,1
10,48,1961-09-14 00:00:00,-24.0,61.0,0.0,27.5595,954.0,1
10,49,1961-09-14 06:00:00,-24.5,61.0,0.0,27.5595,955.0,1
10,50,1961-09-14 12:00:00,-25.5,61.3,0.0,27.5595,956.0,1
10,51,1961-09-14 18:00:00,-27.0,62.0,0.0,25.2629,960.0,1
10,52,1961-09-15 00:00:00,-29.0,62.5,0.0,22.9662,964.0,1
10,53,1961-09-15 06:00:00,-30.0,62.0,0.0,22.9662,968.0,1
10,54,1961-09-15 12:00:00,-30.0,60.0,0.0,22.9662,972.0,1
10,55,1961-09-15 18:00:00,-29.0,57.0,0.0,20.6696,976.0,1
10,56,1961-09-16 00:00:00,-27.0,55.0,0.0,18.373,980.0,1
11,1,1961-09-05 00:00:00,-81.2,15.5,0.0,18.373,1002.0,1
11,2,1961-09-05 06:00:00,-82.1,15.9,0.0,18.373,999.0,1
11,3,1961-09-05 12:00:00,-82.7,16.3,0.0,20.6696,998.0,1
11,4,1961-09-05 18:00:00,-83.1,16.9,0.0,22.9662,993.0,1
11,5,1961-09-06 00:00:00,-83.6,17.4,0.0,25.2629,990.0,1
11,6,1961-09-06 06:00:00,-84.3,18.1,0.0,29.8561,987.0,1
11,7,1961-09-06 12:00:00,-85.1,18.7,0.0,34.4494,982.0,1
11,8,1961-09-06 18:00:00,-85.6,19.1,0.0,34.4494,981.0,1
11,9,1961-09-07 00:00:00,-85.8,19.5,0.0,34.4494,978.0,1
11,10,1961-09-07 06:00:00,-85.9,20.2,0.0,34.4494,982.0,1
11,11,1961-09-07 12:00:00,-85.9,21.0,0.0,36.746,979.0,1
11,12,1961-09-07 18:00:00,-86.3,21.7,0.0,39.0426,975.0,1
11,13,1961-09-08 00:00:00,-87.1,22.2,0.0,41.3392,972.0,1
11,14,1961-09-08 06:00:00,-87.8,22.8,0.0,43.6359,966.0,1
11,15,1961-09-08 12:00:00,-88.4,23.2,0.0,45.9325,961.0,1
11,16,1961-09-08 18:00:00,-89.0,23.4,0.0,45.9325,961.0,1
11,17,1961-09-09 00:00:00,-89.7,23.7,0.0,48.2291,954.0,1
11,18,1961-09-09 06:00:00,-90.3,24.1,0.0,48.2291,955.0,1
11,19,1961-09-09 12:00:00,-90.9,24.6,0.0,48.2291,954.0,1
11,20,1961-09-09 18:00:00,-91.7,25.1,0.0,50.5258,947.0,1
11,21,1961-09-10 00:00:00,-92.5,25.5,0.0,52.8224,938.0,1
11,22,1961-09-10 06:00:00,-93.2,26.0,0.0,52.8224,934.0,1
11,23,1961-09-10 12:00:00,-93.8,26.2,0.0,55.119,942.0,1
11,24,1961-09-10 18:00:00,-94.4,26.5,0.0,55.119,937.0,1
11,25,1961-09-11 00:00:00,-95.0,26.9,0.0,55.119,936.0,1
11,26,1961-09-11 06:00:00,-95.7,27.2,0.0,57.4156,927.0,1
11,27,1961-09-11 12:00:00,-96.0,27.6,0.0,57.4156,929.0,1
11,28,1961-09-11 18:00:00,-96.3,28.1,0.0,57.4156,931.0,1
11,29,1961-09-12 00:00:00,-96.7,28.7,0.0,45.9325,940.0,1
11,30,1961-09-12 06:00:00,-97.2,29.5,0.0,32.1527,955.0,1
11,31,1961-09-12 12:00:00,-97.6,30.5,0.0,22.9662,974.0,1
11,32,1961-09-12 18:00:00,-97.6,31.7,0.0,18.373,977.0,1
11,33,1961-09-16 18:00:00,-61.5,63.3,0.0,18.373,972.0,1
11,34,1961-09-17 00:00:00,-60.0,65.0,0.0,18.373,974.0,1
12,1,1961-09-06 12:00:00,-23.2,15.0,0.0,18.373,0.0,1
12,2,1961-09-06 18:00:00,-24.4,15.1,0.0,22.9662,0.0,1
12,3,1961-09-07 00:00:00,-25.6,15.2,0.0,29.8561,0.0,1
12,4,1961-09-07 06:00:00,-26.8,15.4,0.0,32.1527,0.0,1
12,5,1961-09-07 12:00:00,-28.1,15.7,0.0,32.1527,0.0,1
12,6,1961-09-07 18:00:00,-29.4,16.1,0.0,32.1527,0.0,1
12,7,1961-09-08 00:00:00,-30.7,16.5,0.0,32.1527,0.0,1
12,8,1961-09-08 06:00:00,-32.0,17.0,0.0,32.1527,0.0,1
12,9,1961-09-08 12:00:00,-33.2,17.5,0.0,32.1527,0.0,1
12,10,1961-09-08 18:00:00,-34.5,18.0,0.0,32.1527,0.0,1
12,11,1961-09-09 00:00:00,-35.7,18.5,0.0,32.1527,0.0,1
12,12,1961-09-09 06:00:00,-37.0,19.1,0.0,32.1527,0.0,1
12,13,1961-09-09 12:00:00,-38.2,19.7,0.0,32.1527,0.0,1
12,14,1961-09-09 18:00:00,-39.4,20.4,0.0,32.1527,0.0,1
12,15,1961-09-10 00:00:00,-40.6,21.2,0.0,32.1527,0.0,1
12,16,1961-09-10 06:00:00,-41.8,22.0,0.0,32.1527,0.0,1
12,17,1961-09-10 12:00:00,-43.0,22.8,0.0,34.4494,0.0,1
12,18,1961-09-10 18:00:00,-44.1,23.8,0.0,34.4494,0.0,1
12,19,1961-09-11 00:00:00,-45.0,25.0,0.0,34.4494,0.0,1
12,20,1961-09-11 06:00:00,-45.7,26.5,0.0,34.4494,0.0,1
12,21,1961-09-11 12:00:00,-46.0,27.9,0.0,36.746,0.0,1
12,22,1961-09-11 18:00:00,-46.1,29.2,0.0,36.746,976.0,1
12,23,1961-09-12 00:00:00,-46.1,30.4,0.0,36.746,0.0,1
12,24,1961-09-12 06:00:00,-46.0,31.5,0.0,36.746,0.0,1
12,25,1961-09-12 12:00:00,-45.8,32.3,0.0,36.746,975.0,1
12,26,1961-09-12 18:00:00,-45.6,33.1,0.0,34.4494,0.0,1
12,27,1961-09-13 00:00:00,-45.4,33.9,0.0,34.4494,0.0,1
12,28,1961-09-13 06:00:00,-45.0,34.6,0.0,32.1527,980.0,1
12,29,1961-09-13 12:00:00,-44.2,35.1,0.0,32.1527,0.0,1
12,30,1961-09-13 18:00:00,-43.0,35.5,0.0,32.1527,0.0,1
12,31,1961-09-14 00:00:00,-41.3,35.9,0.0,32.1527,0.0,1
12,32,1961-09-14 06:00:00,-39.4,36.2,0.0,32.1527,0.0,1
12,33,1961-09-14 12:00:00,-37.0,36.5,0.0,32.1527,0.0,1
12,34,1961-09-14 18:00:00,-34.4,37.0,0.0,32.1527,0.0,1
12,35,1961-09-15 00:00:00,-31.0,37.8,0.0,32.1527,0.0,1
12,36,1961-09-15 06:00:00,-26.4,39.5,0.0,32.1527,0.0,1
12,37,1961-09-15 12:00:00,-22.2,41.7,0.0,32.1527,0.0,1
12,38,1961-09-15 18:00:00,-18.2,44.6,0.0,32.1527,0.0,1
12,39,1961-09-16 00:00:00,-14.8,48.0,0.0,32.1527,0.0,1
12,40,1961-09-16 06:00:00,-11.6,51.7,0.0,34.4494,0.0,1
12,41,1961-09-16 12:00:00,-8.5,56.0,0.0,34.4494,961.0,1
12,42,1961-09-16 18:00:00,-5.8,60.5,0.0,34.4494,0.0,1
12,43,1961-09-17 00:00:00,-3.0,64.0,0.0,32.1527,0.0,1
12,44,1961-09-17 06:00:00,0.0,66.0,0.0,29.8561,0.0,1
12,45,1961-09-17 12:00:00,2.0,67.0,0.0,25.2629,0.0,1
12,46,1961-09-17 18:00:00,6.0,67.5,0.0,20.6696,0.0,1
12,47,1961-09-18 00:00:00,12.0,68.0,0.0,18.373,0.0,1
13,1,1961-09-11 00:00:00,-33.9,12.4,0.0,18.373,0.0,1
13,2,1961-09-11 06:00:00,-35.3,13.4,0.0,20.6696,0.0,1
13,3,1961-09-11 12:00:00,-36.7,14.4,0.0,22.9662,0.0,1
13,4,1961-09-11 18:00:00,-38.1,15.2,0.0,25.2629,0.0,1
13,5,1961-09-12 00:00:00,-39.4,16.0,0.0,27.5595,0.0,1
13,6,1961-09-12 06:00:00,-40.7,16.8,0.0,32.1527,0.0,1
13,7,1961-09-12 12:00:00,-42.0,17.6,0.0,36.746,0.0,1
13,8,1961-09-12 18:00:00,-43.1,18.4,0.0,41.3392,967.0,1
13,9,1961-09-13 00:00:00,-44.2,19.0,0.0,41.3392,968.0,1
13,10,1961-09-13 06:00:00,-45.3,19.4,0.0,41.3392,969.0,1
13,11,1961-09-13 12:00:00,-46.4,19.6,0.0,41.3392,0.0,1
13,12,1961-09-13 18:00:00,-47.4,19.8,0.0,41.3392,0.0,1
13,13,1961-09-14 00:00:00,-48.4,20.0,0.0,41.3392,0.0,1
13,14,1961-09-14 06:00:00,-49.4,20.2,0.0,41.3392,962.0,1
13,15,1961-09-14 12:00:00,-50.4,20.3,0.0,41.3392,964.0,1
13,16,1961-09-14 18:00:00,-51.3,20.5,0.0,41.3392,965.0,1
13,17,1961-09-15 00:00:00,-52.3,20.8,0.0,41.3392,967.0,1
13,18,1961-09-15 06:00:00,-53.6,21.2,0.0,41.3392,968.0,1
13,19,1961-09-15 12:00:00,-54.9,21.6,0.0,41.3392,966.0,1
13,20,1961-09-15 18:00:00,-56.2,21.8,0.0,43.6359,963.0,1
13,21,1961-09-16 00:00:00,-57.5,22.0,0.0,43.6359,960.0,1
13,22,1961-09-16 06:00:00,-58.9,22.3,0.0,48.2291,954.0,1
13,23,1961-09-16 12:00:00,-60.3,22.7,0.0,52.8224,948.0,1
13,24,1961-09-16 18:00:00,-61.5,23.3,0.0,59.7122,935.0,1
13,25,1961-09-17 00:00:00,-62.7,23.8,0.0,62.0089,930.0,1
13,26,1961-09-17 06:00:00,-63.9,24.1,0.0,64.3055,924.0,1
13,27,1961-09-17 12:00:00,-65.1,24.4,0.0,64.3055,928.0,1
13,28,1961-09-17 18:00:00,-66.2,24.9,0.0,64.3055,919.0,1
13,29,1961-09-18 00:00:00,-67.0,25.4,0.0,62.0089,928.0,1
13,30,1961-09-18 06:00:00,-67.9,26.1,0.0,57.4156,933.0,1
13,31,1961-09-18 12:00:00,-68.7,26.9,0.0,55.119,936.0,1
13,32,1961-09-18 18:00:00,-69.5,27.9,0.0,50.5258,943.0,1
13,33,1961-09-19 00:00:00,-70.2,29.0,0.0,48.2291,950.0,1
13,34,1961-09-19 06:00:00,-71.0,30.0,0.0,48.2291,949.0,1
13,35,1961-09-19 12:00:00,-71.9,30.9,0.0,48.2291,943.0,1
13,36,1961-09-19 18:00:00,-72.7,31.9,0.0,48.2291,950.0,1
13,37,1961-09-20 00:00:00,-73.1,32.9,0.0,48.2291,952.0,1
13,38,1961-09-20 06:00:00,-73.2,33.9,0.0,48.2291,956.0,1
13,39,1961-09-20 12:00:00,-73.3,35.0,0.0,48.2291,948.0,1
13,40,1961-09-20 18:00:00,-73.0,36.3,0.0,45.9325,953.0,1
13,41,1961-09-21 00:00:00,-72.6,37.8,0.0,41.3392,962.0,1
13,42,1961-09-21 06:00:00,-72.2,39.2,0.0,39.0426,967.0,1
13,43,1961-09-21 12:00:00,-71.5,40.4,0.0,34.4494,972.0,1
13,44,1961-09-21 18:00:00,-70.7,40.8,0.0,34.4494,0.0,1
13,45,1961-09-22 00:00:00,-70.0,40.8,0.0,34.4494,0.0,1
13,46,1961-09-22 06:00:00,-69.1,40.7,0.0,32.1527,0.0,1
13,47,1961-09-22 12:00:00,-67.9,40.2,0.0,29.8561,989.0,1
13,48,1961-09-22 18:00:00,-66.4,39.6,0.0,27.5595,991.0,1
13,49,1961-09-23 00:00:00,-65.2,38.8,0.0,27.5595,993.0,1
13,50,1961-09-23 06:00:00,-64.8,37.9,0.0,25.2629,0.0,1
13,51,1961-09-23 12:00:00,-65.0,37.0,0.0,22.9662,0.0,1
13,52,1961-09-23 18:00:00,-65.5,36.2,0.0,20.6696,0.0,1
13,53,1961-09-24 00:00:00,-66.1,35.9,0.0,20.6696,995.0,1
13,54,1961-09-24 06:00:00,-66.7,35.6,0.0,20.6696,0.0,1
13,55,1961-09-24 12:00:00,-67.4,35.7,0.0,20.6696,0.0,1
13,56,1961-09-24 18:00:00,-68.4,36.0,0.0,22.9662,0.0,1
13,57,1961-09-25 00:00:00,-69.4,36.3,0.0,22.9662,993.0,1
13,58,1961-09-25 06:00:00,-70.2,36.9,0.0,22.9662,992.0,1
13,59,1961-09-25 12:00:00,-70.8,37.9,0.0,22.9662,990.0,1
13,60,1961-09-25 18:00:00,-70.8,38.9,0.0,22.9662,990.0,1
13,61,1961-09-26 00:00:00,-70.5,40.0,0.0,22.9662,0.0,1
13,62,1961-09-26 06:00:00,-70.2,41.7,0.0,22.9662,0.0,1
14,1,1961-09-14 00:00:00,-78.2,31.3,0.0,18.373,0.0,1
14,2,1961-09-14 06:00:00,-78.1,33.0,0.0,18.373,0.0,1
14,3,1961-09-14 12:00:00,-77.6,34.4,0.0,18.373,0.0,1
14,4,1961-09-14 18:00:00,-76.6,36.0,0.0,18.373,0.0,1
14,5,1961-09-15 00:00:00,-75.3,38.3,0.0,22.9662,0.0,1
14,6,1961-09-15 06:00:00,-73.2,40.7,0.0,25.2629,996.0,1
14,7,1961-09-15 12:00:00,-70.1,44.1,0.0,27.5595,995.0,1
15,1,1961-09-30 12:00:00,-58.8,16.1,0.0,18.373,0.0,1
15,2,1961-09-30 18:00:00,-59.6,16.2,0.0,20.6696,1005.0,1
15,3,1961-10-01 00:00:00,-60.4,16.2,0.0,20.6696,0.0,1
15,4,1961-10-01 06:00:00,-61.2,16.2,0.0,22.9662,0.0,1
15,5,1961-10-01 12:00:00,-62.3,16.0,0.0,20.6696,0.0,1
15,6,1961-10-01 18:00:00,-63.3,15.9,0.0,18.373,0.0,1
15,7,1961-10-02 00:00:00,-64.2,16.0,0.0,18.373,1010.0,1
15,8,1961-10-02 06:00:00,-65.1,16.1,0.0,20.6696,1011.0,1
15,9,1961-10-02 12:00:00,-66.0,16.3,0.0,20.6696,1011.0,1
15,10,1961-10-02 18:00:00,-67.0,17.0,0.0,20.6696,1010.0,1
15,11,1961-10-03 00:00:00,-67.9,17.8,0.0,20.6696,0.0,1
15,12,1961-10-03 06:00:00,-68.7,18.6,0.0,20.6696,0.0,1
15,13,1961-10-03 12:00:00,-69.2,19.4,0.0,22.9662,0.0,1
15,14,1961-10-03 18:00:00,-69.6,20.5,0.0,22.9662,0.0,1
15,15,1961-10-04 00:00:00,-70.2,21.8,0.0,25.2629,1005.0,1
15,16,1961-10-04 06:00:00,-70.7,23.0,0.0,27.5595,1002.0,1
15,17,1961-10-04 12:00:00,-71.3,24.2,0.0,29.8561,999.0,1
15,18,1961-10-04 18:00:00,-71.6,25.4,0.0,29.8561,998.0,1
15,19,1961-10-05 00:00:00,-71.8,26.5,0.0,29.8561,997.0,1
15,20,1961-10-05 06:00:00,-71.4,27.5,0.0,34.4494,991.0,1
15,21,1961-10-05 12:00:00,-70.9,28.4,0.0,41.3392,973.0,1
15,22,1961-10-05 18:00:00,-70.3,29.1,0.0,45.9325,963.0,1
15,23,1961-10-06 00:00:00,-69.5,29.8,0.0,48.2291,960.0,1
15,24,1961-10-06 06:00:00,-68.8,30.5,0.0,48.2291,0.0,1
15,25,1961-10-06 12:00:00,-68.2,31.3,0.0,50.5258,0.0,1
15,26,1961-10-06 18:00:00,-67.4,32.1,0.0,50.5258,954.0,1
15,27,1961-10-07 00:00:00,-66.3,33.0,0.0,52.8224,948.0,1
15,28,1961-10-07 06:00:00,-65.2,34.0,0.0,52.8224,0.0,1
15,29,1961-10-07 12:00:00,-64.5,35.2,0.0,52.8224,0.0,1
15,30,1961-10-07 18:00:00,-64.2,36.5,0.0,50.5258,0.0,1
15,31,1961-10-08 00:00:00,-64.2,37.9,0.0,48.2291,0.0,1
15,32,1961-10-08 06:00:00,-64.7,39.1,0.0,43.6359,0.0,1
15,33,1961-10-08 12:00:00,-65.2,40.1,0.0,36.746,0.0,1
15,34,1961-10-08 18:00:00,-66.0,41.2,0.0,32.1527,0.0,1
15,35,1961-10-09 00:00:00,-67.0,42.2,0.0,27.5595,0.0,1
15,36,1961-10-09 06:00:00,-67.8,43.1,0.0,22.9662,0.0,1
15,37,1961-10-09 12:00:00,-68.0,43.5,0.0,20.6696,0.0,1
15,38,1961-10-09 18:00:00,-67.0,44.2,0.0,18.373,0.0,1
16,1,1961-10-18 18:00:00,-77.2,24.5,0.0,18.373,1003.0,1
16,2,1961-10-19 00:00:00,-76.3,25.6,0.0,18.373,1003.0,1
16,3,1961-10-19 06:00:00,-75.0,26.8,0.0,22.9662,1001.0,1
16,4,1961-10-19 12:00:00,-73.5,28.4,0.0,25.2629,999.0,1
16,5,1961-10-19 18:00:00,-71.8,30.3,0.0,27.5595,989.0,1
16,6,1961-10-20 00:00:00,-70.2,33.5,0.0,27.5595,989.0,1
16,7,1961-10-20 06:00:00,-68.8,37.0,0.0,27.5595,988.0,1
16,8,1961-10-20 12:00:00,-68.2,39.3,0.0,27.5595,0.0,1
16,9,1961-10-20 18:00:00,-67.5,40.7,0.0,27.5595,0.0,1
16,10,1961-10-21 00:00:00,-66.0,41.5,0.0,29.8561,0.0,1
16,11,1961-10-21 06:00:00,-64.5,42.4,0.0,27.5595,0.0,1
16,12,1961-10-21 12:00:00,-62.7,43.2,0.0,22.9662,994.0,1
16,13,1961-10-21 18:00:00,-61.2,44.0,0.0,20.6696,0.0,1
17,1,1961-10-27 06:00:00,-81.5,11.3,0.0,18.373,0.0,1
17,2,1961-10-27 12:00:00,-81.8,11.6,0.0,22.9662,0.0,1
17,3,1961-10-27 18:00:00,-81.8,12.0,0.0,27.5595,0.0,1
17,4,1961-10-28 00:00:00,-81.7,12.4,0.0,32.1527,0.0,1
17,5,1961-10-28 06:00:00,-81.7,12.9,0.0,36.746,0.0,1
17,6,1961-10-28 12:00:00,-81.6,13.5,0.0,41.3392,969.0,1
17,7,1961-10-28 18:00:00,-81.5,14.2,0.0,48.2291,956.0,1
17,8,1961-10-29 00:00:00,-81.4,15.0,0.0,50.5258,952.0,1
17,9,1961-10-29 06:00:00,-81.2,16.0,0.0,45.9325,960.0,1
17,10,1961-10-29 12:00:00,-81.3,16.9,0.0,45.9325,963.0,1
17,11,1961-10-29 18:00:00,-81.8,17.7,0.0,45.9325,956.0,1
17,12,1961-10-30 00:00:00,-82.5,18.1,0.0,45.9325,958.0,1
17,13,1961-10-30 06:00:00,-83.6,18.5,0.0,52.8224,942.0,1
17,14,1961-10-30 12:00:00,-84.4,18.4,0.0,55.119,937.0,1
17,15,1961-10-30 18:00:00,-85.2,18.2,0.0,62.0089,923.0,1
17,16,1961-10-31 00:00:00,-86.1,18.0,0.0,66.6021,914.0,1
17,17,1961-10-31 06:00:00,-87.2,17.5,0.0,62.0089,920.0,1
17,18,1961-10-31 12:00:00,-88.3,17.1,0.0,59.7122,924.0,1
17,19,1961-10-31 18:00:00,-89.3,16.8,0.0,34.4494,0.0,1
17,20,1961-11-01 00:00:00,-90.2,16.4,0.0,20.6696,0.0,1
18,1,1961-11-01 18:00:00,-94.4,14.3,0.0,20.6696,0.0,1
18,2,1961-11-02 00:00:00,-95.0,15.0,0.0,20.6696,0.0,1
19,1,1961-11-05 12:00:00,-43.5,26.5,0.0,18.373,0.0,1
19,2,1961-11-05 18:00:00,-44.0,27.4,0.0,20.6696,988.0,1
19,3,1961-11-06 00:00:00,-46.5,28.0,0.0,22.9662,0.0,1
19,4,1961-11-06 06:00:00,-49.1,28.3,0.0,25.2629,0.0,1
19,5,1961-11-06 12:00:00,-51.0,28.4,0.0,29.8561,0.0,1
19,6,1961-11-06 18:00:00,-52.2,28.5,0.0,32.1527,974.0,1
19,7,1961-11-07 00:00:00,-52.8,28.7,0.0,32.1527,0.0,1
19,8,1961-11-07 06:00:00,-53.2,29.0,0.0,29.8561,0.0,1
19,9,1961-11-07 12:00:00,-52.9,29.3,0.0,27.5595,0.0,1
19,10,1961-11-07 18:00:00,-52.3,29.7,0.0,27.5595,985.0,1
19,11,1961-11-08 00:00:00,-51.7,30.4,0.0,25.2629,0.0,1
19,12,1961-11-08 06:00:00,-51.0,31.1,0.0,22.9662,0.0,1
19,13,1961-11-08 12:00:00,-50.2,31.8,0.0,22.9662,0.0,1
19,14,1961-11-08 18:00:00,-49.2,32.4,0.0,20.6696,0.0,1
19,15,1961-11-09 00:00:00,-48.4,33.0,0.0,18.373,987.0,1
19,16,1961-11-09 06:00:00,-47.5,33.6,0.0,18.373,0.0,1
19,17,1961-11-09 18:00:00,-45.7,35.2,0.0,18.373,0.0,1
19,18,1961-11-10 00:00:00,-45.0,36.5,0.0,20.6696,0.0,1
19,19,1961-11-10 06:00:00,-44.3,38.2,0.0,22.9662,0.0,1
19,20,1961-11-10 12:00:00,-43.5,40.0,0.0,25.2629,0.0,1
19,21,1961-11-10 18:00:00,-43.0,43.0,0.0,25.2629,0.0,1
19,22,1961-11-11 00:00:00,-41.5,46.5,0.0,25.2629,0.0,1
19,23,1961-11-11 06:00:00,-39.0,49.0,0.0,20.6696,0.0,1
20,1,1961-11-04 00:00:00,-94.3,19.7,0.0,18.373,0.0,1
20,2,1961-11-04 06:00:00,-94.4,19.9,0.0,22.9662,0.0,1
20,3,1961-11-04 12:00:00,-94.5,20.1,0.0,27.5595,0.0,1
20,4,1961-11-04 18:00:00,-94.6,20.4,0.0,27.5595,0.0,1
20,5,1961-11-05 00:00:00,-94.9,20.9,0.0,27.5595,997.0,1
20,6,1961-11-05 06:00:00,-95.4,21.4,0.0,27.5595,997.0,1
20,7,1961-11-05 12:00:00,-95.9,22.0,0.0,27.5595,997.0,1
20,8,1961-11-05 18:00:00,-96.0,22.3,0.0,25.2629,998.0,1
20,9,1961-11-06 00:00:00,-95.9,22.3,0.0,22.9662,998.0,1
20,10,1961-11-06 06:00:00,-95.8,22.1,0.0,25.2629,0.0,1
20,11,1961-11-06 12:00:00,-95.7,21.7,0.0,25.2629,0.0,1
20,12,1961-11-06 18:00:00,-94.7,20.2,0.0,27.5595,1000.0,1
20,13,1961-11-07 00:00:00,-94.0,19.7,0.0,27.5595,1004.0,1
20,14,1961-11-07 06:00:00,-93.9,19.6,0.0,27.5595,1004.0,1
20,15,1961-11-07 12:00:00,-93.8,19.5,0.0,27.5595,1004.0,1
20,16,1961-11-07 18:00:00,-93.7,19.3,0.0,27.5595,1006.0,1
20,17,1961-11-08 00:00:00,-93.3,19.3,0.0,25.2629,0.0,1
20,18,1961-11-08 06:00:00,-92.7,19.3,0.0,25.2629,0.0,1
20,19,1961-11-08 12:00:00,-91.9,19.4,0.0,25.2629,0.0,1
21,1,1961-11-19 12:00:00,-47.5,29.5,0.0,18.373,0.0,1
21,2,1961-11-19 18:00:00,-46.0,31.4,0.0,18.373,0.0,1
21,3,1961-11-20 00:00:00,-44.5,33.0,0.0,18.373,0.0,1
21,4,1961-11-20 06:00:00,-42.5,34.5,0.0,18.373,0.0,1
21,5,1961-11-20 12:00:00,-41.0,35.4,0.0,20.6696,0.0,1
21,6,1961-11-20 18:00:00,-39.5,36.2,0.0,22.9662,0.0,1
21,7,1961-11-21 00:00:00,-38.2,37.0,0.0,22.9662,0.0,1
21,8,1961-11-21 06:00:00,-37.0,38.4,0.0,22.9662,0.0,1
22,1,1962-06-29 00:00:00,-77.7,32.2,0.0,18.373,0.0,1
22,2,1962-06-29 06:00:00,-77.0,32.4,0.0,18.373,0.0,1
22,3,1962-06-29 12:00:00,-76.2,32.7,0.0,18.373,0.0,1
22,4,1962-06-29 18:00:00,-75.6,33.2,0.0,20.6696,0.0,1
22,5,1962-06-30 00:00:00,-75.4,33.8,0.0,22.9662,0.0,1
22,6,1962-06-30 06:00:00,-75.7,34.4,0.0,22.9662,1000.0,1
22,7,1962-06-30 12:00:00,-76.1,35.0,0.0,25.2629,1000.0,1
22,8,1962-06-30 18:00:00,-76.0,35.4,0.0,25.2629,998.0,1
22,9,1962-07-01 00:00:00,-75.7,35.0,0.0,25.2629,999.0,1
22,10,1962-07-01 06:00:00,-75.1,34.8,0.0,22.9662,1000.0,1
22,11,1962-07-01 12:00:00,-74.1,35.0,0.0,22.9662,0.0,1
22,12,1962-07-01 18:00:00,-73.0,35.2,0.0,20.6696,0.0,1
22,13,1962-07-02 00:00:00,-71.0,35.4,0.0,20.6696,0.0,1
22,14,1962-07-02 06:00:00,-68.5,35.6,0.0,18.373,0.0,1
22,15,1962-07-02 12:00:00,-66.0,35.9,0.0,18.373,0.0,1
22,16,1962-07-02 18:00:00,-63.0,36.2,0.0,18.373,0.0,1
22,17,1962-07-03 00:00:00,-61.0,36.8,0.0,20.6696,0.0,1
22,18,1962-07-03 06:00:00,-58.5,38.0,0.0,20.6696,0.0,1
22,19,1962-07-03 12:00:00,-54.5,40.0,0.0,20.6696,0.0,1
22,20,1962-07-03 18:00:00,-52.3,43.7,0.0,20.6696,0.0,1
22,21,1962-07-04 00:00:00,-55.0,47.5,0.0,18.373,0.0,1
23,1,1962-08-27 06:00:00,-18.0,16.0,0.0,18.373,0.0,1
23,2,1962-08-27 12:00:00,-19.0,16.1,0.0,18.373,0.0,1
23,3,1962-08-27 18:00:00,-19.9,16.3,0.0,18.373,0.0,1
23,4,1962-08-28 00:00:00,-20.7,16.7,0.0,18.373,0.0,1
23,5,1962-08-28 06:00:00,-21.5,17.6,0.0,18.373,0.0,1
23,6,1962-08-28 12:00:00,-22.0,18.7,0.0,18.373,0.0,1
23,7,1962-08-28 18:00:00,-22.5,20.1,0.0,18.373,0.0,1
23,8,1962-08-29 00:00:00,-23.0,21.9,0.0,18.373,0.0,1
23,9,1962-08-29 06:00:00,-23.5,23.9,0.0,20.6696,0.0,1
23,10,1962-08-29 12:00:00,-24.2,25.5,0.0,22.9662,0.0,1
23,11,1962-08-29 18:00:00,-25.4,26.9,0.0,22.9662,0.0,1
23,12,1962-08-30 00:00:00,-27.0,28.1,0.0,22.9662,0.0,1
23,13,1962-08-30 06:00:00,-28.2,29.3,0.0,22.9662,0.0,1
23,14,1962-08-30 12:00:00,-28.8,30.7,0.0,22.9662,0.0,1
23,15,1962-08-30 18:00:00,-28.1,32.2,0.0,22.9662,0.0,1
23,16,1962-08-31 00:00:00,-27.0,33.8,0.0,22.9662,0.0,1
23,17,1962-08-31 06:00:00,-25.4,35.4,0.0,20.6696,0.0,1
23,18,1962-08-31 12:00:00,-23.8,37.0,0.0,18.373,0.0,1
24,1,1962-08-27 12:00:00,-79.7,30.4,0.0,18.373,1005.0,1
24,2,1962-08-27 18:00:00,-78.8,31.5,0.0,20.6696,1002.0,1
24,3,1962-08-28 00:00:00,-77.7,32.6,0.0,20.6696,1002.0,1
24,4,1962-08-28 06:00:00,-76.6,33.8,0.0,25.2629,1000.0,1
24,5,1962-08-28 12:00:00,-75.3,35.2,0.0,29.8561,995.0,1
24,6,1962-08-28 18:00:00,-73.5,36.9,0.0,34.4494,990.0,1
24,7,1962-08-29 00:00:00,-71.7,38.7,0.0,34.4494,988.0,1
24,8,1962-08-29 06:00:00,-70.2,40.1,0.0,34.4494,989.0,1
24,9,1962-08-29 12:00:00,-69.4,41.0,0.0,32.1527,990.0,1
24,10,1962-08-29 18:00:00,-68.7,41.5,0.0,29.8561,984.0,1
24,11,1962-08-30 00:00:00,-67.8,41.5,0.0,27.5595,0.0,1
24,12,1962-08-30 06:00:00,-66.9,41.3,0.0,25.2629,0.0,1
24,13,1962-08-30 12:00:00,-66.0,41.0,0.0,20.6696,0.0,1
24,14,1962-08-30 18:00:00,-65.1,40.8,0.0,18.373,0.0,1
24,15,1962-08-31 00:00:00,-64.3,40.4,0.0,18.373,0.0,1
24,16,1962-08-31 06:00:00,-64.0,39.9,0.0,18.373,0.0,1
24,17,1962-08-31 12:00:00,-63.8,39.1,0.0,18.373,0.0,1
25,1,1962-09-12 06:00:00,-46.8,16.0,0.0,18.373,0.0,1
25,2,1962-09-12 12:00:00,-47.7,16.2,0.0,20.6696,0.0,1
25,3,1962-09-12 18:00:00,-48.7,16.4,0.0,25.2629,0.0,1
25,4,1962-09-13 00:00:00,-49.9,16.6,0.0,27.5595,0.0,1
25,5,1962-09-13 06:00:00,-51.2,17.0,0.0,27.5595,0.0,1
25,6,1962-09-13 12:00:00,-52.6,17.5,0.0,27.5595,995.0,1
25,7,1962-09-13 18:00:00,-53.9,18.0,0.0,25.2629,0.0,1
25,8,1962-09-14 00:00:00,-55.1,18.4,0.0,22.9662,0.0,1
25,9,1962-09-14 06:00:00,-56.2,18.8,0.0,20.6696,1005.0,1
25,10,1962-09-14 12:00:00,-57.2,19.3,0.0,20.6696,1005.0,1
25,11,1962-09-14 18:00:00,-58.0,19.7,0.0,20.6696,0.0,1
25,12,1962-09-15 00:00:00,-58.8,20.2,0.0,18.373,0.0,1
25,13,1962-09-19 00:00:00,-52.0,29.4,0.0,18.373,0.0,1
25,14,1962-09-19 06:00:00,-52.3,29.2,0.0,20.6696,0.0,1
25,15,1962-09-19 12:00:00,-52.8,29.2,0.0,20.6696,0.0,1
25,16,1962-09-19 18:00:00,-53.6,29.3,0.0,20.6696,1005.0,1
25,17,1962-09-20 00:00:00,-54.4,29.6,0.0,18.373,0.0,1
25,18,1962-09-20 06:00:00,-55.1,30.5,0.0,18.373,0.0,1
25,19,1962-09-20 12:00:00,-55.5,31.5,0.0,18.373,1007.0,1
25,20,1962-09-20 18:00:00,-55.2,32.6,0.0,18.373,0.0,1
25,21,1962-09-21 00:00:00,-54.5,33.8,0.0,18.373,0.0,1
25,22,1962-09-21 06:00:00,-53.5,35.8,0.0,18.373,0.0,1
26,1,1962-10-02 18:00:00,-63.8,22.5,0.0,18.373,1004.0,1
26,2,1962-10-03 00:00:00,-64.5,22.8,0.0,20.6696,1003.0,1
26,3,1962-10-03 06:00:00,-65.1,23.1,0.0,22.9662,1002.0,1
26,4,1962-10-03 12:00:00,-65.6,23.3,0.0,22.9662,1000.0,1
26,5,1962-10-03 18:00:00,-66.2,23.6,0.0,25.2629,995.0,1
26,6,1962-10-04 00:00:00,-66.8,23.9,0.0,25.2629,994.0,1
26,7,1962-10-04 06:00:00,-67.4,24.1,0.0,27.5595,993.0,1
26,8,1962-10-04 12:00:00,-68.1,24.3,0.0,29.8561,992.0,1
26,9,1962-10-04 18:00:00,-68.8,24.7,0.0,32.1527,986.0,1
26,10,1962-10-05 00:00:00,-69.3,25.2,0.0,32.1527,985.0,1
26,11,1962-10-05 06:00:00,-69.6,26.0,0.0,32.1527,984.0,1
26,12,1962-10-05 12:00:00,-69.6,27.0,0.0,36.746,973.0,1
26,13,1962-10-05 18:00:00,-69.6,28.0,0.0,39.0426,969.0,1
26,14,1962-10-06 00:00:00,-69.3,29.2,0.0,39.0426,970.0,1
26,15,1962-10-06 06:00:00,-68.6,30.8,0.0,41.3392,968.0,1
26,16,1962-10-06 12:00:00,-67.9,32.6,0.0,41.3392,965.0,1
26,17,1962-10-06 18:00:00,-67.2,34.8,0.0,41.3392,968.0,1
26,18,1962-10-07 00:00:00,-66.3,37.5,0.0,41.3392,966.0,1
26,19,1962-10-07 06:00:00,-65.8,39.8,0.0,41.3392,963.0,1
26,20,1962-10-07 12:00:00,-66.4,42.0,0.0,41.3392,950.0,1
26,21,1962-10-07 18:00:00,-66.9,42.7,0.0,36.746,0.0,1
26,22,1962-10-08 00:00:00,-66.5,43.5,0.0,32.1527,0.0,1
26,23,1962-10-08 06:00:00,-64.8,44.1,0.0,29.8561,0.0,1
26,24,1962-10-08 12:00:00,-63.3,44.7,0.0,25.2629,0.0,1
26,25,1962-10-08 18:00:00,-61.5,45.3,0.0,22.9662,0.0,1
26,26,1962-10-09 00:00:00,-59.5,45.5,0.0,22.9662,0.0,1
26,27,1962-10-09 06:00:00,-54.9,46.0,0.0,22.9662,0.0,1
27,1,1962-10-15 18:00:00,-72.1,25.2,0.0,18.373,1002.0,1
27,2,1962-10-16 00:00:00,-72.2,25.7,0.0,18.373,1002.0,1
27,3,1962-10-16 06:00:00,-72.6,26.1,0.0,18.373,1002.0,1
27,4,1962-10-16 12:00:00,-73.2,26.3,0.0,20.6696,1002.0,1
27,5,1962-10-16 18:00:00,-74.0,26.4,0.0,20.6696,1002.0,1
27,6,1962-10-17 00:00:00,-74.8,26.6,0.0,22.9662,994.0,1
27,7,1962-10-17 06:00:00,-75.1,27.0,0.0,22.9662,997.0,1
27,8,1962-10-17 12:00:00,-75.2,27.5,0.0,25.2629,992.0,1
27,9,1962-10-17 18:00:00,-75.4,28.2,0.0,29.8561,989.0,1
27,10,1962-10-18 00:00:00,-75.5,29.0,0.0,29.8561,985.0,1
27,11,1962-10-18 06:00:00,-75.6,29.5,0.0,29.8561,981.0,1
27,12,1962-10-18 12:00:00,-75.8,29.8,0.0,32.1527,978.0,1
27,13,1962-10-18 18:00:00,-76.0,30.2,0.0,34.4494,973.0,1
27,14,1962-10-19 00:00:00,-76.0,30.6,0.0,34.4494,974.0,1
27,15,1962-10-19 06:00:00,-75.6,30.7,0.0,34.4494,973.0,1
27,16,1962-10-19 12:00:00,-74.6,30.7,0.0,36.746,969.0,1
27,17,1962-10-19 18:00:00,-73.6,31.1,0.0,41.3392,962.0,1
27,18,1962-10-20 00:00:00,-72.7,31.9,0.0,43.6359,960.0,1
27,19,1962-10-20 06:00:00,-71.8,33.0,0.0,41.3392,963.0,1
27,20,1962-10-20 12:00:00,-70.8,33.9,0.0,41.3392,960.0,1
27,21,1962-10-20 18:00:00,-69.7,34.5,0.0,39.0426,964.0,1
27,22,1962-10-21 00:00:00,-68.1,35.2,0.0,39.0426,0.0,1
27,23,1962-10-21 06:00:00,-66.3,36.0,0.0,36.746,0.0,1
27,24,1962-10-21 12:00:00,-64.5,36.7,0.0,36.746,961.0,1
27,25,1962-10-21 18:00:00,-62.6,37.5,0.0,36.746,958.0,1
27,26,1962-10-22 00:00:00,-59.9,39.5,0.0,34.4494,0.0,1
27,27,1962-10-22 06:00:00,-57.2,42.9,0.0,29.8561,0.0,1
27,28,1962-10-22 12:00:00,-54.0,46.0,0.0,27.5595,0.0,1
27,29,1962-10-22 18:00:00,-49.0,48.0,0.0,27.5595,0.0,1
27,30,1962-10-23 00:00:00,-45.1,51.0,0.0,27.5595,0.0,1
27,31,1962-10-23 06:00:00,-42.1,54.1,0.0,27.5595,0.0,1
27,32,1962-10-23 12:00:00,-39.0,55.5,0.0,27.5595,0.0,1
27,33,1962-10-23 18:00:00,-35.0,56.0,0.0,25.2629,0.0,1
27,34,1962-10-24 00:00:00,-31.0,57.0,0.0,22.9662,0.0,1
27,35,1962-10-24 06:00:00,-27.0,58.0,0.0,22.9662,0.0,1
27,36,1962-10-24 12:00:00,-23.0,59.0,0.0,22.9662,0.0,1
27,37,1962-10-24 18:00:00,-17.5,60.0,0.0,22.9662,0.0,1
27,38,1962-10-25 00:00:00,-10.5,60.5,0.0,22.9662,0.0,1
27,39,1962-10-25 06:00:00,-5.5,61.0,0.0,22.9662,0.0,1
28,1,1962-11-26 12:00:00,-73.0,33.0,0.0,32.1527,0.0,1
28,2,1962-11-26 18:00:00,-74.5,33.0,0.0,32.1527,0.0,1
28,3,1962-11-27 00:00:00,-75.7,32.7,0.0,32.1527,0.0,1
28,4,1962-11-27 06:00:00,-76.4,32.0,0.0,32.1527,0.0,1
28,5,1962-11-27 12:00:00,-76.6,31.3,0.0,29.8561,0.0,1
28,6,1962-11-27 18:00:00,-76.2,30.2,0.0,29.8561,0.0,1
28,7,1962-11-28 00:00:00,-75.6,29.1,0.0,29.8561,992.0,1
28,8,1962-11-28 06:00:00,-74.5,28.8,0.0,29.8561,0.0,1
28,9,1962-11-28 12:00:00,-73.2,28.8,0.0,27.5595,0.0,1
28,10,1962-11-28 18:00:00,-72.2,29.5,0.0,27.5595,997.0,1
28,11,1962-11-29 00:00:00,-71.6,30.3,0.0,25.2629,0.0,1
28,12,1962-11-29 06:00:00,-71.4,30.8,0.0,25.2629,0.0,1
28,13,1962-11-29 12:00:00,-71.7,31.0,0.0,22.9662,0.0,1
28,14,1962-11-29 18:00:00,-72.2,31.0,0.0,22.9662,0.0,1
28,15,1962-11-30 00:00:00,-72.8,30.8,0.0,22.9662,0.0,1
28,16,1962-11-30 06:00:00,-73.6,30.5,0.0,25.2629,0.0,1
28,17,1962-11-30 12:00:00,-74.2,30.5,0.0,25.2629,0.0,1
28,18,1962-11-30 18:00:00,-74.4,31.0,0.0,27.5595,0.0,1
28,19,1962-12-01 00:00:00,-74.4,31.7,0.0,29.8561,0.0,1
28,20,1962-12-01 06:00:00,-74.0,32.4,0.0,32.1527,0.0,1
28,21,1962-12-01 12:00:00,-73.7,33.0,0.0,34.4494,0.0,1
28,22,1962-12-01 18:00:00,-74.3,33.7,0.0,36.746,0.0,1
28,23,1962-12-02 00:00:00,-74.9,34.3,0.0,36.746,0.0,1
28,24,1962-12-02 06:00:00,-75.3,34.1,0.0,34.4494,992.0,1
28,25,1962-12-02 12:00:00,-75.5,33.7,0.0,32.1527,992.0,1
28,26,1962-12-02 18:00:00,-75.8,33.1,0.0,29.8561,991.0,1
28,27,1962-12-03 00:00:00,-76.0,32.6,0.0,27.5595,0.0,1
28,28,1962-12-03 06:00:00,-75.5,32.1,0.0,25.2629,0.0,1
28,29,1962-12-03 12:00:00,-74.9,32.0,0.0,22.9662,0.0,1
28,30,1962-12-03 18:00:00,-74.4,32.5,0.0,22.9662,0.0,1
28,31,1962-12-04 00:00:00,-74.2,33.0,0.0,22.9662,0.0,1
28,32,1962-12-04 06:00:00,-74.0,33.3,0.0,22.9662,0.0,1
28,33,1962-12-04 12:00:00,-73.7,33.8,0.0,22.9662,0.0,1
28,34,1962-12-04 18:00:00,-73.0,34.6,0.0,25.2629,992.0,1
28,35,1962-12-05 00:00:00,-72.0,35.6,0.0,27.5595,0.0,1
28,36,1962-12-05 06:00:00,-71.0,36.4,0.0,29.8561,0.0,1
28,37,1962-12-05 12:00:00,-69.9,37.0,0.0,32.1527,0.0,1
28,38,1962-12-05 18:00:00,-68.7,37.6,0.0,32.1527,0.0,1
28,39,1962-12-06 00:00:00,-67.0,38.0,0.0,27.5595,0.0,1
28,40,1962-12-06 06:00:00,-65.2,38.5,0.0,22.9662,0.0,1
29,1,1963-06-02 12:00:00,-75.2,29.8,0.0,18.373,0.0,1
29,2,1963-06-02 18:00:00,-75.2,31.1,0.0,18.373,0.0,1
29,3,1963-06-03 00:00:00,-75.4,32.5,0.0,20.6696,1008.0,1
29,4,1963-06-03 06:00:00,-75.6,34.4,0.0,22.9662,1000.0,1
29,5,1963-06-03 12:00:00,-75.9,36.4,0.0,22.9662,1002.0,1
29,6,1963-06-03 18:00:00,-76.2,38.2,0.0,18.373,1003.0,1
30,1,1963-08-02 00:00:00,-46.1,11.8,0.0,18.373,0.0,1
30,2,1963-08-02 06:00:00,-47.4,12.4,0.0,22.9662,0.0,1
30,3,1963-08-02 12:00:00,-48.7,13.3,0.0,25.2629,0.0,1
30,4,1963-08-02 18:00:00,-49.9,14.3,0.0,27.5595,987.0,1
30,5,1963-08-03 00:00:00,-51.1,14.9,0.0,25.2629,996.0,1
30,6,1963-08-03 06:00:00,-52.4,15.2,0.0,22.9662,998.0,1
30,7,1963-08-03 12:00:00,-53.9,15.5,0.0,20.6696,1000.0,1
30,8,1963-08-03 18:00:00,-55.3,15.9,0.0,20.6696,0.0,1
30,9,1963-08-04 00:00:00,-56.7,16.3,0.0,18.373,0.0,1
30,10,1963-08-04 06:00:00,-58.0,17.0,0.0,18.373,0.0,1
30,11,1963-08-08 00:00:00,-70.4,27.5,0.0,20.6696,0.0,1
30,12,1963-08-08 06:00:00,-70.3,27.9,0.0,25.2629,0.0,1
30,13,1963-08-08 12:00:00,-69.9,28.3,0.0,29.8561,992.0,1
30,14,1963-08-08 18:00:00,-69.3,28.7,0.0,34.4494,981.0,1
30,15,1963-08-09 00:00:00,-68.5,29.3,0.0,34.4494,0.0,1
30,16,1963-08-09 06:00:00,-67.6,30.0,0.0,36.746,0.0,1
30,17,1963-08-09 12:00:00,-66.2,31.3,0.0,41.3392,979.0,1
30,18,1963-08-09 18:00:00,-64.0,32.8,0.0,45.9325,970.0,1
30,19,1963-08-10 00:00:00,-61.5,34.7,0.0,45.9325,969.0,1
30,20,1963-08-10 06:00:00,-59.0,36.4,0.0,43.6359,977.0,1
30,21,1963-08-10 12:00:00,-56.3,38.2,0.0,39.0426,985.0,1
30,22,1963-08-10 18:00:00,-54.0,40.0,0.0,34.4494,0.0,1
30,23,1963-08-11 00:00:00,-51.6,42.0,0.0,29.8561,0.0,1
30,24,1963-08-11 06:00:00,-49.0,43.5,0.0,25.2629,0.0,1
30,25,1963-08-11 12:00:00,-45.8,44.4,0.0,22.9662,0.0,1
30,26,1963-08-11 18:00:00,-42.5,45.2,0.0,20.6696,0.0,1
30,27,1963-08-12 00:00:00,-40.0,45.2,0.0,20.6696,0.0,1
30,28,1963-08-12 06:00:00,-37.5,45.0,0.0,18.373,0.0,1
31,1,1963-08-21 12:00:00,-53.7,16.0,0.0,18.373,0.0,1
31,2,1963-08-21 18:00:00,-54.6,16.5,0.0,20.6696,1005.0,1
31,3,1963-08-22 00:00:00,-55.4,16.9,0.0,20.6696,0.0,1
31,4,1963-08-22 06:00:00,-56.0,17.3,0.0,25.2629,0.0,1
31,5,1963-08-22 12:00:00,-56.9,17.9,0.0,27.5595,994.0,1
31,6,1963-08-22 18:00:00,-57.8,18.7,0.0,29.8561,993.0,1
31,7,1963-08-23 00:00:00,-58.3,19.6,0.0,32.1527,991.0,1
31,8,1963-08-23 06:00:00,-58.8,20.5,0.0,36.746,977.0,1
31,9,1963-08-23 12:00:00,-59.1,21.3,0.0,41.3392,970.0,1
31,10,1963-08-23 18:00:00,-59.2,22.0,0.0,43.6359,963.0,1
31,11,1963-08-24 00:00:00,-59.4,22.6,0.0,43.6359,962.0,1
31,12,1963-08-24 06:00:00,-59.6,23.1,0.0,48.2291,958.0,1
31,13,1963-08-24 12:00:00,-59.7,23.7,0.0,45.9325,961.0,1
31,14,1963-08-24 18:00:00,-59.8,24.3,0.0,45.9325,961.0,1
31,15,1963-08-25 00:00:00,-60.0,24.8,0.0,41.3392,0.0,1
31,16,1963-08-25 06:00:00,-60.2,25.6,0.0,36.746,0.0,1
31,17,1963-08-25 12:00:00,-60.3,26.6,0.0,34.4494,972.0,1
31,18,1963-08-25 18:00:00,-60.4,27.8,0.0,32.1527,976.0,1
31,19,1963-08-26 00:00:00,-60.1,29.0,0.0,32.1527,978.0,1
31,20,1963-08-26 06:00:00,-59.3,30.4,0.0,32.1527,981.0,1
31,21,1963-08-26 12:00:00,-58.3,31.6,0.0,32.1527,983.0,1
31,22,1963-08-26 18:00:00,-57.0,32.9,0.0,32.1527,979.0,1
31,23,1963-08-27 00:00:00,-55.3,34.5,0.0,32.1527,0.0,1
31,24,1963-08-27 06:00:00,-53.6,36.3,0.0,32.1527,0.0,1
31,25,1963-08-27 12:00:00,-52.3,38.4,0.0,32.1527,0.0,1
31,26,1963-08-27 18:00:00,-51.0,41.6,0.0,32.1527,0.0,1
31,27,1963-08-28 00:00:00,-48.3,45.8,0.0,32.1527,0.0,1
31,28,1963-08-28 06:00:00,-44.9,49.4,0.0,29.8561,0.0,1
31,29,1963-08-28 12:00:00,-41.0,51.8,0.0,27.5595,0.0,1
31,30,1963-08-28 18:00:00,-37.0,54.0,0.0,27.5595,0.0,1
31,31,1963-08-29 00:00:00,-34.0,55.0,0.0,25.2629,0.0,1
31,32,1963-08-29 06:00:00,-30.0,56.0,0.0,25.2629,0.0,1
31,33,1963-08-29 12:00:00,-25.0,56.4,0.0,25.2629,0.0,1
31,34,1963-08-29 18:00:00,-21.0,56.7,0.0,25.2629,0.0,1
31,35,1963-08-30 00:00:00,-17.0,57.0,0.0,25.2629,0.0,1
31,36,1963-08-30 06:00:00,-14.0,57.2,0.0,25.2629,0.0,1
31,37,1963-08-30 12:00:00,-11.0,57.2,0.0,25.2629,0.0,1
31,38,1963-08-30 18:00:00,-8.5,56.0,0.0,25.2629,0.0,1
31,39,1963-08-31 00:00:00,-7.0,54.5,0.0,27.5595,0.0,1
31,40,1963-08-31 06:00:00,-6.0,52.5,0.0,27.5595,0.0,1
31,41,1963-08-31 12:00:00,-5.0,51.0,0.0,27.5595,0.0,1
31,42,1963-08-31 18:00:00,-4.0,50.0,0.0,27.5595,0.0,1
31,43,1963-09-01 00:00:00,-3.0,49.0,0.0,25.2629,0.0,1
31,44,1963-09-01 06:00:00,-2.0,48.5,0.0,22.9662,0.0,1
31,45,1963-09-01 12:00:00,-1.0,48.5,0.0,20.6696,0.0,1
31,46,1963-09-01 18:00:00,-0.5,49.0,0.0,18.373,0.0,1
32,1,1963-09-11 06:00:00,-60.0,35.8,0.0,18.373,0.0,1
32,2,1963-09-11 12:00:00,-57.6,36.4,0.0,22.9662,0.0,1
32,3,1963-09-11 18:00:00,-55.3,36.9,0.0,27.5595,996.0,1
32,4,1963-09-12 00:00:00,-53.8,37.4,0.0,29.8561,0.0,1
32,5,1963-09-12 06:00:00,-52.9,37.7,0.0,32.1527,0.0,1
32,6,1963-09-12 12:00:00,-52.2,37.9,0.0,32.1527,0.0,1
32,7,1963-09-12 18:00:00,-51.4,38.3,0.0,29.8561,990.0,1
32,8,1963-09-13 00:00:00,-50.5,39.0,0.0,27.5595,0.0,1
32,9,1963-09-13 06:00:00,-49.4,40.2,0.0,25.2629,0.0,1
32,10,1963-09-13 12:00:00,-48.1,41.6,0.0,22.9662,0.0,1
32,11,1963-09-13 18:00:00,-46.6,43.5,0.0,22.9662,0.0,1
32,12,1963-09-14 00:00:00,-43.8,45.7,0.0,22.9662,0.0,1
32,13,1963-09-14 06:00:00,-39.9,47.8,0.0,22.9662,0.0,1
32,14,1963-09-14 12:00:00,-35.2,49.8,0.0,22.9662,0.0,1
33,1,1963-09-16 12:00:00,-93.7,26.7,0.0,18.373,0.0,1
33,2,1963-09-16 18:00:00,-93.8,27.3,0.0,22.9662,0.0,1
33,3,1963-09-17 00:00:00,-93.9,28.0,0.0,25.2629,996.0,1
33,4,1963-09-17 06:00:00,-94.1,28.7,0.0,25.2629,997.0,1
33,5,1963-09-17 12:00:00,-94.3,29.4,0.0,25.2629,997.0,1
33,6,1963-09-17 18:00:00,-94.5,29.8,0.0,22.9662,996.0,1
33,7,1963-09-18 00:00:00,-94.7,30.0,0.0,18.373,0.0,1
34,1,1963-09-20 00:00:00,-42.6,16.4,0.0,18.373,0.0,1
34,2,1963-09-20 06:00:00,-44.0,17.2,0.0,20.6696,0.0,1
34,3,1963-09-20 12:00:00,-45.3,18.0,0.0,22.9662,0.0,1
34,4,1963-09-20 18:00:00,-46.7,18.9,0.0,22.9662,0.0,1
34,5,1963-09-21 00:00:00,-47.9,19.9,0.0,22.9662,0.0,1
34,6,1963-09-21 06:00:00,-48.5,21.0,0.0,22.9662,0.0,1
34,7,1963-09-21 12:00:00,-48.8,22.1,0.0,25.2629,0.0,1
34,8,1963-09-21 18:00:00,-48.9,23.1,0.0,29.8561,1000.0,1
34,9,1963-09-22 00:00:00,-48.9,23.8,0.0,29.8561,0.0,1
34,10,1963-09-22 06:00:00,-48.8,24.6,0.0,29.8561,0.0,1
34,11,1963-09-22 12:00:00,-48.7,25.3,0.0,29.8561,1002.0,1
34,12,1963-09-22 18:00:00,-48.5,25.8,0.0,27.5595,999.0,1
34,13,1963-09-23 00:00:00,-48.2,26.5,0.0,27.5595,0.0,1
34,14,1963-09-23 06:00:00,-47.9,27.2,0.0,25.2629,0.0,1
34,15,1963-09-23 12:00:00,-47.7,28.0,0.0,22.9662,0.0,1
34,16,1963-09-23 18:00:00,-47.5,28.8,0.0,22.9662,999.0,1
34,17,1963-09-24 00:00:00,-47.8,30.2,0.0,18.373,0.0,1
35,1,1963-09-24 06:00:00,-55.0,12.5,0.0,18.373,1005.0,1
35,2,1963-09-24 12:00:00,-56.5,12.8,0.0,22.9662,1004.0,1
35,3,1963-09-24 18:00:00,-58.1,13.2,0.0,29.8561,0.0,1
35,4,1963-09-25 00:00:00,-59.5,13.6,0.0,39.0426,0.0,1
35,5,1963-09-25 06:00:00,-60.7,13.9,0.0,39.0426,0.0,1
35,6,1963-09-25 12:00:00,-61.8,14.3,0.0,36.746,993.0,1
35,7,1963-09-25 18:00:00,-62.9,14.7,0.0,36.746,990.0,1
35,8,1963-09-26 00:00:00,-64.1,15.0,0.0,32.1527,994.0,1
35,9,1963-09-26 06:00:00,-65.4,15.3,0.0,27.5595,998.0,1
35,10,1963-09-26 12:00:00,-66.6,15.8,0.0,25.2629,1000.0,1
35,11,1963-09-26 18:00:00,-67.3,16.8,0.0,25.2629,1000.0,1
35,12,1963-09-27 00:00:00,-67.9,17.7,0.0,29.8561,992.0,1
35,13,1963-09-27 06:00:00,-68.7,18.1,0.0,27.5595,996.0,1
35,14,1963-09-27 12:00:00,-69.4,18.6,0.0,25.2629,997.0,1
35,15,1963-09-27 18:00:00,-70.1,19.4,0.0,22.9662,999.0,1
35,16,1963-09-28 00:00:00,-70.5,20.0,0.0,20.6696,0.0,1
35,17,1963-09-28 06:00:00,-70.9,20.5,0.0,18.373,0.0,1
35,18,1963-09-28 12:00:00,-71.5,21.1,0.0,18.373,0.0,1
36,1,1963-09-29 12:00:00,-52.8,10.0,0.0,18.373,0.0,1
36,2,1963-09-29 18:00:00,-54.4,10.1,0.0,25.2629,0.0,1
36,3,1963-09-30 00:00:00,-56.0,10.3,0.0,32.1527,0.0,1
36,4,1963-09-30 06:00:00,-57.6,10.4,0.0,34.4494,0.0,1
36,5,1963-09-30 12:00:00,-59.1,10.7,0.0,32.1527,994.0,1
36,6,1963-09-30 18:00:00,-60.7,11.2,0.0,41.3392,974.0,1
36,7,1963-10-01 00:00:00,-62.0,11.6,0.0,41.3392,975.0,1
36,8,1963-10-01 06:00:00,-63.3,12.0,0.0,41.3392,0.0,1
36,9,1963-10-01 12:00:00,-64.7,12.5,0.0,41.3392,0.0,1
36,10,1963-10-01 18:00:00,-66.0,13.0,0.0,43.6359,967.0,1
36,11,1963-10-02 00:00:00,-67.3,13.6,0.0,45.9325,962.0,1
36,12,1963-10-02 06:00:00,-68.3,14.2,0.0,48.2291,956.0,1
36,13,1963-10-02 12:00:00,-69.2,14.7,0.0,48.2291,957.0,1
36,14,1963-10-02 18:00:00,-70.0,15.1,0.0,48.2291,957.0,1
36,15,1963-10-03 00:00:00,-70.7,15.5,0.0,50.5258,0.0,1
36,16,1963-10-03 06:00:00,-71.4,15.9,0.0,55.119,0.0,1
36,17,1963-10-03 12:00:00,-72.0,16.5,0.0,57.4156,0.0,1
36,18,1963-10-03 18:00:00,-72.5,17.2,0.0,59.7122,933.0,1
36,19,1963-10-04 00:00:00,-72.9,18.1,0.0,59.7122,0.0,1
36,20,1963-10-04 06:00:00,-73.8,18.8,0.0,48.2291,0.0,1
36,21,1963-10-04 12:00:00,-74.4,19.4,0.0,48.2291,970.0,1
36,22,1963-10-04 18:00:00,-74.9,20.0,0.0,48.2291,973.0,1
36,23,1963-10-05 00:00:00,-75.7,20.6,0.0,45.9325,0.0,1
36,24,1963-10-05 06:00:00,-76.4,20.7,0.0,39.0426,0.0,1
36,25,1963-10-05 12:00:00,-76.6,20.5,0.0,34.4494,0.0,1
36,26,1963-10-05 18:00:00,-76.7,20.3,0.0,32.1527,0.0,1
36,27,1963-10-06 00:00:00,-77.1,20.4,0.0,34.4494,0.0,1
36,28,1963-10-06 06:00:00,-77.6,20.4,0.0,39.0426,0.0,1
36,29,1963-10-06 12:00:00,-77.8,20.4,0.0,39.0426,0.0,1
36,30,1963-10-06 18:00:00,-78.0,20.5,0.0,39.0426,0.0,1
36,31,1963-10-07 00:00:00,-78.1,20.7,0.0,39.0426,0.0,1
36,32,1963-10-07 06:00:00,-78.1,20.9,0.0,34.4494,0.0,1
36,33,1963-10-07 12:00:00,-78.1,21.1,0.0,32.1527,0.0,1
36,34,1963-10-07 18:00:00,-78.0,21.3,0.0,27.5595,0.0,1
36,35,1963-10-08 00:00:00,-77.8,21.3,0.0,27.5595,0.0,1
36,36,1963-10-08 06:00:00,-77.0,21.1,0.0,25.2629,0.0,1
36,37,1963-10-08 12:00:00,-76.2,21.1,0.0,22.9662,0.0,1
36,38,1963-10-08 18:00:00,-75.4,21.3,0.0,29.8561,0.0,1
36,39,1963-10-09 00:00:00,-74.3,21.7,0.0,34.4494,983.0,1
36,40,1963-10-09 06:00:00,-72.9,22.3,0.0,39.0426,977.0,1
36,41,1963-10-09 12:00:00,-71.6,23.3,0.0,43.6359,966.0,1
36,42,1963-10-09 18:00:00,-70.0,24.6,0.0,43.6359,965.0,1
36,43,1963-10-10 00:00:00,-68.3,25.8,0.0,43.6359,965.0,1
36,44,1963-10-10 06:00:00,-66.5,26.9,0.0,43.6359,967.0,1
36,45,1963-10-10 12:00:00,-64.8,28.0,0.0,41.3392,969.0,1
36,46,1963-10-10 18:00:00,-62.4,29.9,0.0,41.3392,972.0,1
36,47,1963-10-11 00:00:00,-59.8,32.2,0.0,41.3392,968.0,1
36,48,1963-10-11 06:00:00,-58.3,34.2,0.0,41.3392,970.0,1
36,49,1963-10-11 12:00:00,-57.0,36.2,0.0,41.3392,963.0,1
36,50,1963-10-11 18:00:00,-56.0,38.1,0.0,41.3392,0.0,1
36,51,1963-10-12 00:00:00,-55.0,39.8,0.0,41.3392,0.0,1
36,52,1963-10-12 06:00:00,-54.0,41.5,0.0,39.0426,0.0,1
36,53,1963-10-12 12:00:00,-51.2,43.0,0.0,36.746,0.0,1
36,54,1963-10-12 18:00:00,-47.5,44.5,0.0,34.4494,0.0,1
36,55,1963-10-13 00:00:00,-44.5,46.0,0.0,32.1527,0.0,1
36,56,1963-10-13 06:00:00,-44.0,49.0,0.0,32.1527,0.0,1
36,57,1963-10-13 12:00:00,-43.0,53.0,0.0,32.1527,0.0,1
36,58,1963-10-13 18:00:00,-40.5,54.5,0.0,32.1527,0.0,1
36,59,1963-10-14 00:00:00,-39.0,57.0,0.0,32.1527,0.0,1
36,60,1963-10-14 06:00:00,-37.0,60.5,0.0,29.8561,0.0,1
36,61,1963-10-14 12:00:00,-33.0,62.5,0.0,29.8561,0.0,1
36,62,1963-10-14 18:00:00,-30.0,64.0,0.0,27.5595,0.0,1
36,63,1963-10-15 00:00:00,-31.0,65.0,0.0,25.2629,0.0,1
36,64,1963-10-15 06:00:00,-32.0,64.5,0.0,22.9662,0.0,1
36,65,1963-10-15 12:00:00,-32.0,64.0,0.0,20.6696,0.0,1
36,66,1963-10-15 18:00:00,-32.0,63.8,0.0,18.373,0.0,1
37,1,1963-10-19 12:00:00,-71.8,30.8,0.0,20.6696,0.0,1
37,2,1963-10-19 18:00:00,-72.6,32.0,0.0,25.2629,992.0,1
37,3,1963-10-20 00:00:00,-73.5,32.8,0.0,27.5595,989.0,1
37,4,1963-10-20 06:00:00,-74.3,33.4,0.0,27.5595,986.0,1
37,5,1963-10-20 12:00:00,-75.0,33.5,0.0,29.8561,983.0,1
37,6,1963-10-20 18:00:00,-75.5,33.7,0.0,32.1527,0.0,1
37,7,1963-10-21 00:00:00,-75.5,34.0,0.0,34.4494,0.0,1
37,8,1963-10-21 06:00:00,-75.0,34.2,0.0,36.746,0.0,1
37,9,1963-10-21 12:00:00,-74.6,34.0,0.0,36.746,0.0,1
37,10,1963-10-21 18:00:00,-74.2,33.6,0.0,36.746,0.0,1
37,11,1963-10-22 00:00:00,-74.0,33.0,0.0,34.4494,0.0,1
37,12,1963-10-22 06:00:00,-74.4,32.2,0.0,32.1527,0.0,1
37,13,1963-10-22 12:00:00,-74.8,31.5,0.0,29.8561,0.0,1
37,14,1963-10-22 18:00:00,-75.3,30.8,0.0,29.8561,989.0,1
37,15,1963-10-23 00:00:00,-76.0,30.2,0.0,29.8561,991.0,1
37,16,1963-10-23 06:00:00,-76.9,29.6,0.0,29.8561,988.0,1
37,17,1963-10-23 12:00:00,-77.7,29.0,0.0,29.8561,990.0,1
37,18,1963-10-23 18:00:00,-78.2,28.8,0.0,29.8561,990.0,1
37,19,1963-10-24 00:00:00,-78.6,28.8,0.0,32.1527,988.0,1
37,20,1963-10-24 06:00:00,-79.0,29.0,0.0,32.1527,989.0,1
37,21,1963-10-24 12:00:00,-79.5,29.3,0.0,32.1527,990.0,1
37,22,1963-10-24 18:00:00,-79.7,29.7,0.0,32.1527,985.0,1
37,23,1963-10-25 00:00:00,-79.7,30.4,0.0,34.4494,982.0,1
37,24,1963-10-25 06:00:00,-79.7,31.1,0.0,36.746,979.0,1
37,25,1963-10-25 12:00:00,-79.6,31.8,0.0,36.746,976.0,1
37,26,1963-10-25 18:00:00,-79.0,32.1,0.0,32.1527,985.0,1
37,27,1963-10-26 00:00:00,-78.2,32.5,0.0,32.1527,985.0,1
37,28,1963-10-26 06:00:00,-77.5,33.1,0.0,32.1527,983.0,1
37,29,1963-10-26 12:00:00,-76.9,33.2,0.0,32.1527,986.0,1
37,30,1963-10-26 18:00:00,-76.5,33.0,0.0,34.4494,978.0,1
37,31,1963-10-27 00:00:00,-76.2,32.9,0.0,34.4494,979.0,1
37,32,1963-10-27 06:00:00,-75.9,32.9,0.0,36.746,972.0,1
37,33,1963-10-27 12:00:00,-75.4,32.9,0.0,36.746,974.0,1
37,34,1963-10-27 18:00:00,-74.6,32.7,0.0,36.746,975.0,1
37,35,1963-10-28 00:00:00,-73.7,32.7,0.0,39.0426,970.0,1
37,36,1963-10-28 06:00:00,-73.0,33.2,0.0,39.0426,969.0,1
37,37,1963-10-28 12:00:00,-72.3,33.9,0.0,41.3392,968.0,1
37,38,1963-10-28 18:00:00,-71.5,35.1,0.0,43.6359,963.0,1
37,39,1963-10-29 00:00:00,-70.3,36.3,0.0,43.6359,0.0,1
37,40,1963-10-29 06:00:00,-68.8,38.1,0.0,43.6359,0.0,1
37,41,1963-10-29 12:00:00,-67.2,40.8,0.0,43.6359,948.0,1
37,42,1963-10-29 18:00:00,-65.7,44.0,0.0,41.3392,948.0,1
37,43,1963-10-30 00:00:00,-64.0,47.0,0.0,32.1527,0.0,1
37,44,1963-10-30 06:00:00,-63.0,49.0,0.0,22.9662,0.0,1
38,1,1963-10-25 18:00:00,-59.5,15.2,0.0,18.373,1005.0,1
38,2,1963-10-26 00:00:00,-60.1,15.4,0.0,18.373,0.0,1
38,3,1963-10-26 06:00:00,-60.6,15.5,0.0,18.373,0.0,1
38,4,1963-10-26 12:00:00,-61.2,15.6,0.0,18.373,1004.0,1
38,5,1963-10-26 18:00:00,-61.6,15.7,0.0,18.373,1005.0,1
38,6,1963-10-27 12:00:00,-62.2,16.1,0.0,18.373,0.0,1
38,7,1963-10-27 18:00:00,-62.2,16.5,0.0,20.6696,1002.0,1
38,8,1963-10-28 00:00:00,-62.0,16.9,0.0,20.6696,0.0,1
38,9,1963-10-28 06:00:00,-61.4,17.2,0.0,18.373,0.0,1
39,1,1964-06-07 06:00:00,-79.8,31.0,0.0,18.373,0.0,1
39,2,1964-06-07 12:00:00,-78.8,31.8,0.0,22.9662,0.0,1
39,3,1964-06-07 18:00:00,-77.8,32.6,0.0,22.9662,0.0,1
39,4,1964-06-08 00:00:00,-76.5,32.9,0.0,20.6696,0.0,1
39,5,1964-06-08 06:00:00,-75.1,33.0,0.0,18.373,1002.0,1
39,6,1964-06-08 12:00:00,-73.2,33.3,0.0,18.373,1001.0,1
39,7,1964-06-08 18:00:00,-71.3,34.2,0.0,20.6696,1000.0,1
39,8,1964-06-09 00:00:00,-68.5,35.1,0.0,20.6696,0.0,1
39,9,1964-06-09 06:00:00,-65.5,35.7,0.0,22.9662,0.0,1
39,10,1964-06-09 12:00:00,-63.4,36.1,0.0,25.2629,992.0,1
39,11,1964-06-09 18:00:00,-61.8,36.4,0.0,27.5595,0.0,1
39,12,1964-06-10 00:00:00,-60.8,36.4,0.0,27.5595,0.0,1
39,13,1964-06-10 06:00:00,-59.9,36.2,0.0,25.2629,0.0,1
39,14,1964-06-10 12:00:00,-59.2,36.0,0.0,25.2629,0.0,1
39,15,1964-06-10 18:00:00,-58.5,36.2,0.0,22.9662,0.0,1
39,16,1964-06-11 00:00:00,-57.8,37.0,0.0,20.6696,997.0,1
39,17,1964-06-11 06:00:00,-57.2,38.0,0.0,18.373,1001.0,1
39,18,1964-06-11 12:00:00,-56.8,38.9,0.0,18.373,0.0,1
40,1,1964-07-25 12:00:00,-72.0,36.8,0.0,18.373,1005.0,1
40,2,1964-07-25 18:00:00,-70.5,37.1,0.0,20.6696,1003.0,1
40,3,1964-07-26 00:00:00,-69.0,37.6,0.0,20.6696,0.0,1
40,4,1964-07-26 06:00:00,-67.6,38.5,0.0,22.9662,0.0,1
40,5,1964-07-26 12:00:00,-66.3,40.2,0.0,22.9662,0.0,1
40,6,1964-07-26 18:00:00,-65.0,42.0,0.0,22.9662,0.0,1
40,7,1964-07-27 00:00:00,-63.7,43.3,0.0,20.6696,0.0,1
40,8,1964-07-27 06:00:00,-62.2,44.3,0.0,20.6696,0.0,1
40,9,1964-07-27 12:00:00,-60.5,45.5,0.0,18.373,0.0,1
41,1,1964-07-28 06:00:00,-46.0,19.1,0.0,18.373,0.0,1
41,2,1964-07-28 12:00:00,-48.5,19.1,0.0,20.6696,0.0,1
41,3,1964-07-28 18:00:00,-50.8,19.3,0.0,20.6696,0.0,1
41,4,1964-07-29 00:00:00,-52.8,19.8,0.0,20.6696,0.0,1
41,5,1964-07-29 06:00:00,-54.3,20.5,0.0,20.6696,0.0,1
41,6,1964-07-29 12:00:00,-55.8,21.6,0.0,20.6696,1006.0,1
41,7,1964-07-29 18:00:00,-57.6,22.6,0.0,20.6696,1007.0,1
41,8,1964-07-30 00:00:00,-59.4,23.5,0.0,18.373,1008.0,1
41,9,1964-07-30 06:00:00,-60.4,24.8,0.0,18.373,0.0,1
41,10,1964-07-30 12:00:00,-61.0,26.8,0.0,18.373,0.0,1
41,11,1964-07-31 12:00:00,-58.4,32.4,0.0,18.373,1012.0,1
41,12,1964-07-31 18:00:00,-57.3,33.7,0.0,20.6696,1008.0,1
41,13,1964-08-01 00:00:00,-56.1,34.9,0.0,22.9662,0.0,1
41,14,1964-08-01 06:00:00,-54.6,36.3,0.0,27.5595,0.0,1
41,15,1964-08-01 12:00:00,-53.3,37.7,0.0,29.8561,0.0,1
41,16,1964-08-01 18:00:00,-51.8,39.0,0.0,34.4494,0.0,1
41,17,1964-08-02 00:00:00,-50.0,40.3,0.0,34.4494,0.0,1
41,18,1964-08-02 06:00:00,-47.6,42.0,0.0,32.1527,0.0,1
41,19,1964-08-02 12:00:00,-45.0,44.2,0.0,27.5595,0.0,1
41,20,1964-08-02 18:00:00,-42.5,47.0,0.0,25.2629,0.0,1
41,21,1964-08-03 00:00:00,-40.1,49.8,0.0,25.2629,0.0,1
41,22,1964-08-03 06:00:00,-38.3,52.1,0.0,25.2629,0.0,1
41,23,1964-08-03 12:00:00,-36.7,54.3,0.0,25.2629,0.0,1
41,24,1964-08-03 18:00:00,-35.0,56.5,0.0,25.2629,0.0,1
41,25,1964-08-04 00:00:00,-32.5,58.0,0.0,22.9662,0.0,1
41,26,1964-08-04 06:00:00,-29.0,59.0,0.0,22.9662,0.0,1
41,27,1964-08-04 12:00:00,-25.5,59.6,0.0,20.6696,0.0,1
41,28,1964-08-04 18:00:00,-23.0,60.0,0.0,20.6696,0.0,1
41,29,1964-08-05 00:00:00,-21.0,60.3,0.0,20.6696,0.0,1
41,30,1964-08-05 06:00:00,-19.3,60.5,0.0,18.373,0.0,1
41,31,1964-08-05 12:00:00,-17.5,60.5,0.0,18.373,0.0,1
42,1,1964-08-07 12:00:00,-94.4,28.6,0.0,18.373,0.0,1
42,2,1964-08-07 18:00:00,-95.2,28.6,0.0,25.2629,1000.0,1
42,3,1964-08-08 00:00:00,-96.1,28.8,0.0,22.9662,1000.0,1
43,1,1964-08-08 12:00:00,-65.2,32.4,0.0,20.6696,1006.0,1
43,2,1964-08-08 18:00:00,-63.7,31.9,0.0,20.6696,0.0,1
43,3,1964-08-09 00:00:00,-62.1,31.4,0.0,20.6696,0.0,1
43,4,1964-08-09 06:00:00,-61.2,31.5,0.0,20.6696,0.0,1
43,5,1964-08-09 12:00:00,-60.6,31.9,0.0,20.6696,1008.0,1
43,6,1964-08-09 18:00:00,-60.1,32.8,0.0,20.6696,1006.0,1
43,7,1964-08-10 00:00:00,-59.2,33.7,0.0,20.6696,0.0,1
43,8,1964-08-10 06:00:00,-58.0,34.5,0.0,18.373,0.0,1
44,1,1964-08-20 18:00:00,-44.3,13.1,0.0,18.373,1003.0,1
44,2,1964-08-21 00:00:00,-46.7,13.3,0.0,18.373,0.0,1
44,3,1964-08-21 06:00:00,-49.1,13.7,0.0,20.6696,0.0,1
44,4,1964-08-21 12:00:00,-51.4,14.1,0.0,25.2629,1000.0,1
44,5,1964-08-21 18:00:00,-53.5,14.5,0.0,29.8561,993.0,1
44,6,1964-08-22 00:00:00,-55.7,14.9,0.0,34.4494,0.0,1
44,7,1964-08-22 06:00:00,-57.7,15.3,0.0,39.0426,0.0,1
44,8,1964-08-22 12:00:00,-59.7,15.7,0.0,45.9325,970.0,1
44,9,1964-08-22 18:00:00,-61.6,16.0,0.0,50.5258,962.0,1
44,10,1964-08-23 00:00:00,-63.4,16.2,0.0,55.119,0.0,1
44,11,1964-08-23 06:00:00,-65.0,16.3,0.0,57.4156,0.0,1
44,12,1964-08-23 12:00:00,-66.6,16.5,0.0,59.7122,938.0,1
44,13,1964-08-23 18:00:00,-68.0,16.7,0.0,57.4156,945.0,1
44,14,1964-08-24 00:00:00,-69.4,16.8,0.0,57.4156,0.0,1
44,15,1964-08-24 06:00:00,-70.6,17.0,0.0,57.4156,0.0,1
44,16,1964-08-24 12:00:00,-71.9,17.3,0.0,59.7122,0.0,1
44,17,1964-08-24 18:00:00,-73.2,18.0,0.0,59.7122,0.0,1
44,18,1964-08-25 00:00:00,-74.4,18.6,0.0,43.6359,0.0,1
44,19,1964-08-25 06:00:00,-75.5,19.0,0.0,39.0426,0.0,1
44,20,1964-08-25 12:00:00,-76.6,19.4,0.0,34.4494,0.0,1
44,21,1964-08-25 18:00:00,-77.6,20.0,0.0,32.1527,0.0,1
44,22,1964-08-26 00:00:00,-78.4,20.8,0.0,32.1527,0.0,1
44,23,1964-08-26 06:00:00,-78.9,21.5,0.0,32.1527,0.0,1
44,24,1964-08-26 12:00:00,-79.2,22.4,0.0,27.5595,0.0,1
44,25,1964-08-26 18:00:00,-79.6,23.7,0.0,32.1527,990.0,1
44,26,1964-08-27 00:00:00,-79.7,24.6,0.0,36.746,984.0,1
44,27,1964-08-27 06:00:00,-80.0,25.5,0.0,43.6359,968.0,1
44,28,1964-08-27 12:00:00,-80.2,26.3,0.0,36.746,971.0,1
44,29,1964-08-27 18:00:00,-80.5,27.2,0.0,25.2629,977.0,1
44,30,1964-08-28 00:00:00,-80.7,27.9,0.0,20.6696,983.0,1
44,31,1964-08-28 06:00:00,-81.0,28.6,0.0,20.6696,0.0,1
44,32,1964-08-28 12:00:00,-81.3,29.5,0.0,25.2629,0.0,1
44,33,1964-08-28 18:00:00,-81.3,30.2,0.0,25.2629,995.0,1
44,34,1964-08-29 00:00:00,-81.3,30.8,0.0,22.9662,999.0,1
44,35,1964-08-29 06:00:00,-81.3,31.4,0.0,22.9662,999.0,1
44,36,1964-08-29 12:00:00,-81.4,32.0,0.0,20.6696,1000.0,1
44,37,1964-08-29 18:00:00,-81.6,32.4,0.0,18.373,0.0,1
44,38,1964-08-30 00:00:00,-81.9,32.9,0.0,18.373,0.0,1
44,39,1964-09-01 12:00:00,-75.4,35.9,0.0,18.373,999.0,1
44,40,1964-09-01 18:00:00,-74.4,35.6,0.0,20.6696,998.0,1
44,41,1964-09-02 00:00:00,-73.4,35.3,0.0,25.2629,997.0,1
44,42,1964-09-02 06:00:00,-72.3,35.2,0.0,29.8561,989.0,1
44,43,1964-09-02 12:00:00,-71.0,35.5,0.0,34.4494,980.0,1
44,44,1964-09-02 18:00:00,-69.6,35.7,0.0,34.4494,0.0,1
44,45,1964-09-03 00:00:00,-67.7,36.0,0.0,34.4494,0.0,1
44,46,1964-09-03 06:00:00,-65.6,36.5,0.0,34.4494,980.0,1
44,47,1964-09-03 12:00:00,-63.5,37.1,0.0,36.746,980.0,1
44,48,1964-09-03 18:00:00,-61.0,37.8,0.0,39.0426,975.0,1
44,49,1964-09-04 00:00:00,-56.9,38.7,0.0,39.0426,0.0,1
44,50,1964-09-04 06:00:00,-53.0,41.5,0.0,39.0426,0.0,1
44,51,1964-09-04 12:00:00,-50.5,44.7,0.0,39.0426,970.0,1
44,52,1964-09-04 18:00:00,-49.8,46.9,0.0,36.746,0.0,1
44,53,1964-09-05 00:00:00,-49.5,48.8,0.0,34.4494,0.0,1
44,54,1964-09-05 06:00:00,-49.0,51.0,0.0,29.8561,0.0,1
44,55,1964-09-05 12:00:00,-48.3,52.8,0.0,27.5595,0.0,1
44,56,1964-09-05 18:00:00,-46.9,54.1,0.0,25.2629,0.0,1
44,57,1964-09-06 00:00:00,-45.5,55.0,0.0,22.9662,0.0,1
44,58,1964-09-06 06:00:00,-44.8,55.3,0.0,22.9662,0.0,1
44,59,1964-09-06 12:00:00,-44.0,55.5,0.0,22.9662,0.0,1
44,60,1964-09-06 18:00:00,-43.2,55.3,0.0,22.9662,0.0,1
44,61,1964-09-07 00:00:00,-42.5,55.0,0.0,20.6696,0.0,1
44,62,1964-09-07 06:00:00,-41.8,54.7,0.0,20.6696,0.0,1
44,63,1964-09-07 12:00:00,-41.0,54.4,0.0,18.373,0.0,1
44,64,1964-09-07 18:00:00,-40.4,54.1,0.0,18.373,0.0,1
44,65,1964-09-08 00:00:00,-39.7,53.6,0.0,18.373,0.0,1
44,66,1964-09-08 06:00:00,-39.2,53.2,0.0,18.373,0.0,1
45,1,1964-09-01 00:00:00,-43.7,11.2,0.0,18.373,0.0,1
45,2,1964-09-01 06:00:00,-45.4,11.5,0.0,20.6696,0.0,1
45,3,1964-09-01 12:00:00,-47.0,11.9,0.0,22.9662,0.0,1
45,4,1964-09-01 18:00:00,-48.5,12.5,0.0,25.2629,998.0,1
45,5,1964-09-02 00:00:00,-49.8,13.3,0.0,25.2629,0.0,1
45,6,1964-09-02 06:00:00,-51.3,14.3,0.0,27.5595,0.0,1
45,7,1964-09-02 12:00:00,-53.0,15.5,0.0,27.5595,996.0,1
45,8,1964-09-02 18:00:00,-54.6,16.8,0.0,29.8561,993.0,1
45,9,1964-09-03 00:00:00,-56.1,17.7,0.0,32.1527,989.0,1
45,10,1964-09-03 06:00:00,-57.2,18.2,0.0,34.4494,987.0,1
45,11,1964-09-03 12:00:00,-58.0,18.7,0.0,34.4494,984.0,1
45,12,1964-09-03 18:00:00,-58.8,19.6,0.0,36.746,983.0,1
45,13,1964-09-04 00:00:00,-59.4,20.5,0.0,36.746,981.0,1
45,14,1964-09-04 06:00:00,-59.9,21.1,0.0,36.746,978.0,1
45,15,1964-09-04 12:00:00,-60.3,21.6,0.0,36.746,976.0,1
45,16,1964-09-04 18:00:00,-60.8,22.2,0.0,39.0426,973.0,1
45,17,1964-09-05 00:00:00,-61.2,22.7,0.0,39.0426,0.0,1
45,18,1964-09-05 06:00:00,-61.6,23.3,0.0,41.3392,0.0,1
45,19,1964-09-05 12:00:00,-62.1,24.0,0.0,41.3392,971.0,1
45,20,1964-09-05 18:00:00,-62.9,24.8,0.0,45.9325,960.0,1
45,21,1964-09-06 00:00:00,-63.6,25.5,0.0,48.2291,951.0,1
45,22,1964-09-06 06:00:00,-64.4,26.1,0.0,52.8224,942.0,1
45,23,1964-09-06 12:00:00,-65.2,26.7,0.0,50.5258,950.0,1
45,24,1964-09-06 18:00:00,-66.0,27.1,0.0,45.9325,958.0,1
45,25,1964-09-07 00:00:00,-66.9,27.5,0.0,43.6359,0.0,1
45,26,1964-09-07 06:00:00,-67.8,27.8,0.0,43.6359,0.0,1
45,27,1964-09-07 12:00:00,-69.0,28.0,0.0,43.6359,959.0,1
45,28,1964-09-07 18:00:00,-70.3,28.2,0.0,43.6359,956.0,1
45,29,1964-09-08 00:00:00,-71.7,28.3,0.0,43.6359,0.0,1
45,30,1964-09-08 06:00:00,-73.0,28.5,0.0,43.6359,0.0,1
45,31,1964-09-08 12:00:00,-74.5,28.6,0.0,41.3392,962.0,1
45,32,1964-09-08 18:00:00,-76.0,28.6,0.0,41.3392,963.0,1
45,33,1964-09-09 00:00:00,-77.4,28.8,0.0,39.0426,968.0,1
45,34,1964-09-09 06:00:00,-78.5,29.1,0.0,36.746,972.0,1
45,35,1964-09-09 12:00:00,-79.4,29.4,0.0,36.746,970.0,1
45,36,1964-09-09 18:00:00,-80.0,29.7,0.0,41.3392,962.0,1
45,37,1964-09-10 00:00:00,-80.6,29.8,0.0,41.3392,964.0,1
45,38,1964-09-10 06:00:00,-81.3,29.9,0.0,43.6359,966.0,1
45,39,1964-09-10 12:00:00,-82.1,30.0,0.0,29.8561,0.0,1
45,40,1964-09-10 18:00:00,-82.9,30.0,0.0,25.2629,0.0,1
45,41,1964-09-11 00:00:00,-83.5,30.1,0.0,22.9662,0.0,1
45,42,1964-09-11 06:00:00,-84.0,30.2,0.0,20.6696,990.0,1
45,43,1964-09-11 12:00:00,-84.4,30.4,0.0,20.6696,0.0,1
45,44,1964-09-11 18:00:00,-84.7,30.7,0.0,18.373,0.0,1
45,45,1964-09-12 00:00:00,-84.7,31.1,0.0,18.373,993.0,1
45,46,1964-09-12 06:00:00,-84.6,31.3,0.0,18.373,995.0,1
45,47,1964-09-12 12:00:00,-84.2,31.4,0.0,20.6696,996.0,1
45,48,1964-09-12 18:00:00,-83.4,31.6,0.0,25.2629,995.0,1
45,49,1964-09-13 00:00:00,-82.3,32.1,0.0,27.5595,996.0,1
45,50,1964-09-13 06:00:00,-81.0,32.7,0.0,27.5595,0.0,1
45,51,1964-09-13 12:00:00,-79.2,33.6,0.0,27.5595,0.0,1
45,52,1964-09-13 18:00:00,-77.2,34.6,0.0,27.5595,0.0,1
45,53,1964-09-14 00:00:00,-75.3,35.6,0.0,27.5595,998.0,1
45,54,1964-09-14 06:00:00,-73.3,36.9,0.0,27.5595,0.0,1
45,55,1964-09-14 12:00:00,-71.0,38.5,0.0,27.5595,0.0,1
45,56,1964-09-14 18:00:00,-68.1,40.4,0.0,27.5595,0.0,1
45,57,1964-09-15 00:00:00,-64.8,42.4,0.0,25.2629,0.0,1
45,58,1964-09-15 06:00:00,-61.5,44.3,0.0,25.2629,0.0,1
45,59,1964-09-15 12:00:00,-58.5,46.0,0.0,25.2629,0.0,1
45,60,1964-09-15 18:00:00,-55.6,47.6,0.0,25.2629,0.0,1
45,61,1964-09-16 00:00:00,-53.0,49.5,0.0,25.2629,0.0,1
46,1,1964-09-06 18:00:00,-52.3,23.3,0.0,18.373,1007.0,1
46,2,1964-09-07 00:00:00,-53.8,24.3,0.0,18.373,1006.0,1
46,3,1964-09-07 06:00:00,-55.2,25.0,0.0,20.6696,0.0,1
46,4,1964-09-07 12:00:00,-56.5,25.6,0.0,20.6696,0.0,1
46,5,1964-09-07 18:00:00,-57.7,26.3,0.0,22.9662,0.0,1
46,6,1964-09-08 00:00:00,-58.8,26.9,0.0,22.9662,0.0,1
46,7,1964-09-08 06:00:00,-59.5,27.2,0.0,22.9662,0.0,1
46,8,1964-09-08 12:00:00,-60.2,27.4,0.0,25.2629,999.0,1
46,9,1964-09-08 18:00:00,-60.6,27.5,0.0,29.8561,986.0,1
46,10,1964-09-09 00:00:00,-61.1,27.6,0.0,29.8561,988.0,1
46,11,1964-09-09 06:00:00,-61.5,27.7,0.0,29.8561,989.0,1
46,12,1964-09-09 12:00:00,-62.2,27.7,0.0,29.8561,984.0,1
46,13,1964-09-09 18:00:00,-63.1,27.7,0.0,29.8561,0.0,1
46,14,1964-09-10 00:00:00,-64.0,27.6,0.0,32.1527,0.0,1
46,15,1964-09-10 06:00:00,-64.8,27.4,0.0,32.1527,0.0,1
46,16,1964-09-10 12:00:00,-65.4,27.3,0.0,34.4494,976.0,1
46,17,1964-09-10 18:00:00,-65.8,27.4,0.0,34.4494,977.0,1
46,18,1964-09-11 00:00:00,-66.0,27.5,0.0,34.4494,0.0,1
46,19,1964-09-11 06:00:00,-66.2,27.8,0.0,32.1527,0.0,1
46,20,1964-09-11 12:00:00,-66.4,28.2,0.0,32.1527,983.0,1
46,21,1964-09-11 18:00:00,-66.7,28.8,0.0,34.4494,977.0,1
46,22,1964-09-12 00:00:00,-67.0,29.5,0.0,34.4494,0.0,1
46,23,1964-09-12 06:00:00,-67.2,30.3,0.0,36.746,0.0,1
46,24,1964-09-12 12:00:00,-67.3,31.1,0.0,36.746,974.0,1
46,25,1964-09-12 18:00:00,-66.9,31.9,0.0,36.746,976.0,1
46,26,1964-09-13 00:00:00,-66.1,32.9,0.0,36.746,0.0,1
46,27,1964-09-13 06:00:00,-64.9,34.1,0.0,39.0426,0.0,1
46,28,1964-09-13 12:00:00,-63.2,35.5,0.0,41.3392,0.0,1
46,29,1964-09-13 18:00:00,-61.4,37.0,0.0,41.3392,0.0,1
46,30,1964-09-14 00:00:00,-59.4,38.4,0.0,41.3392,0.0,1
46,31,1964-09-14 06:00:00,-57.2,40.0,0.0,41.3392,0.0,1
46,32,1964-09-14 12:00:00,-54.8,41.5,0.0,41.3392,0.0,1
46,33,1964-09-14 18:00:00,-51.9,42.9,0.0,39.0426,969.0,1
46,34,1964-09-15 00:00:00,-49.0,44.0,0.0,34.4494,0.0,1
46,35,1964-09-15 06:00:00,-45.7,44.8,0.0,29.8561,0.0,1
46,36,1964-09-15 12:00:00,-42.2,45.0,0.0,27.5595,0.0,1
46,37,1964-09-15 18:00:00,-38.3,44.8,0.0,27.5595,0.0,1
46,38,1964-09-16 00:00:00,-34.8,44.4,0.0,25.2629,0.0,1
46,39,1964-09-16 06:00:00,-31.5,44.0,0.0,22.9662,0.0,1
46,40,1964-09-16 12:00:00,-29.0,43.5,0.0,20.6696,0.0,1
46,41,1964-09-16 18:00:00,-27.5,42.5,0.0,18.373,0.0,1
47,1,1964-09-08 00:00:00,-29.4,21.4,0.0,18.373,0.0,1
47,2,1964-09-08 06:00:00,-29.9,22.6,0.0,18.373,0.0,1
47,3,1964-09-08 12:00:00,-29.6,24.2,0.0,18.373,0.0,1
47,4,1964-09-08 18:00:00,-29.0,26.0,0.0,18.373,0.0,1
47,5,1964-09-09 00:00:00,-28.3,28.0,0.0,18.373,0.0,1
47,6,1964-09-09 06:00:00,-27.7,29.5,0.0,18.373,0.0,1
48,1,1964-09-13 06:00:00,-44.5,14.7,0.0,25.2629,0.0,1
48,2,1964-09-13 12:00:00,-46.0,15.4,0.0,25.2629,0.0,1
48,3,1964-09-13 18:00:00,-47.5,16.2,0.0,25.2629,0.0,1
48,4,1964-09-14 00:00:00,-49.0,17.0,0.0,27.5595,997.0,1
48,5,1964-09-14 06:00:00,-50.5,17.9,0.0,27.5595,995.0,1
48,6,1964-09-14 12:00:00,-52.0,18.8,0.0,29.8561,992.0,1
48,7,1964-09-14 18:00:00,-53.4,19.6,0.0,29.8561,994.0,1
48,8,1964-09-15 00:00:00,-54.5,20.2,0.0,29.8561,994.0,1
48,9,1964-09-15 06:00:00,-55.4,20.7,0.0,27.5595,995.0,1
48,10,1964-09-15 12:00:00,-56.2,21.2,0.0,27.5595,996.0,1
48,11,1964-09-15 18:00:00,-57.1,21.7,0.0,27.5595,992.0,1
48,12,1964-09-16 00:00:00,-58.1,22.2,0.0,27.5595,0.0,1
48,13,1964-09-16 06:00:00,-59.1,22.7,0.0,29.8561,0.0,1
48,14,1964-09-16 12:00:00,-60.0,23.0,0.0,32.1527,986.0,1
48,15,1964-09-16 18:00:00,-60.9,23.3,0.0,34.4494,0.0,1
48,16,1964-09-17 00:00:00,-62.0,23.7,0.0,34.4494,0.0,1
48,17,1964-09-17 06:00:00,-63.1,24.2,0.0,39.0426,974.0,1
48,18,1964-09-17 12:00:00,-64.0,24.5,0.0,48.2291,954.0,1
48,19,1964-09-17 18:00:00,-65.1,25.0,0.0,52.8224,945.0,1
48,20,1964-09-18 00:00:00,-65.9,25.4,0.0,50.5258,951.0,1
48,21,1964-09-18 06:00:00,-66.5,25.8,0.0,50.5258,951.0,1
48,22,1964-09-18 12:00:00,-67.1,26.1,0.0,50.5258,952.0,1
48,23,1964-09-18 18:00:00,-67.7,26.4,0.0,50.5258,953.0,1
48,24,1964-09-19 00:00:00,-68.2,26.7,0.0,50.5258,947.0,1
48,25,1964-09-19 06:00:00,-68.7,27.0,0.0,50.5258,951.0,1
48,26,1964-09-19 12:00:00,-69.1,27.3,0.0,45.9325,960.0,1
48,27,1964-09-19 18:00:00,-69.5,27.6,0.0,45.9325,962.0,1
48,28,1964-09-20 00:00:00,-69.6,27.9,0.0,45.9325,962.0,1
48,29,1964-09-20 06:00:00,-69.7,28.4,0.0,43.6359,965.0,1
48,30,1964-09-20 12:00:00,-69.7,28.9,0.0,39.0426,967.0,1
48,31,1964-09-20 18:00:00,-69.6,29.4,0.0,39.0426,964.0,1
48,32,1964-09-21 00:00:00,-69.5,29.8,0.0,36.746,964.0,1
48,33,1964-09-21 06:00:00,-69.5,30.4,0.0,34.4494,969.0,1
48,34,1964-09-21 12:00:00,-69.7,31.2,0.0,29.8561,980.0,1
48,35,1964-09-21 18:00:00,-70.2,32.3,0.0,29.8561,977.0,1
48,36,1964-09-22 00:00:00,-70.8,33.1,0.0,29.8561,984.0,1
48,37,1964-09-22 06:00:00,-71.3,33.7,0.0,29.8561,980.0,1
48,38,1964-09-22 12:00:00,-71.8,33.9,0.0,29.8561,984.0,1
48,39,1964-09-22 18:00:00,-72.2,34.2,0.0,29.8561,982.0,1
48,40,1964-09-23 00:00:00,-72.4,34.8,0.0,32.1527,979.0,1
48,41,1964-09-23 06:00:00,-72.2,35.6,0.0,34.4494,977.0,1
48,42,1964-09-23 12:00:00,-71.8,36.4,0.0,34.4494,982.0,1
48,43,1964-09-23 18:00:00,-70.7,37.7,0.0,36.746,974.0,1
48,44,1964-09-24 00:00:00,-69.0,39.2,0.0,34.4494,980.0,1
48,45,1964-09-24 06:00:00,-66.9,40.9,0.0,34.4494,982.0,1
48,46,1964-09-24 12:00:00,-64.2,42.8,0.0,34.4494,0.0,1
48,47,1964-09-24 18:00:00,-59.8,44.7,0.0,32.1527,0.0,1
48,48,1964-09-25 00:00:00,-54.9,47.5,0.0,27.5595,0.0,1
49,1,1964-09-29 18:00:00,-85.2,22.4,0.0,20.6696,0.0,1
49,2,1964-09-30 00:00:00,-86.2,22.8,0.0,25.2629,997.0,1
49,3,1964-09-30 06:00:00,-87.2,23.1,0.0,27.5595,994.0,1
49,4,1964-09-30 12:00:00,-88.2,23.4,0.0,32.1527,984.0,1
49,5,1964-09-30 18:00:00,-89.0,23.8,0.0,36.746,978.0,1
49,6,1964-10-01 00:00:00,-89.5,24.1,0.0,39.0426,977.0,1
49,7,1964-10-01 06:00:00,-90.1,24.3,0.0,48.2291,955.0,1
49,8,1964-10-01 12:00:00,-90.6,24.5,0.0,50.5258,951.0,1
49,9,1964-10-01 18:00:00,-91.1,24.8,0.0,55.119,941.0,1
49,10,1964-10-02 00:00:00,-91.5,25.3,0.0,55.119,942.0,1
49,11,1964-10-02 06:00:00,-91.7,25.8,0.0,50.5258,949.0,1
49,12,1964-10-02 12:00:00,-91.7,26.3,0.0,48.2291,956.0,1
49,13,1964-10-02 18:00:00,-91.6,26.8,0.0,45.9325,958.0,1
49,14,1964-10-03 00:00:00,-91.2,27.2,0.0,45.9325,960.0,1
49,15,1964-10-03 06:00:00,-91.2,27.7,0.0,45.9325,964.0,1
49,16,1964-10-03 12:00:00,-91.3,28.1,0.0,43.6359,962.0,1
49,17,1964-10-03 18:00:00,-91.6,28.8,0.0,41.3392,961.0,1
49,18,1964-10-04 00:00:00,-91.5,29.7,0.0,41.3392,959.0,1
49,19,1964-10-04 06:00:00,-91.3,30.2,0.0,32.1527,0.0,1
49,20,1964-10-04 12:00:00,-90.6,30.6,0.0,27.5595,0.0,1
49,21,1964-10-04 18:00:00,-89.3,30.7,0.0,25.2629,0.0,1
49,22,1964-10-05 00:00:00,-87.6,30.5,0.0,22.9662,0.0,1
49,23,1964-10-05 06:00:00,-86.0,30.6,0.0,22.9662,0.0,1
49,24,1964-10-05 12:00:00,-84.4,30.8,0.0,20.6696,0.0,1
49,25,1964-10-05 18:00:00,-82.5,31.0,0.0,20.6696,0.0,1
49,26,1964-10-06 00:00:00,-80.6,31.0,0.0,20.6696,0.0,1
49,27,1964-10-06 06:00:00,-79.0,30.8,0.0,20.6696,0.0,1
49,28,1964-10-06 12:00:00,-78.0,30.6,0.0,20.6696,0.0,1
49,29,1964-10-06 18:00:00,-77.0,30.5,0.0,20.6696,0.0,1
49,30,1964-10-07 00:00:00,-76.5,30.4,0.0,22.9662,0.0,1
49,31,1964-10-07 06:00:00,-76.2,30.1,0.0,25.2629,0.0,1
49,32,1964-10-07 12:00:00,-76.1,29.8,0.0,25.2629,0.0,1
50,1,1964-10-12 18:00:00,-85.2,19.6,0.0,20.6696,0.0,1
50,2,1964-10-13 00:00:00,-85.0,20.0,0.0,25.2629,996.0,1
50,3,1964-10-13 06:00:00,-84.8,20.5,0.0,27.5595,0.0,1
50,4,1964-10-13 12:00:00,-84.7,21.0,0.0,32.1527,0.0,1
50,5,1964-10-13 18:00:00,-84.5,21.6,0.0,39.0426,0.0,1
50,6,1964-10-14 00:00:00,-84.1,22.4,0.0,34.4494,979.0,1
50,7,1964-10-14 06:00:00,-83.6,23.2,0.0,41.3392,972.0,1
50,8,1964-10-14 12:00:00,-82.9,24.0,0.0,45.9325,964.0,1
50,9,1964-10-14 18:00:00,-82.0,25.1,0.0,43.6359,968.0,1
50,10,1964-10-15 00:00:00,-80.6,26.4,0.0,36.746,0.0,1
50,11,1964-10-15 06:00:00,-79.1,28.0,0.0,36.746,0.0,1
50,12,1964-10-15 12:00:00,-77.8,29.3,0.0,36.746,980.0,1
50,13,1964-10-15 18:00:00,-76.6,30.5,0.0,34.4494,986.0,1
50,14,1964-10-16 00:00:00,-76.1,32.0,0.0,34.4494,990.0,1
50,15,1964-10-16 06:00:00,-75.8,33.4,0.0,34.4494,991.0,1
50,16,1964-10-16 12:00:00,-76.5,34.5,0.0,27.5595,992.0,1
51,1,1964-11-06 12:00:00,-81.2,13.8,0.0,18.373,0.0,1
51,2,1964-11-06 18:00:00,-81.5,14.0,0.0,18.373,1001.0,1
51,3,1964-11-07 00:00:00,-82.1,14.2,0.0,22.9662,0.0,1
51,4,1964-11-07 06:00:00,-82.9,14.4,0.0,27.5595,0.0,1
51,5,1964-11-07 12:00:00,-83.6,14.7,0.0,22.9662,0.0,1
51,6,1964-11-07 18:00:00,-84.1,15.0,0.0,20.6696,997.0,1
52,1,1965-06-14 06:00:00,-90.9,25.3,0.0,18.373,0.0,1
52,2,1965-06-14 12:00:00,-90.6,26.3,0.0,18.373,0.0,1
52,3,1965-06-14 18:00:00,-90.2,27.1,0.0,20.6696,0.0,1
52,4,1965-06-15 00:00:00,-89.5,28.0,0.0,20.6696,1005.0,1
52,5,1965-06-15 06:00:00,-88.2,29.3,0.0,22.9662,1006.0,1
52,6,1965-06-15 12:00:00,-86.5,30.7,0.0,22.9662,1007.0,1
52,7,1965-06-15 18:00:00,-84.2,32.3,0.0,18.373,0.0,1
52,8,1965-06-16 12:00:00,-76.2,36.0,0.0,18.373,0.0,1
52,9,1965-06-16 18:00:00,-73.0,36.6,0.0,18.373,0.0,1
52,10,1965-06-17 00:00:00,-71.0,37.3,0.0,20.6696,0.0,1
52,11,1965-06-17 06:00:00,-70.0,38.0,0.0,22.9662,0.0,1
52,12,1965-06-17 12:00:00,-68.5,38.5,0.0,22.9662,0.0,1
52,13,1965-06-17 18:00:00,-66.5,38.9,0.0,20.6696,0.0,1
52,14,1965-06-18 00:00:00,-65.0,39.0,0.0,18.373,0.0,1
53,1,1965-08-23 00:00:00,-52.1,36.0,0.0,20.6696,0.0,1
53,2,1965-08-23 06:00:00,-52.0,36.4,0.0,25.2629,0.0,1
53,3,1965-08-23 12:00:00,-52.0,36.9,0.0,29.8561,0.0,1
53,4,1965-08-23 18:00:00,-52.0,37.5,0.0,34.4494,0.0,1
53,5,1965-08-24 00:00:00,-51.8,38.3,0.0,39.0426,0.0,1
53,6,1965-08-24 06:00:00,-51.3,39.0,0.0,41.3392,0.0,1
53,7,1965-08-24 12:00:00,-50.3,39.8,0.0,41.3392,0.0,1
53,8,1965-08-24 18:00:00,-48.3,41.1,0.0,41.3392,0.0,1
53,9,1965-08-25 00:00:00,-45.3,43.0,0.0,39.0426,0.0,1
53,10,1965-08-25 06:00:00,-42.2,45.1,0.0,36.746,0.0,1
53,11,1965-08-25 12:00:00,-38.1,47.1,0.0,34.4494,0.0,1
53,12,1965-08-25 18:00:00,-33.4,49.1,0.0,29.8561,0.0,1
53,13,1965-08-26 00:00:00,-27.9,51.0,0.0,25.2629,0.0,1
53,14,1965-08-26 06:00:00,-20.0,53.0,0.0,22.9662,0.0,1
53,15,1965-08-26 12:00:00,-14.5,55.0,0.0,20.6696,0.0,1
54,1,1965-08-29 12:00:00,-63.5,19.2,0.0,18.373,1007.0,1
54,2,1965-08-29 18:00:00,-64.3,20.5,0.0,25.2629,999.0,1
54,3,1965-08-30 00:00:00,-64.8,21.2,0.0,25.2629,997.0,1
54,4,1965-08-30 06:00:00,-65.1,21.8,0.0,25.2629,0.0,1
54,5,1965-08-30 12:00:00,-65.5,22.4,0.0,25.2629,0.0,1
54,6,1965-08-30 18:00:00,-65.7,22.6,0.0,27.5595,994.0,1
54,7,1965-08-31 00:00:00,-65.8,22.7,0.0,27.5595,996.0,1
54,8,1965-08-31 06:00:00,-65.8,22.8,0.0,27.5595,990.0,1
54,9,1965-08-31 12:00:00,-66.0,22.5,0.0,25.2629,998.0,1
54,10,1965-08-31 18:00:00,-66.0,22.5,0.0,25.2629,996.0,1
54,11,1965-09-01 00:00:00,-66.0,22.5,0.0,29.8561,990.0,1
54,12,1965-09-01 06:00:00,-66.6,22.3,0.0,32.1527,984.0,1
54,13,1965-09-01 12:00:00,-67.4,22.2,0.0,32.1527,988.0,1
54,14,1965-09-01 18:00:00,-68.0,22.3,0.0,32.1527,987.0,1
54,15,1965-09-02 00:00:00,-68.5,22.5,0.0,39.0426,970.0,1
54,16,1965-09-02 06:00:00,-69.3,22.6,0.0,48.2291,956.0,1
54,17,1965-09-02 12:00:00,-70.2,22.8,0.0,55.119,942.0,1
54,18,1965-09-02 18:00:00,-70.9,23.4,0.0,52.8224,945.0,1
54,19,1965-09-03 00:00:00,-71.5,24.1,0.0,48.2291,952.0,1
54,20,1965-09-03 06:00:00,-72.2,24.7,0.0,45.9325,959.0,1
54,21,1965-09-03 12:00:00,-72.9,25.4,0.0,45.9325,955.0,1
54,22,1965-09-03 18:00:00,-73.7,26.3,0.0,48.2291,950.0,1
54,23,1965-09-04 00:00:00,-74.3,26.9,0.0,48.2291,951.0,1
54,24,1965-09-04 06:00:00,-74.8,27.4,0.0,48.2291,946.0,1
54,25,1965-09-04 12:00:00,-75.3,28.1,0.0,48.2291,951.0,1
54,26,1965-09-04 18:00:00,-75.6,28.7,0.0,48.2291,946.0,1
54,27,1965-09-05 00:00:00,-75.5,28.9,0.0,48.2291,943.0,1
54,28,1965-09-05 06:00:00,-75.3,29.0,0.0,45.9325,948.0,1
54,29,1965-09-05 12:00:00,-75.3,28.9,0.0,43.6359,952.0,1
54,30,1965-09-05 18:00:00,-75.4,28.7,0.0,39.0426,968.0,1
54,31,1965-09-06 00:00:00,-75.5,28.1,0.0,36.746,973.0,1
54,32,1965-09-06 06:00:00,-75.9,27.5,0.0,41.3392,963.0,1
54,33,1965-09-06 12:00:00,-76.3,26.9,0.0,41.3392,966.0,1
54,34,1965-09-06 18:00:00,-76.7,26.2,0.0,45.9325,959.0,1
54,35,1965-09-07 00:00:00,-76.7,25.8,0.0,48.2291,956.0,1
54,36,1965-09-07 06:00:00,-77.0,25.6,0.0,48.2291,954.0,1
54,37,1965-09-07 12:00:00,-77.2,25.3,0.0,48.2291,957.0,1
54,38,1965-09-07 18:00:00,-77.9,25.3,0.0,48.2291,952.0,1
54,39,1965-09-08 00:00:00,-78.6,25.2,0.0,43.6359,961.0,1
54,40,1965-09-08 06:00:00,-79.5,25.1,0.0,43.6359,958.0,1
54,41,1965-09-08 12:00:00,-80.6,25.0,0.0,45.9325,952.0,1
54,42,1965-09-08 18:00:00,-82.0,25.2,0.0,45.9325,953.0,1
54,43,1965-09-09 00:00:00,-83.6,25.5,0.0,45.9325,954.0,1
54,44,1965-09-09 06:00:00,-85.3,25.9,0.0,45.9325,950.0,1
54,45,1965-09-09 12:00:00,-86.9,26.5,0.0,45.9325,951.0,1
54,46,1965-09-09 18:00:00,-88.1,27.4,0.0,45.9325,953.0,1
54,47,1965-09-10 00:00:00,-89.2,28.4,0.0,52.8224,946.0,1
54,48,1965-09-10 06:00:00,-90.6,29.6,0.0,43.6359,948.0,1
54,49,1965-09-10 12:00:00,-91.7,30.7,0.0,29.8561,965.0,1
54,50,1965-09-10 18:00:00,-92.2,32.0,0.0,22.9662,0.0,1
55,1,1965-09-06 12:00:00,-56.0,39.1,0.0,18.373,0.0,1
55,2,1965-09-06 18:00:00,-57.4,39.3,0.0,20.6696,0.0,1
55,3,1965-09-07 00:00:00,-58.7,39.5,0.0,20.6696,0.0,1
55,4,1965-09-07 06:00:00,-59.8,39.2,0.0,20.6696,0.0,1
55,5,1965-09-07 12:00:00,-60.4,38.5,0.0,20.6696,0.0,1
55,6,1965-09-07 18:00:00,-60.7,37.5,0.0,22.9662,0.0,1
55,7,1965-09-08 00:00:00,-60.8,36.7,0.0,22.9662,991.0,1
55,8,1965-09-08 06:00:00,-60.1,36.3,0.0,22.9662,0.0,1
55,9,1965-09-08 12:00:00,-59.0,37.0,0.0,22.9662,0.0,1
55,10,1965-09-08 18:00:00,-57.8,37.8,0.0,22.9662,0.0,1
55,11,1965-09-09 00:00:00,-56.5,39.0,0.0,20.6696,0.0,1
55,12,1965-09-09 06:00:00,-55.2,40.1,0.0,18.373,0.0,1
55,13,1965-09-09 12:00:00,-54.1,41.2,0.0,18.373,0.0,1
55,14,1965-09-09 18:00:00,-53.0,42.0,0.0,18.373,0.0,1
55,15,1965-09-10 00:00:00,-52.0,42.3,0.0,18.373,0.0,1
55,16,1965-09-10 06:00:00,-50.9,42.5,0.0,18.373,0.0,1
55,17,1965-09-10 12:00:00,-49.5,42.7,0.0,18.373,0.0,1
55,18,1965-09-10 18:00:00,-48.0,43.0,0.0,18.373,0.0,1
55,19,1965-09-11 00:00:00,-46.0,44.0,0.0,18.373,0.0,1
55,20,1965-09-11 06:00:00,-43.5,45.5,0.0,18.373,0.0,1
55,21,1965-09-11 12:00:00,-41.0,46.8,0.0,18.373,0.0,1
56,1,1965-09-18 00:00:00,-31.5,12.6,0.0,18.373,0.0,1
56,2,1965-09-18 06:00:00,-32.6,12.9,0.0,18.373,0.0,1
56,3,1965-09-18 12:00:00,-33.6,13.2,0.0,18.373,0.0,1
56,4,1965-09-18 18:00:00,-34.6,13.5,0.0,18.373,0.0,1
56,5,1965-09-19 00:00:00,-35.8,14.1,0.0,18.373,0.0,1
56,6,1965-09-19 06:00:00,-37.0,14.8,0.0,18.373,0.0,1
56,7,1965-09-19 12:00:00,-38.2,15.5,0.0,18.373,0.0,1
56,8,1965-09-19 18:00:00,-39.0,16.3,0.0,18.373,0.0,1
56,9,1965-09-20 00:00:00,-39.6,17.1,0.0,20.6696,0.0,1
56,10,1965-09-20 06:00:00,-40.0,17.9,0.0,22.9662,0.0,1
56,11,1965-09-20 12:00:00,-40.3,18.9,0.0,25.2629,0.0,1
56,12,1965-09-20 18:00:00,-40.6,19.7,0.0,29.8561,0.0,1
56,13,1965-09-21 00:00:00,-40.8,20.5,0.0,34.4494,976.0,1
56,14,1965-09-21 06:00:00,-40.9,21.5,0.0,36.746,975.0,1
56,15,1965-09-21 12:00:00,-41.0,22.9,0.0,36.746,974.0,1
56,16,1965-09-21 18:00:00,-41.1,24.8,0.0,36.746,0.0,1
56,17,1965-09-22 00:00:00,-41.2,26.8,0.0,36.746,0.0,1
56,18,1965-09-22 06:00:00,-41.4,28.8,0.0,36.746,0.0,1
56,19,1965-09-22 12:00:00,-41.8,30.8,0.0,36.746,980.0,1
56,20,1965-09-22 18:00:00,-42.2,32.4,0.0,34.4494,0.0,1
56,21,1965-09-23 00:00:00,-42.6,33.3,0.0,32.1527,0.0,1
56,22,1965-09-23 06:00:00,-42.8,33.9,0.0,29.8561,0.0,1
56,23,1965-09-23 12:00:00,-43.2,34.4,0.0,29.8561,988.0,1
56,24,1965-09-23 18:00:00,-43.3,34.8,0.0,27.5595,990.0,1
56,25,1965-09-24 00:00:00,-43.1,35.1,0.0,25.2629,992.0,1
56,26,1965-09-24 06:00:00,-42.8,35.2,0.0,25.2629,992.0,1
56,27,1965-09-24 12:00:00,-42.4,35.1,0.0,25.2629,992.0,1
56,28,1965-09-24 18:00:00,-42.0,34.9,0.0,25.2629,991.0,1
56,29,1965-09-25 00:00:00,-41.7,34.7,0.0,25.2629,0.0,1
56,30,1965-09-25 06:00:00,-41.4,34.4,0.0,27.5595,0.0,1
56,31,1965-09-25 12:00:00,-41.2,34.0,0.0,29.8561,986.0,1
56,32,1965-09-25 18:00:00,-41.1,33.6,0.0,29.8561,986.0,1
56,33,1965-09-26 00:00:00,-41.0,33.4,0.0,29.8561,986.0,1
56,34,1965-09-26 06:00:00,-41.0,33.2,0.0,29.8561,989.0,1
56,35,1965-09-26 12:00:00,-41.0,33.0,0.0,27.5595,992.0,1
56,36,1965-09-26 18:00:00,-41.2,32.7,0.0,27.5595,0.0,1
56,37,1965-09-27 00:00:00,-41.5,32.6,0.0,27.5595,0.0,1
56,38,1965-09-27 06:00:00,-41.8,32.8,0.0,27.5595,0.0,1
56,39,1965-09-27 12:00:00,-41.9,33.1,0.0,27.5595,0.0,1
56,40,1965-09-27 18:00:00,-41.9,33.4,0.0,27.5595,0.0,1
56,41,1965-09-28 00:00:00,-41.8,33.7,0.0,25.2629,992.0,1
56,42,1965-09-28 06:00:00,-41.7,34.0,0.0,25.2629,0.0,1
56,43,1965-09-28 12:00:00,-41.5,34.6,0.0,27.5595,0.0,1
56,44,1965-09-28 18:00:00,-40.9,35.6,0.0,27.5595,988.0,1
56,45,1965-09-29 00:00:00,-39.4,36.8,0.0,32.1527,0.0,1
56,46,1965-09-29 06:00:00,-37.6,38.1,0.0,36.746,0.0,1
56,47,1965-09-29 12:00:00,-35.0,39.4,0.0,36.746,0.0,1
56,48,1965-09-29 18:00:00,-32.0,40.4,0.0,34.4494,984.0,1
56,49,1965-09-30 00:00:00,-28.9,41.2,0.0,34.4494,0.0,1
56,50,1965-09-30 06:00:00,-26.5,42.0,0.0,32.1527,0.0,1
56,51,1965-09-30 12:00:00,-24.3,42.4,0.0,29.8561,0.0,1
56,52,1965-09-30 18:00:00,-22.0,41.8,0.0,27.5595,0.0,1
56,53,1965-10-01 00:00:00,-19.7,41.0,0.0,25.2629,0.0,1
56,54,1965-10-01 06:00:00,-17.8,39.5,0.0,25.2629,0.0,1
56,55,1965-10-01 12:00:00,-16.0,37.8,0.0,22.9662,0.0,1
56,56,1965-10-01 18:00:00,-15.2,36.3,0.0,22.9662,0.0,1
56,57,1965-10-02 00:00:00,-14.5,35.0,0.0,20.6696,0.0,1
56,58,1965-10-02 06:00:00,-14.0,34.0,0.0,18.373,0.0,1
57,1,1965-09-28 00:00:00,-90.2,24.8,0.0,18.373,0.0,1
57,2,1965-09-28 06:00:00,-89.8,25.5,0.0,22.9662,1001.0,1
57,3,1965-09-28 12:00:00,-89.4,26.2,0.0,22.9662,1001.0,1
57,4,1965-09-28 18:00:00,-89.2,27.1,0.0,22.9662,1001.0,1
57,5,1965-09-29 00:00:00,-89.3,27.9,0.0,22.9662,1000.0,1
57,6,1965-09-29 06:00:00,-89.5,28.4,0.0,20.6696,1000.0,1
58,1,1965-09-29 00:00:00,-75.5,32.0,0.0,18.373,0.0,1
58,2,1965-09-29 06:00:00,-73.0,32.2,0.0,20.6696,0.0,1
58,3,1965-09-29 12:00:00,-70.0,32.4,0.0,22.9662,0.0,1
58,4,1965-09-29 18:00:00,-67.0,32.9,0.0,27.5595,0.0,1
58,5,1965-09-30 00:00:00,-64.0,33.2,0.0,27.5595,0.0,1
58,6,1965-09-30 06:00:00,-61.5,33.6,0.0,27.5595,0.0,1
58,7,1965-09-30 12:00:00,-60.0,34.2,0.0,27.5595,0.0,1
58,8,1965-09-30 18:00:00,-58.8,34.5,0.0,27.5595,0.0,1
58,9,1965-10-01 00:00:00,-57.3,34.6,0.0,25.2629,0.0,1
58,10,1965-10-01 06:00:00,-55.5,34.6,0.0,25.2629,0.0,1
58,11,1965-10-01 12:00:00,-54.0,34.7,0.0,22.9662,0.0,1
58,12,1965-10-01 18:00:00,-54.5,34.7,0.0,22.9662,0.0,1
58,13,1965-10-02 00:00:00,-55.8,34.7,0.0,22.9662,0.0,1
58,14,1965-10-02 06:00:00,-56.8,34.8,0.0,22.9662,993.0,1
58,15,1965-10-02 12:00:00,-57.3,35.8,0.0,22.9662,0.0,1
58,16,1965-10-02 18:00:00,-56.5,37.3,0.0,22.9662,0.0,1
58,17,1965-10-03 00:00:00,-55.3,38.8,0.0,22.9662,0.0,1
59,1,1965-10-14 00:00:00,-53.7,22.3,0.0,18.373,0.0,1
59,2,1965-10-14 06:00:00,-54.7,23.1,0.0,18.373,0.0,1
59,3,1965-10-14 12:00:00,-55.7,23.9,0.0,18.373,0.0,1
59,4,1965-10-14 18:00:00,-56.6,24.7,0.0,20.6696,1005.0,1
59,5,1965-10-15 00:00:00,-57.4,25.1,0.0,20.6696,1005.0,1
59,6,1965-10-15 06:00:00,-58.0,25.5,0.0,20.6696,1005.0,1
59,7,1965-10-15 12:00:00,-58.5,25.9,0.0,22.9662,1001.0,1
59,8,1965-10-15 18:00:00,-58.9,26.3,0.0,25.2629,995.0,1
59,9,1965-10-16 00:00:00,-59.4,26.8,0.0,25.2629,995.0,1
59,10,1965-10-16 06:00:00,-59.9,27.3,0.0,27.5595,991.0,1
59,11,1965-10-16 12:00:00,-60.3,28.0,0.0,27.5595,992.0,1
59,12,1965-10-16 18:00:00,-60.2,28.9,0.0,25.2629,992.0,1
59,13,1965-10-17 00:00:00,-59.4,30.0,0.0,25.2629,992.0,1
59,14,1965-10-17 06:00:00,-58.3,31.5,0.0,27.5595,992.0,1
59,15,1965-10-17 12:00:00,-56.3,33.2,0.0,32.1527,988.0,1
59,16,1965-10-17 18:00:00,-53.4,34.6,0.0,34.4494,986.0,1
59,17,1965-10-18 00:00:00,-50.5,35.8,0.0,39.0426,0.0,1
59,18,1965-10-18 06:00:00,-47.0,37.3,0.0,41.3392,0.0,1
59,19,1965-10-18 12:00:00,-42.8,39.0,0.0,43.6359,977.0,1
59,20,1965-10-18 18:00:00,-38.9,41.0,0.0,43.6359,0.0,1
59,21,1965-10-19 00:00:00,-35.0,44.1,0.0,39.0426,0.0,1
59,22,1965-10-19 06:00:00,-32.0,47.0,0.0,34.4494,0.0,1
59,23,1965-10-19 12:00:00,-30.5,50.0,0.0,32.1527,0.0,1
59,24,1965-10-19 18:00:00,-30.0,54.0,0.0,32.1527,0.0,1
59,25,1965-10-20 00:00:00,-29.0,57.0,0.0,29.8561,0.0,1
59,26,1965-10-20 06:00:00,-27.5,60.0,0.0,27.5595,0.0,1
59,27,1965-10-20 12:00:00,-26.0,64.0,0.0,22.9662,0.0,1
60,1,1965-10-17 00:00:00,-76.5,27.5,0.0,18.373,0.0,1
60,2,1965-10-17 06:00:00,-76.0,28.0,0.0,20.6696,0.0,1
60,3,1965-10-17 12:00:00,-75.5,28.5,0.0,22.9662,0.0,1
60,4,1965-10-17 18:00:00,-75.5,29.5,0.0,22.9662,0.0,1
60,5,1965-10-18 00:00:00,-76.5,30.0,0.0,22.9662,0.0,1
60,6,1965-10-18 06:00:00,-78.0,30.0,0.0,25.2629,0.0,1
60,7,1965-10-18 12:00:00,-80.0,29.6,0.0,25.2629,1004.0,1
60,8,1965-10-18 18:00:00,-81.8,29.2,0.0,18.373,0.0,1
61,1,1965-11-27 12:00:00,-53.5,30.2,0.0,18.373,0.0,1
61,2,1965-11-27 18:00:00,-54.0,31.0,0.0,20.6696,0.0,1
61,3,1965-11-28 00:00:00,-54.3,30.5,0.0,20.6696,0.0,1
61,4,1965-11-28 06:00:00,-54.5,29.5,0.0,20.6696,0.0,1
61,5,1965-11-28 12:00:00,-54.0,29.0,0.0,20.6696,0.0,1
61,6,1965-11-28 18:00:00,-53.0,28.8,0.0,20.6696,997.0,1
61,7,1965-11-29 00:00:00,-52.0,28.6,0.0,20.6696,0.0,1
61,8,1965-11-29 06:00:00,-51.2,28.3,0.0,20.6696,0.0,1
61,9,1965-11-29 12:00:00,-51.0,28.0,0.0,20.6696,0.0,1
61,10,1965-11-29 18:00:00,-51.2,27.4,0.0,20.6696,0.0,1
61,11,1965-11-30 00:00:00,-51.6,26.6,0.0,20.6696,0.0,1
61,12,1965-11-30 06:00:00,-51.4,25.7,0.0,18.373,0.0,1
61,13,1965-11-30 12:00:00,-51.0,24.8,0.0,18.373,0.0,1
62,1,1966-06-06 06:00:00,-84.4,17.6,0.0,18.373,1000.0,1
62,2,1966-06-06 12:00:00,-84.2,18.0,0.0,22.9662,996.0,1
62,3,1966-06-06 18:00:00,-84.1,18.5,0.0,29.8561,990.0,1
62,4,1966-06-07 00:00:00,-84.0,18.8,0.0,29.8561,990.0,1
62,5,1966-06-07 06:00:00,-83.9,19.0,0.0,29.8561,986.0,1
62,6,1966-06-07 12:00:00,-83.9,19.3,0.0,32.1527,983.0,1
62,7,1966-06-07 18:00:00,-83.8,19.6,0.0,34.4494,980.0,1
62,8,1966-06-08 00:00:00,-83.5,20.1,0.0,36.746,976.0,1
62,9,1966-06-08 06:00:00,-83.1,21.1,0.0,39.0426,0.0,1
62,10,1966-06-08 12:00:00,-82.7,22.7,0.0,41.3392,0.0,1
62,11,1966-06-08 18:00:00,-82.7,24.4,0.0,45.9325,970.0,1
62,12,1966-06-09 00:00:00,-82.8,26.0,0.0,41.3392,974.0,1
62,13,1966-06-09 06:00:00,-83.4,27.5,0.0,41.3392,972.0,1
62,14,1966-06-09 12:00:00,-84.3,28.8,0.0,41.3392,970.0,1
62,15,1966-06-09 18:00:00,-84.5,29.6,0.0,34.4494,981.0,1
62,16,1966-06-10 00:00:00,-84.0,30.4,0.0,27.5595,0.0,1
62,17,1966-06-10 06:00:00,-83.0,31.1,0.0,20.6696,0.0,1
62,18,1966-06-10 12:00:00,-82.0,31.7,0.0,18.373,995.0,1
62,19,1966-06-10 18:00:00,-80.9,32.2,0.0,18.373,998.0,1
62,20,1966-06-11 00:00:00,-79.6,32.6,0.0,22.9662,997.0,1
62,21,1966-06-11 06:00:00,-78.1,33.1,0.0,25.2629,994.0,1
62,22,1966-06-11 12:00:00,-76.7,33.7,0.0,29.8561,990.0,1
62,23,1966-06-11 18:00:00,-75.4,33.9,0.0,34.4494,0.0,1
62,24,1966-06-12 00:00:00,-74.2,33.8,0.0,34.4494,0.0,1
62,25,1966-06-12 06:00:00,-73.5,34.3,0.0,32.1527,0.0,1
62,26,1966-06-12 12:00:00,-73.3,34.9,0.0,29.8561,994.0,1
62,27,1966-06-12 18:00:00,-73.3,35.6,0.0,27.5595,0.0,1
62,28,1966-06-13 00:00:00,-73.4,36.3,0.0,25.2629,0.0,1
62,29,1966-06-13 06:00:00,-73.5,37.0,0.0,22.9662,0.0,1
62,30,1966-06-13 12:00:00,-73.5,37.6,0.0,20.6696,0.0,1
62,31,1966-06-13 18:00:00,-72.9,38.2,0.0,20.6696,1002.0,1
62,32,1966-06-14 00:00:00,-72.1,39.2,0.0,18.373,0.0,1
62,33,1966-06-14 06:00:00,-71.4,40.6,0.0,18.373,0.0,1
62,34,1966-06-14 12:00:00,-70.5,42.0,0.0,18.373,0.0,1
63,1,1966-06-29 18:00:00,-82.5,23.2,0.0,18.373,1007.0,1
63,2,1966-06-30 00:00:00,-82.5,23.9,0.0,18.373,1004.0,1
63,3,1966-06-30 06:00:00,-82.5,24.6,0.0,18.373,1005.0,1
63,4,1966-06-30 12:00:00,-82.5,25.2,0.0,18.373,0.0,1
63,5,1966-06-30 18:00:00,-82.6,25.8,0.0,18.373,0.0,1
63,6,1966-07-01 00:00:00,-82.7,26.3,0.0,18.373,1004.0,1
63,7,1966-07-01 06:00:00,-82.8,26.9,0.0,18.373,1005.0,1
63,8,1966-07-01 12:00:00,-83.0,27.6,0.0,18.373,1006.0,1
63,9,1966-07-01 18:00:00,-83.1,28.6,0.0,18.373,0.0,1
64,1,1966-07-01 12:00:00,-60.3,32.3,0.0,18.373,0.0,1
64,2,1966-07-01 18:00:00,-58.5,33.0,0.0,20.6696,0.0,1
64,3,1966-07-02 00:00:00,-57.0,34.1,0.0,22.9662,0.0,1
64,4,1966-07-02 06:00:00,-55.5,35.5,0.0,27.5595,0.0,1
64,5,1966-07-02 12:00:00,-54.8,37.6,0.0,32.1527,0.0,1
64,6,1966-07-02 18:00:00,-54.7,39.5,0.0,34.4494,984.0,1
64,7,1966-07-03 00:00:00,-55.0,41.4,0.0,29.8561,0.0,1
64,8,1966-07-03 06:00:00,-56.0,43.1,0.0,25.2629,0.0,1
64,9,1966-07-03 12:00:00,-57.6,44.7,0.0,20.6696,0.0,1
65,1,1966-07-13 18:00:00,-61.0,20.3,0.0,18.373,0.0,1
65,2,1966-07-14 00:00:00,-62.3,21.3,0.0,18.373,0.0,1
65,3,1966-07-14 06:00:00,-63.6,22.1,0.0,18.373,0.0,1
65,4,1966-07-14 12:00:00,-64.8,22.5,0.0,18.373,0.0,1
65,5,1966-07-14 18:00:00,-65.8,22.7,0.0,18.373,1012.0,1
65,6,1966-07-20 00:00:00,-73.7,28.9,0.0,18.373,0.0,1
65,7,1966-07-20 06:00:00,-72.4,30.3,0.0,22.9662,0.0,1
65,8,1966-07-20 12:00:00,-70.7,31.9,0.0,27.5595,997.0,1
65,9,1966-07-20 18:00:00,-68.5,33.6,0.0,29.8561,994.0,1
65,10,1966-07-21 00:00:00,-65.7,36.1,0.0,29.8561,995.0,1
65,11,1966-07-21 06:00:00,-63.2,39.5,0.0,27.5595,998.0,1
65,12,1966-07-21 12:00:00,-61.2,42.9,0.0,27.5595,997.0,1
65,13,1966-07-21 18:00:00,-59.7,46.3,0.0,25.2629,0.0,1
65,14,1966-07-22 00:00:00,-58.2,49.8,0.0,22.9662,0.0,1
65,15,1966-07-22 06:00:00,-57.0,52.0,0.0,18.373,0.0,1
66,1,1966-07-23 12:00:00,-42.0,32.0,0.0,20.6696,0.0,1
66,2,1966-07-23 18:00:00,-42.3,32.5,0.0,25.2629,0.0,1
66,3,1966-07-24 00:00:00,-42.5,32.8,0.0,25.2629,0.0,1
66,4,1966-07-24 06:00:00,-42.4,32.9,0.0,27.5595,0.0,1
66,5,1966-07-24 12:00:00,-42.3,32.8,0.0,27.5595,0.0,1
66,6,1966-07-24 18:00:00,-42.1,33.0,0.0,29.8561,998.0,1
66,7,1966-07-25 00:00:00,-41.7,33.3,0.0,29.8561,0.0,1
66,8,1966-07-25 06:00:00,-41.1,33.8,0.0,29.8561,0.0,1
66,9,1966-07-25 12:00:00,-40.6,34.5,0.0,29.8561,0.0,1
66,10,1966-07-25 18:00:00,-40.5,35.3,0.0,29.8561,997.0,1
66,11,1966-07-26 00:00:00,-40.8,35.8,0.0,29.8561,0.0,1
66,12,1966-07-26 06:00:00,-41.4,36.1,0.0,32.1527,0.0,1
66,13,1966-07-26 12:00:00,-41.9,36.2,0.0,34.4494,989.0,1
66,14,1966-07-26 18:00:00,-42.2,36.4,0.0,34.4494,0.0,1
66,15,1966-07-27 00:00:00,-42.2,36.7,0.0,34.4494,0.0,1
66,16,1966-07-27 06:00:00,-41.9,37.4,0.0,34.4494,990.0,1
66,17,1966-07-27 12:00:00,-41.4,38.2,0.0,34.4494,0.0,1
66,18,1966-07-27 18:00:00,-40.8,38.7,0.0,32.1527,0.0,1
66,19,1966-07-28 00:00:00,-40.1,39.3,0.0,32.1527,994.0,1
66,20,1966-07-28 06:00:00,-39.2,40.1,0.0,32.1527,994.0,1
66,21,1966-07-28 12:00:00,-38.5,40.9,0.0,32.1527,993.0,1
66,22,1966-07-28 18:00:00,-38.2,41.6,0.0,29.8561,996.0,1
66,23,1966-07-29 00:00:00,-38.0,42.4,0.0,29.8561,0.0,1
66,24,1966-07-29 06:00:00,-37.7,43.1,0.0,27.5595,0.0,1
66,25,1966-07-29 12:00:00,-37.5,43.9,0.0,25.2629,996.0,1
66,26,1966-07-29 18:00:00,-37.4,44.6,0.0,22.9662,1000.0,1
66,27,1966-07-30 00:00:00,-37.4,45.3,0.0,22.9662,0.0,1
66,28,1966-07-30 06:00:00,-37.3,46.0,0.0,20.6696,0.0,1
66,29,1966-07-30 12:00:00,-37.1,46.8,0.0,20.6696,0.0,1
66,30,1966-07-30 18:00:00,-36.6,47.7,0.0,20.6696,1009.0,1
66,31,1966-07-31 00:00:00,-36.0,49.0,0.0,18.373,0.0,1
67,1,1966-07-26 00:00:00,-58.2,18.4,0.0,18.373,0.0,1
67,2,1966-07-26 06:00:00,-59.3,18.8,0.0,18.373,0.0,1
67,3,1966-07-26 12:00:00,-60.3,19.3,0.0,18.373,1008.0,1
67,4,1966-07-26 18:00:00,-61.1,19.8,0.0,18.373,1008.0,1
68,1,1966-08-22 12:00:00,-30.9,14.8,0.0,18.373,0.0,1
68,2,1966-08-22 18:00:00,-32.7,15.0,0.0,20.6696,0.0,1
68,3,1966-08-23 00:00:00,-34.8,15.1,0.0,22.9662,0.0,1
68,4,1966-08-23 06:00:00,-37.2,15.2,0.0,27.5595,0.0,1
68,5,1966-08-23 12:00:00,-39.6,15.2,0.0,29.8561,0.0,1
68,6,1966-08-23 18:00:00,-41.8,15.3,0.0,32.1527,984.0,1
68,7,1966-08-24 00:00:00,-43.8,15.3,0.0,32.1527,0.0,1
68,8,1966-08-24 06:00:00,-45.7,15.3,0.0,32.1527,0.0,1
68,9,1966-08-24 12:00:00,-47.7,15.3,0.0,29.8561,992.0,1
68,10,1966-08-24 18:00:00,-49.8,15.5,0.0,29.8561,993.0,1
68,11,1966-08-25 00:00:00,-52.0,16.0,0.0,29.8561,993.0,1
68,12,1966-08-25 06:00:00,-54.1,16.4,0.0,29.8561,995.0,1
68,13,1966-08-25 12:00:00,-56.2,16.7,0.0,34.4494,986.0,1
68,14,1966-08-25 18:00:00,-58.0,17.0,0.0,32.1527,990.0,1
68,15,1966-08-26 00:00:00,-59.6,17.4,0.0,27.5595,994.0,1
68,16,1966-08-26 06:00:00,-61.0,17.9,0.0,25.2629,997.0,1
68,17,1966-08-26 12:00:00,-62.3,18.4,0.0,25.2629,995.0,1
68,18,1966-08-26 18:00:00,-63.7,19.0,0.0,27.5595,994.0,1
68,19,1966-08-27 00:00:00,-65.1,19.7,0.0,27.5595,994.0,1
68,20,1966-08-27 06:00:00,-66.3,20.4,0.0,27.5595,993.0,1
68,21,1966-08-27 12:00:00,-67.5,21.0,0.0,29.8561,989.0,1
68,22,1966-08-27 18:00:00,-68.9,21.7,0.0,32.1527,983.0,1
68,23,1966-08-28 00:00:00,-70.0,22.2,0.0,34.4494,979.0,1
68,24,1966-08-28 06:00:00,-70.4,22.7,0.0,36.746,973.0,1
68,25,1966-08-28 12:00:00,-70.7,23.3,0.0,43.6359,962.0,1
68,26,1966-08-28 18:00:00,-71.0,23.8,0.0,45.9325,957.0,1
68,27,1966-08-29 00:00:00,-71.1,24.2,0.0,45.9325,955.0,1
68,28,1966-08-29 06:00:00,-71.1,24.6,0.0,43.6359,960.0,1
68,29,1966-08-29 12:00:00,-71.1,25.0,0.0,41.3392,963.0,1
68,30,1966-08-29 18:00:00,-71.2,25.4,0.0,41.3392,963.0,1
68,31,1966-08-30 00:00:00,-71.5,25.8,0.0,41.3392,963.0,1
68,32,1966-08-30 06:00:00,-71.9,26.3,0.0,39.0426,965.0,1
68,33,1966-08-30 12:00:00,-72.3,26.9,0.0,39.0426,966.0,1
68,34,1966-08-30 18:00:00,-72.9,27.4,0.0,39.0426,967.0,1
68,35,1966-08-31 00:00:00,-73.2,28.0,0.0,39.0426,967.0,1
68,36,1966-08-31 06:00:00,-73.4,28.7,0.0,36.746,973.0,1
68,37,1966-08-31 12:00:00,-73.5,29.4,0.0,39.0426,968.0,1
68,38,1966-08-31 18:00:00,-73.3,30.5,0.0,41.3392,963.0,1
68,39,1966-09-01 00:00:00,-72.5,31.7,0.0,41.3392,963.0,1
68,40,1966-09-01 06:00:00,-71.4,32.9,0.0,41.3392,963.0,1
68,41,1966-09-01 12:00:00,-70.3,34.0,0.0,41.3392,963.0,1
68,42,1966-09-01 18:00:00,-69.2,35.0,0.0,43.6359,957.0,1
68,43,1966-09-02 00:00:00,-68.0,35.8,0.0,43.6359,958.0,1
68,44,1966-09-02 06:00:00,-66.8,36.5,0.0,43.6359,960.0,1
68,45,1966-09-02 12:00:00,-65.2,37.0,0.0,43.6359,0.0,1
68,46,1966-09-02 18:00:00,-63.0,37.1,0.0,43.6359,0.0,1
68,47,1966-09-03 00:00:00,-60.1,37.2,0.0,45.9325,0.0,1
68,48,1966-09-03 06:00:00,-57.0,37.5,0.0,48.2291,950.0,1
68,49,1966-09-03 12:00:00,-54.0,38.3,0.0,48.2291,0.0,1
68,50,1966-09-03 18:00:00,-50.5,39.7,0.0,45.9325,0.0,1
68,51,1966-09-04 00:00:00,-47.0,41.9,0.0,43.6359,0.0,1
68,52,1966-09-04 06:00:00,-43.5,44.7,0.0,41.3392,0.0,1
68,53,1966-09-04 12:00:00,-40.0,47.5,0.0,41.3392,954.0,1
68,54,1966-09-04 18:00:00,-36.5,50.2,0.0,41.3392,0.0,1
68,55,1966-09-05 00:00:00,-33.0,52.8,0.0,41.3392,0.0,1
68,56,1966-09-05 06:00:00,-29.4,55.2,0.0,39.0426,0.0,1
68,57,1966-09-05 12:00:00,-24.5,57.3,0.0,36.746,0.0,1
68,58,1966-09-05 18:00:00,-19.4,58.7,0.0,34.4494,0.0,1
68,59,1966-09-06 00:00:00,-12.7,60.2,0.0,32.1527,0.0,1
68,60,1966-09-06 06:00:00,-7.0,61.5,0.0,29.8561,0.0,1
68,61,1966-09-06 12:00:00,-2.0,62.5,0.0,27.5595,0.0,1
68,62,1966-09-06 18:00:00,3.0,62.8,0.0,27.5595,0.0,1
68,63,1966-09-07 00:00:00,9.0,63.0,0.0,25.2629,0.0,1
68,64,1966-09-07 06:00:00,16.0,63.4,0.0,25.2629,0.0,1
68,65,1966-09-07 12:00:00,23.0,64.0,0.0,22.9662,0.0,1
68,66,1966-09-07 18:00:00,30.0,64.7,0.0,22.9662,0.0,1
68,67,1966-09-08 00:00:00,35.0,65.7,0.0,22.9662,0.0,1
68,68,1966-09-08 06:00:00,39.5,66.8,0.0,22.9662,0.0,1
68,69,1966-09-08 12:00:00,42.5,68.0,0.0,22.9662,0.0,1
68,70,1966-09-08 18:00:00,46.0,69.5,0.0,22.9662,0.0,1
68,71,1966-09-09 00:00:00,49.5,71.0,0.0,22.9662,0.0,1
68,72,1966-09-09 06:00:00,52.0,72.5,0.0,22.9662,0.0,1
68,73,1966-09-09 12:00:00,53.5,74.0,0.0,22.9662,0.0,1
68,74,1966-09-09 18:00:00,54.2,75.0,0.0,22.9662,0.0,1
68,75,1966-09-10 00:00:00,54.6,76.0,0.0,20.6696,0.0,1
68,76,1966-09-10 06:00:00,54.8,77.0,0.0,20.6696,0.0,1
68,77,1966-09-10 12:00:00,55.0,78.0,0.0,20.6696,0.0,1
68,78,1966-09-10 18:00:00,55.0,79.0,0.0,20.6696,0.0,1
68,79,1966-09-11 00:00:00,55.0,80.0,0.0,20.6696,0.0,1
68,80,1966-09-11 06:00:00,55.0,81.0,0.0,20.6696,0.0,1
68,81,1966-09-11 12:00:00,55.0,82.0,0.0,18.373,0.0,1
68,82,1966-09-11 18:00:00,55.2,82.5,0.0,18.373,0.0,1
69,1,1966-09-04 12:00:00,-58.0,18.8,0.0,18.373,1009.0,1
69,2,1966-09-04 18:00:00,-59.0,19.8,0.0,20.6696,1004.0,1
69,3,1966-09-05 00:00:00,-60.0,20.6,0.0,20.6696,0.0,1
69,4,1966-09-05 06:00:00,-60.9,21.0,0.0,18.373,0.0,1
69,5,1966-09-05 12:00:00,-61.7,21.3,0.0,18.373,0.0,1
70,1,1966-09-20 18:00:00,-95.4,21.5,0.0,18.373,0.0,1
70,2,1966-09-21 00:00:00,-95.4,21.5,0.0,22.9662,997.0,1
70,3,1966-09-21 06:00:00,-95.5,21.2,0.0,22.9662,0.0,1
70,4,1966-09-21 12:00:00,-95.8,20.8,0.0,22.9662,0.0,1
71,1,1966-09-24 18:00:00,-48.9,14.8,0.0,18.373,1008.0,1
71,2,1966-09-25 00:00:00,-49.8,15.1,0.0,20.6696,0.0,1
71,3,1966-09-25 06:00:00,-50.7,15.3,0.0,22.9662,0.0,1
71,4,1966-09-25 12:00:00,-51.6,15.5,0.0,22.9662,1000.0,1
71,5,1966-09-25 18:00:00,-52.5,15.6,0.0,22.9662,1000.0,1
71,6,1966-09-26 00:00:00,-53.6,15.6,0.0,25.2629,0.0,1
71,7,1966-09-26 06:00:00,-54.8,15.7,0.0,27.5595,0.0,1
71,8,1966-09-26 12:00:00,-56.0,15.8,0.0,29.8561,995.0,1
71,9,1966-09-26 18:00:00,-57.0,15.9,0.0,36.746,982.0,1
71,10,1966-09-27 00:00:00,-58.0,15.9,0.0,41.3392,974.0,1
71,11,1966-09-27 06:00:00,-59.1,16.0,0.0,45.9325,965.0,1
71,12,1966-09-27 12:00:00,-60.3,16.1,0.0,48.2291,961.0,1
71,13,1966-09-27 18:00:00,-61.7,16.2,0.0,50.5258,958.0,1
71,14,1966-09-28 00:00:00,-63.0,16.3,0.0,45.9325,964.0,1
71,15,1966-09-28 06:00:00,-64.4,16.5,0.0,52.8224,955.0,1
71,16,1966-09-28 12:00:00,-65.7,16.8,0.0,59.7122,941.0,1
71,17,1966-09-28 18:00:00,-67.2,17.0,0.0,64.3055,927.0,1
71,18,1966-09-29 00:00:00,-68.5,17.1,0.0,64.3055,928.0,1
71,19,1966-09-29 06:00:00,-69.7,17.2,0.0,64.3055,0.0,1
71,20,1966-09-29 12:00:00,-71.0,17.5,0.0,64.3055,0.0,1
71,21,1966-09-29 18:00:00,-72.3,18.1,0.0,45.9325,0.0,1
71,22,1966-09-30 00:00:00,-73.5,18.7,0.0,36.746,987.0,1
71,23,1966-09-30 06:00:00,-74.5,19.2,0.0,41.3392,0.0,1
71,24,1966-09-30 12:00:00,-75.4,19.8,0.0,45.9325,0.0,1
71,25,1966-09-30 18:00:00,-76.3,20.2,0.0,36.746,0.0,1
71,26,1966-10-01 00:00:00,-77.3,20.5,0.0,29.8561,0.0,1
71,27,1966-10-01 06:00:00,-78.5,20.7,0.0,29.8561,0.0,1
71,28,1966-10-01 12:00:00,-79.4,21.3,0.0,29.8561,0.0,1
71,29,1966-10-01 18:00:00,-79.9,22.0,0.0,27.5595,0.0,1
71,30,1966-10-02 00:00:00,-80.1,22.6,0.0,22.9662,0.0,1
71,31,1966-10-02 06:00:00,-80.1,23.1,0.0,22.9662,0.0,1
71,32,1966-10-02 12:00:00,-79.9,23.5,0.0,22.9662,0.0,1
71,33,1966-10-02 18:00:00,-79.6,24.1,0.0,25.2629,999.0,1
71,34,1966-10-03 00:00:00,-79.2,24.5,0.0,27.5595,995.0,1
71,35,1966-10-03 06:00:00,-78.9,24.9,0.0,27.5595,989.0,1
71,36,1966-10-03 12:00:00,-78.6,25.2,0.0,29.8561,985.0,1
71,37,1966-10-03 18:00:00,-78.5,25.5,0.0,29.8561,986.0,1
71,38,1966-10-04 00:00:00,-78.5,25.5,0.0,29.8561,985.0,1
71,39,1966-10-04 06:00:00,-79.0,25.5,0.0,29.8561,988.0,1
71,40,1966-10-04 12:00:00,-79.6,25.2,0.0,34.4494,987.0,1
71,41,1966-10-04 18:00:00,-80.5,25.0,0.0,39.0426,984.0,1
71,42,1966-10-05 00:00:00,-81.4,24.6,0.0,39.0426,988.0,1
71,43,1966-10-05 06:00:00,-82.3,24.5,0.0,39.0426,985.0,1
71,44,1966-10-05 12:00:00,-83.0,24.5,0.0,39.0426,983.0,1
71,45,1966-10-05 18:00:00,-83.7,24.3,0.0,39.0426,980.0,1
71,46,1966-10-06 00:00:00,-84.3,24.0,0.0,39.0426,977.0,1
71,47,1966-10-06 06:00:00,-85.0,23.7,0.0,39.0426,974.0,1
71,48,1966-10-06 12:00:00,-85.7,23.3,0.0,39.0426,974.0,1
71,49,1966-10-06 18:00:00,-86.4,22.8,0.0,39.0426,974.0,1
71,50,1966-10-07 00:00:00,-87.2,22.3,0.0,45.9325,961.0,1
71,51,1966-10-07 06:00:00,-88.1,22.0,0.0,43.6359,0.0,1
71,52,1966-10-07 12:00:00,-89.0,21.8,0.0,41.3392,0.0,1
71,53,1966-10-07 18:00:00,-90.0,21.6,0.0,39.0426,972.0,1
71,54,1966-10-08 00:00:00,-91.0,21.5,0.0,43.6359,0.0,1
71,55,1966-10-08 06:00:00,-92.1,21.5,0.0,48.2291,0.0,1
71,56,1966-10-08 12:00:00,-93.1,21.8,0.0,52.8224,953.0,1
71,57,1966-10-08 18:00:00,-93.9,22.0,0.0,52.8224,956.0,1
71,58,1966-10-09 00:00:00,-94.7,22.2,0.0,52.8224,948.0,1
71,59,1966-10-09 06:00:00,-95.2,22.6,0.0,52.8224,951.0,1
71,60,1966-10-09 12:00:00,-95.6,22.7,0.0,50.5258,951.0,1
71,61,1966-10-09 18:00:00,-96.0,22.9,0.0,45.9325,961.0,1
71,62,1966-10-10 00:00:00,-96.4,23.0,0.0,45.9325,960.0,1
71,63,1966-10-10 06:00:00,-97.0,23.0,0.0,45.9325,962.0,1
71,64,1966-10-10 12:00:00,-97.8,22.8,0.0,45.9325,961.0,1
71,65,1966-10-10 18:00:00,-98.5,22.4,0.0,27.5595,0.0,1
72,1,1966-09-29 12:00:00,-58.0,13.4,0.0,18.373,1009.0,1
72,2,1966-09-29 18:00:00,-59.7,13.6,0.0,18.373,1007.0,1
73,1,1966-11-05 18:00:00,-55.7,24.9,0.0,18.373,998.0,1
73,2,1966-11-06 00:00:00,-55.2,24.5,0.0,18.373,998.0,1
73,3,1966-11-06 06:00:00,-54.7,24.2,0.0,18.373,0.0,1
73,4,1966-11-06 12:00:00,-54.2,24.0,0.0,20.6696,0.0,1
73,5,1966-11-06 18:00:00,-53.7,23.9,0.0,22.9662,995.0,1
73,6,1966-11-07 00:00:00,-53.2,23.9,0.0,22.9662,0.0,1
73,7,1966-11-07 06:00:00,-52.6,23.8,0.0,25.2629,0.0,1
73,8,1966-11-07 12:00:00,-52.0,23.9,0.0,27.5595,0.0,1
73,9,1966-11-07 18:00:00,-51.0,24.2,0.0,29.8561,986.0,1
73,10,1966-11-08 00:00:00,-49.8,24.6,0.0,32.1527,0.0,1
73,11,1966-11-08 06:00:00,-47.7,25.8,0.0,32.1527,0.0,1
73,12,1966-11-08 12:00:00,-45.6,27.5,0.0,32.1527,0.0,1
73,13,1966-11-08 18:00:00,-43.4,30.0,0.0,34.4494,0.0,1
73,14,1966-11-09 00:00:00,-41.3,32.6,0.0,34.4494,0.0,1
73,15,1966-11-09 06:00:00,-39.9,34.3,0.0,34.4494,0.0,1
73,16,1966-11-09 12:00:00,-38.6,35.8,0.0,34.4494,983.0,1
73,17,1966-11-09 18:00:00,-37.0,37.3,0.0,32.1527,989.0,1
73,18,1966-11-10 00:00:00,-35.2,38.8,0.0,32.1527,0.0,1
73,19,1966-11-10 06:00:00,-33.7,40.2,0.0,32.1527,0.0,1
73,20,1966-11-10 12:00:00,-32.1,41.6,0.0,29.8561,988.0,1
73,21,1966-11-10 18:00:00,-30.6,42.7,0.0,27.5595,0.0,1
73,22,1966-11-11 00:00:00,-29.0,43.6,0.0,27.5595,0.0,1
73,23,1966-11-11 06:00:00,-27.5,44.5,0.0,25.2629,0.0,1
73,24,1966-11-11 12:00:00,-26.0,44.9,0.0,25.2629,0.0,1
73,25,1966-11-11 18:00:00,-24.5,45.0,0.0,22.9662,0.0,1
73,26,1966-11-12 00:00:00,-23.3,45.0,0.0,22.9662,0.0,1
73,27,1966-11-12 06:00:00,-22.0,45.0,0.0,22.9662,0.0,1
73,28,1966-11-12 12:00:00,-20.3,45.0,0.0,20.6696,0.0,1
73,29,1966-11-12 18:00:00,-18.6,44.9,0.0,20.6696,0.0,1
73,30,1966-11-13 00:00:00,-17.2,44.5,0.0,20.6696,0.0,1
73,31,1966-11-13 06:00:00,-16.3,44.0,0.0,20.6696,0.0,1
73,32,1966-11-13 12:00:00,-16.0,43.2,0.0,18.373,0.0,1
74,1,1966-11-14 18:00:00,-29.0,29.1,0.0,18.373,0.0,1
74,2,1966-11-15 00:00:00,-29.3,29.3,0.0,20.6696,0.0,1
74,3,1966-11-15 06:00:00,-29.6,29.7,0.0,22.9662,997.0,1
74,4,1966-11-15 12:00:00,-30.1,30.3,0.0,22.9662,996.0,1
74,5,1966-11-15 18:00:00,-30.9,31.5,0.0,25.2629,994.0,1
74,6,1966-11-16 00:00:00,-31.7,32.7,0.0,25.2629,0.0,1
74,7,1966-11-16 06:00:00,-32.5,34.0,0.0,25.2629,0.0,1
74,8,1966-11-16 12:00:00,-33.3,35.2,0.0,25.2629,0.0,1
74,9,1966-11-16 18:00:00,-33.9,36.5,0.0,25.2629,0.0,1
74,10,1966-11-17 00:00:00,-34.4,38.0,0.0,25.2629,0.0,1
74,11,1966-11-17 06:00:00,-34.8,39.7,0.0,25.2629,0.0,1
74,12,1966-11-17 12:00:00,-35.3,42.0,0.0,25.2629,0.0,1
74,13,1966-11-17 18:00:00,-35.4,44.3,0.0,25.2629,0.0,1
74,14,1966-11-18 00:00:00,-35.0,47.4,0.0,25.2629,0.0,1
74,15,1966-11-18 06:00:00,-33.5,50.4,0.0,25.2629,0.0,1
74,16,1966-11-18 12:00:00,-31.0,52.5,0.0,25.2629,0.0,1
74,17,1966-11-18 18:00:00,-28.0,54.0,0.0,25.2629,0.0,1
74,18,1966-11-19 00:00:00,-24.5,55.6,0.0,25.2629,0.0,1
74,19,1966-11-19 06:00:00,-21.0,58.0,0.0,25.2629,0.0,1
74,20,1966-11-19 12:00:00,-17.3,62.0,0.0,25.2629,0.0,1
74,21,1966-11-19 18:00:00,-13.5,66.5,0.0,22.9662,0.0,1
75,1,1966-11-22 18:00:00,-39.7,28.5,0.0,18.373,0.0,1
75,2,1966-11-23 00:00:00,-39.2,29.1,0.0,18.373,0.0,1
75,3,1966-11-23 06:00:00,-39.5,30.0,0.0,18.373,0.0,1
75,4,1966-11-23 12:00:00,-40.2,31.5,0.0,20.6696,0.0,1
75,5,1966-11-23 18:00:00,-40.9,32.7,0.0,22.9662,997.0,1
75,6,1966-11-24 00:00:00,-41.5,33.3,0.0,22.9662,0.0,1
75,7,1966-11-24 06:00:00,-41.8,33.7,0.0,22.9662,0.0,1
75,8,1966-11-24 12:00:00,-41.8,33.7,0.0,25.2629,0.0,1
75,9,1966-11-24 18:00:00,-41.4,33.5,0.0,25.2629,0.0,1
75,10,1966-11-25 00:00:00,-41.0,33.5,0.0,25.2629,0.0,1
75,11,1966-11-25 06:00:00,-41.3,33.6,0.0,22.9662,0.0,1
75,12,1966-11-25 12:00:00,-42.0,33.9,0.0,20.6696,0.0,1
75,13,1966-11-25 18:00:00,-43.0,34.5,0.0,18.373,0.0,1
76,1,1967-06-20 06:00:00,-71.7,38.7,0.0,18.373,0.0,1
76,2,1967-06-20 12:00:00,-70.6,39.8,0.0,20.6696,0.0,1
76,3,1967-06-20 18:00:00,-70.1,40.5,0.0,20.6696,0.0,1
76,4,1967-06-21 00:00:00,-70.3,40.7,0.0,18.373,0.0,1
77,1,1967-06-21 12:00:00,-74.1,30.3,0.0,18.373,1006.0,1
77,2,1967-06-21 18:00:00,-73.2,30.6,0.0,20.6696,0.0,1
77,3,1967-06-22 00:00:00,-72.4,30.9,0.0,20.6696,0.0,1
77,4,1967-06-22 06:00:00,-71.9,31.3,0.0,18.373,0.0,1
78,1,1967-08-30 00:00:00,-41.6,19.3,0.0,18.373,0.0,1
78,2,1967-08-30 06:00:00,-43.0,20.0,0.0,18.373,0.0,1
78,3,1967-08-30 12:00:00,-44.3,20.6,0.0,20.6696,1001.0,1
78,4,1967-08-30 18:00:00,-45.5,21.1,0.0,20.6696,1001.0,1
78,5,1967-08-31 00:00:00,-46.9,21.8,0.0,20.6696,0.0,1
78,6,1967-08-31 06:00:00,-48.3,22.8,0.0,18.373,0.0,1
78,7,1967-08-31 12:00:00,-49.7,24.3,0.0,18.373,0.0,1
78,8,1967-08-31 18:00:00,-51.0,25.8,0.0,18.373,1008.0,1
78,9,1967-09-01 00:00:00,-52.1,27.1,0.0,18.373,0.0,1
78,10,1967-09-01 06:00:00,-52.9,28.4,0.0,18.373,0.0,1
78,11,1967-09-01 12:00:00,-53.8,29.7,0.0,20.6696,1009.0,1
78,12,1967-09-01 18:00:00,-55.1,30.8,0.0,22.9662,1008.0,1
78,13,1967-09-02 00:00:00,-56.3,31.9,0.0,22.9662,1007.0,1
78,14,1967-09-02 06:00:00,-56.8,33.2,0.0,25.2629,1003.0,1
78,15,1967-09-02 12:00:00,-56.9,34.6,0.0,27.5595,999.0,1
78,16,1967-09-02 18:00:00,-56.6,36.1,0.0,29.8561,995.0,1
78,17,1967-09-03 00:00:00,-55.8,37.6,0.0,32.1527,990.0,1
78,18,1967-09-03 06:00:00,-54.8,39.2,0.0,32.1527,0.0,1
78,19,1967-09-03 12:00:00,-53.8,40.8,0.0,34.4494,0.0,1
78,20,1967-09-03 18:00:00,-52.5,42.6,0.0,36.746,0.0,1
78,21,1967-09-04 00:00:00,-51.0,44.5,0.0,36.746,982.0,1
78,22,1967-09-04 06:00:00,-49.3,45.6,0.0,32.1527,0.0,1
78,23,1967-09-04 12:00:00,-47.4,46.0,0.0,27.5595,0.0,1
78,24,1967-09-04 18:00:00,-45.3,46.2,0.0,22.9662,0.0,1
78,25,1967-09-05 00:00:00,-43.2,46.3,0.0,20.6696,0.0,1
78,26,1967-09-05 06:00:00,-41.5,46.3,0.0,18.373,0.0,1
79,1,1967-09-08 12:00:00,-38.0,22.7,0.0,18.373,0.0,1
79,2,1967-09-08 18:00:00,-38.3,23.7,0.0,18.373,0.0,1
79,3,1967-09-09 00:00:00,-38.8,24.8,0.0,20.6696,0.0,1
79,4,1967-09-09 06:00:00,-39.1,25.8,0.0,22.9662,0.0,1
79,5,1967-09-09 12:00:00,-39.4,26.3,0.0,25.2629,0.0,1
79,6,1967-09-09 18:00:00,-39.8,26.5,0.0,25.2629,997.0,1
79,7,1967-09-10 00:00:00,-40.4,26.6,0.0,25.2629,0.0,1
79,8,1967-09-10 06:00:00,-41.4,26.5,0.0,25.2629,0.0,1
79,9,1967-09-10 12:00:00,-42.7,26.4,0.0,25.2629,0.0,1
79,10,1967-09-10 18:00:00,-43.9,26.3,0.0,25.2629,998.0,1
79,11,1967-09-11 00:00:00,-45.0,26.2,0.0,27.5595,0.0,1
79,12,1967-09-11 06:00:00,-46.2,26.1,0.0,27.5595,0.0,1
79,13,1967-09-11 12:00:00,-47.4,26.0,0.0,29.8561,0.0,1
79,14,1967-09-11 18:00:00,-48.6,26.2,0.0,29.8561,987.0,1
79,15,1967-09-12 00:00:00,-49.5,26.5,0.0,32.1527,0.0,1
79,16,1967-09-12 06:00:00,-49.8,26.8,0.0,34.4494,0.0,1
79,17,1967-09-12 12:00:00,-50.1,27.2,0.0,39.0426,0.0,1
79,18,1967-09-12 18:00:00,-50.5,27.6,0.0,41.3392,964.0,1
79,19,1967-09-13 00:00:00,-50.9,27.9,0.0,43.6359,0.0,1
79,20,1967-09-13 06:00:00,-51.2,28.2,0.0,43.6359,0.0,1
79,21,1967-09-13 12:00:00,-51.5,28.4,0.0,43.6359,0.0,1
79,22,1967-09-13 18:00:00,-51.8,28.7,0.0,43.6359,958.0,1
79,23,1967-09-14 00:00:00,-52.2,29.0,0.0,43.6359,0.0,1
79,24,1967-09-14 06:00:00,-52.6,29.4,0.0,43.6359,0.0,1
79,25,1967-09-14 12:00:00,-53.3,30.0,0.0,43.6359,0.0,1
79,26,1967-09-14 18:00:00,-54.1,30.8,0.0,43.6359,958.0,1
79,27,1967-09-15 00:00:00,-54.9,31.7,0.0,41.3392,0.0,1
79,28,1967-09-15 06:00:00,-55.8,32.6,0.0,39.0426,0.0,1
79,29,1967-09-15 12:00:00,-56.6,33.5,0.0,36.746,0.0,1
79,30,1967-09-15 18:00:00,-57.2,34.5,0.0,36.746,973.0,1
79,31,1967-09-16 00:00:00,-57.6,35.6,0.0,39.0426,0.0,1
79,32,1967-09-16 06:00:00,-57.8,36.7,0.0,39.0426,0.0,1
79,33,1967-09-16 12:00:00,-57.8,37.8,0.0,39.0426,0.0,1
79,34,1967-09-16 18:00:00,-57.8,38.9,0.0,39.0426,970.0,1
79,35,1967-09-17 00:00:00,-56.9,40.0,0.0,39.0426,0.0,1
79,36,1967-09-17 06:00:00,-55.1,40.8,0.0,39.0426,0.0,1
79,37,1967-09-17 12:00:00,-53.0,41.4,0.0,41.3392,0.0,1
79,38,1967-09-17 18:00:00,-50.7,41.9,0.0,41.3392,967.0,1
79,39,1967-09-18 00:00:00,-47.8,42.3,0.0,39.0426,0.0,1
79,40,1967-09-18 06:00:00,-44.8,42.7,0.0,39.0426,0.0,1
79,41,1967-09-18 12:00:00,-41.8,43.0,0.0,39.0426,0.0,1
79,42,1967-09-18 18:00:00,-38.5,43.4,0.0,39.0426,969.0,1
79,43,1967-09-19 00:00:00,-35.0,44.0,0.0,39.0426,0.0,1
79,44,1967-09-19 06:00:00,-31.5,44.5,0.0,39.0426,0.0,1
79,45,1967-09-19 12:00:00,-28.0,44.9,0.0,36.746,0.0,1
79,46,1967-09-19 18:00:00,-24.8,44.8,0.0,34.4494,0.0,1
79,47,1967-09-20 00:00:00,-22.0,44.6,0.0,32.1527,0.0,1
79,48,1967-09-20 06:00:00,-19.1,44.5,0.0,29.8561,0.0,1
79,49,1967-09-20 12:00:00,-15.5,44.5,0.0,27.5595,0.0,1
79,50,1967-09-20 18:00:00,-11.8,44.7,0.0,25.2629,0.0,1
79,51,1967-09-21 00:00:00,-8.5,45.0,0.0,22.9662,0.0,1
79,52,1967-09-21 06:00:00,-5.1,45.3,0.0,20.6696,0.0,1
79,53,1967-09-21 12:00:00,-1.8,45.7,0.0,18.373,0.0,1
80,1,1967-09-05 18:00:00,-77.1,31.0,0.0,18.373,0.0,1
80,2,1967-09-06 00:00:00,-76.7,31.0,0.0,18.373,0.0,1
80,3,1967-09-06 06:00:00,-76.5,30.9,0.0,18.373,0.0,1
80,4,1967-09-09 18:00:00,-78.7,28.2,0.0,18.373,1001.0,1
80,5,1967-09-10 00:00:00,-78.1,29.0,0.0,22.9662,997.0,1
80,6,1967-09-10 06:00:00,-77.2,30.2,0.0,27.5595,0.0,1
80,7,1967-09-10 12:00:00,-76.1,31.8,0.0,29.8561,0.0,1
80,8,1967-09-10 18:00:00,-75.1,33.2,0.0,32.1527,984.0,1
80,9,1967-09-11 00:00:00,-73.6,34.2,0.0,32.1527,987.0,1
80,10,1967-09-11 06:00:00,-72.1,35.1,0.0,27.5595,993.0,1
80,11,1967-09-11 12:00:00,-70.7,35.9,0.0,25.2629,999.0,1
80,12,1967-09-11 18:00:00,-69.2,36.2,0.0,25.2629,998.0,1
80,13,1967-09-12 00:00:00,-67.8,36.3,0.0,25.2629,0.0,1
80,14,1967-09-12 06:00:00,-66.6,36.5,0.0,25.2629,0.0,1
80,15,1967-09-12 12:00:00,-65.7,36.6,0.0,27.5595,0.0,1
80,16,1967-09-12 18:00:00,-65.1,36.7,0.0,29.8561,0.0,1
80,17,1967-09-13 00:00:00,-64.9,36.8,0.0,32.1527,989.0,1
80,18,1967-09-13 06:00:00,-64.8,36.9,0.0,32.1527,0.0,1
80,19,1967-09-13 12:00:00,-64.8,37.0,0.0,34.4494,0.0,1
80,20,1967-09-13 18:00:00,-64.9,37.1,0.0,34.4494,983.0,1
80,21,1967-09-14 00:00:00,-65.2,37.3,0.0,36.746,0.0,1
80,22,1967-09-14 06:00:00,-65.6,37.6,0.0,36.746,0.0,1
80,23,1967-09-14 12:00:00,-66.0,37.8,0.0,36.746,0.0,1
80,24,1967-09-14 18:00:00,-66.5,38.0,0.0,39.0426,973.0,1
80,25,1967-09-15 00:00:00,-67.1,38.0,0.0,39.0426,0.0,1
80,26,1967-09-15 06:00:00,-67.8,38.0,0.0,39.0426,0.0,1
80,27,1967-09-15 12:00:00,-68.9,38.0,0.0,36.746,0.0,1
80,28,1967-09-15 18:00:00,-70.5,37.9,0.0,36.746,975.0,1
80,29,1967-09-16 00:00:00,-71.9,37.9,0.0,34.4494,981.0,1
80,30,1967-09-16 06:00:00,-73.3,37.9,0.0,32.1527,986.0,1
80,31,1967-09-16 12:00:00,-74.5,37.7,0.0,29.8561,988.0,1
80,32,1967-09-16 18:00:00,-75.3,37.3,0.0,27.5595,990.0,1
80,33,1967-09-17 00:00:00,-75.9,36.5,0.0,22.9662,0.0,1
80,34,1967-09-17 06:00:00,-76.2,35.6,0.0,18.373,0.0,1
81,1,1967-09-07 18:00:00,-61.1,14.3,0.0,18.373,0.0,1
81,2,1967-09-08 00:00:00,-61.5,14.5,0.0,20.6696,0.0,1
81,3,1967-09-08 06:00:00,-61.9,14.6,0.0,22.9662,0.0,1
81,4,1967-09-08 12:00:00,-62.2,14.6,0.0,27.5595,996.0,1
81,5,1967-09-08 18:00:00,-62.9,14.8,0.0,34.4494,989.0,1
81,6,1967-09-09 00:00:00,-63.6,15.2,0.0,36.746,0.0,1
81,7,1967-09-09 06:00:00,-64.3,15.5,0.0,41.3392,0.0,1
81,8,1967-09-09 12:00:00,-65.2,15.8,0.0,45.9325,0.0,1
81,9,1967-09-09 18:00:00,-66.1,16.3,0.0,50.5258,950.0,1
81,10,1967-09-10 00:00:00,-66.8,16.7,0.0,57.4156,940.0,1
81,11,1967-09-10 06:00:00,-67.6,17.2,0.0,55.119,944.0,1
81,12,1967-09-10 12:00:00,-68.3,17.5,0.0,50.5258,947.0,1
81,13,1967-09-10 18:00:00,-69.0,17.7,0.0,48.2291,951.0,1
81,14,1967-09-11 00:00:00,-69.9,17.8,0.0,43.6359,967.0,1
81,15,1967-09-11 06:00:00,-70.7,17.7,0.0,39.0426,0.0,1
81,16,1967-09-11 12:00:00,-71.6,17.5,0.0,36.746,0.0,1
81,17,1967-09-11 18:00:00,-72.5,17.5,0.0,34.4494,978.0,1
81,18,1967-09-12 00:00:00,-73.3,17.5,0.0,29.8561,988.0,1
81,19,1967-09-12 06:00:00,-74.2,17.5,0.0,25.2629,997.0,1
81,20,1967-09-12 12:00:00,-75.1,17.4,0.0,20.6696,1000.0,1
81,21,1967-09-12 18:00:00,-76.2,16.5,0.0,20.6696,998.0,1
81,22,1967-09-13 06:00:00,-77.3,15.9,0.0,18.373,1002.0,1
81,23,1967-09-13 12:00:00,-77.8,15.8,0.0,20.6696,997.0,1
81,24,1967-09-13 18:00:00,-78.2,15.8,0.0,20.6696,997.0,1
81,25,1967-09-14 00:00:00,-78.6,15.9,0.0,20.6696,996.0,1
81,26,1967-09-14 06:00:00,-79.1,16.0,0.0,20.6696,998.0,1
81,27,1967-09-14 12:00:00,-79.5,16.4,0.0,27.5595,991.0,1
81,28,1967-09-14 18:00:00,-80.1,16.8,0.0,29.8561,989.0,1
81,29,1967-09-15 00:00:00,-81.0,17.2,0.0,32.1527,985.0,1
81,30,1967-09-15 06:00:00,-81.8,17.6,0.0,32.1527,983.0,1
81,31,1967-09-15 12:00:00,-82.5,18.0,0.0,34.4494,980.0,1
81,32,1967-09-15 18:00:00,-83.2,18.4,0.0,36.746,978.0,1
81,33,1967-09-16 00:00:00,-83.8,18.7,0.0,39.0426,975.0,1
81,34,1967-09-16 06:00:00,-84.5,19.1,0.0,41.3392,970.0,1
81,35,1967-09-16 12:00:00,-85.1,19.5,0.0,43.6359,964.0,1
81,36,1967-09-16 18:00:00,-85.7,19.8,0.0,43.6359,967.0,1
81,37,1967-09-17 00:00:00,-86.3,20.2,0.0,48.2291,958.0,1
81,38,1967-09-17 06:00:00,-87.4,20.6,0.0,50.5258,0.0,1
81,39,1967-09-17 12:00:00,-88.5,21.0,0.0,32.1527,0.0,1
81,40,1967-09-17 18:00:00,-89.6,21.3,0.0,29.8561,0.0,1
81,41,1967-09-18 00:00:00,-90.7,21.5,0.0,34.4494,978.0,1
81,42,1967-09-18 06:00:00,-91.7,21.7,0.0,36.746,978.0,1
81,43,1967-09-18 12:00:00,-92.7,21.9,0.0,39.0426,970.0,1
81,44,1967-09-18 18:00:00,-93.6,22.1,0.0,41.3392,967.0,1
81,45,1967-09-19 00:00:00,-94.3,22.4,0.0,43.6359,963.0,1
81,46,1967-09-19 06:00:00,-94.9,22.9,0.0,50.5258,949.0,1
81,47,1967-09-19 12:00:00,-95.6,23.3,0.0,57.4156,936.0,1
81,48,1967-09-19 18:00:00,-96.0,23.7,0.0,62.0089,923.0,1
81,49,1967-09-20 00:00:00,-96.3,24.3,0.0,64.3055,923.0,1
81,50,1967-09-20 06:00:00,-96.6,25.1,0.0,57.4156,931.0,1
81,51,1967-09-20 12:00:00,-97.2,25.9,0.0,50.5258,940.0,1
81,52,1967-09-20 18:00:00,-97.8,26.5,0.0,39.0426,952.0,1
81,53,1967-09-21 00:00:00,-98.2,27.1,0.0,34.4494,0.0,1
81,54,1967-09-21 06:00:00,-98.5,27.4,0.0,27.5595,0.0,1
81,55,1967-09-21 12:00:00,-98.7,27.5,0.0,20.6696,0.0,1
82,1,1967-09-28 00:00:00,-39.2,12.2,0.0,18.373,0.0,1
82,2,1967-09-28 06:00:00,-39.7,12.4,0.0,18.373,0.0,1
82,3,1967-09-28 12:00:00,-40.0,12.7,0.0,18.373,0.0,1
82,4,1967-09-28 18:00:00,-40.2,13.0,0.0,18.373,0.0,1
83,1,1967-09-28 06:00:00,-54.0,14.2,0.0,18.373,1001.0,1
83,2,1967-09-28 12:00:00,-55.0,14.4,0.0,18.373,1002.0,1
83,3,1967-09-28 18:00:00,-56.0,14.5,0.0,20.6696,1000.0,1
83,4,1967-09-29 00:00:00,-56.8,14.6,0.0,20.6696,0.0,1
83,5,1967-09-29 06:00:00,-57.6,14.6,0.0,18.373,0.0,1
84,1,1967-10-02 00:00:00,-93.0,20.9,0.0,18.373,0.0,1
84,2,1967-10-02 06:00:00,-93.0,21.5,0.0,25.2629,0.0,1
84,3,1967-10-02 12:00:00,-93.1,22.1,0.0,29.8561,0.0,1
84,4,1967-10-02 18:00:00,-93.4,22.4,0.0,29.8561,987.0,1
84,5,1967-10-03 00:00:00,-93.9,22.6,0.0,27.5595,0.0,1
84,6,1967-10-03 06:00:00,-94.6,22.7,0.0,27.5595,0.0,1
84,7,1967-10-03 12:00:00,-95.4,22.8,0.0,25.2629,993.0,1
84,8,1967-10-03 18:00:00,-96.2,22.8,0.0,22.9662,996.0,1
84,9,1967-10-04 00:00:00,-97.0,22.8,0.0,22.9662,997.0,1
84,10,1967-10-04 06:00:00,-97.7,22.6,0.0,22.9662,0.0,1
85,1,1967-10-06 00:00:00,-18.1,17.5,0.0,18.373,0.0,1
85,2,1967-10-06 06:00:00,-18.1,18.0,0.0,20.6696,0.0,1
85,3,1967-10-06 12:00:00,-18.2,18.5,0.0,20.6696,0.0,1
85,4,1967-10-06 18:00:00,-18.4,19.0,0.0,20.6696,0.0,1
85,5,1967-10-07 00:00:00,-18.7,19.4,0.0,18.373,0.0,1
86,1,1967-10-14 06:00:00,-71.5,27.0,0.0,18.373,1002.0,1
86,2,1967-10-14 12:00:00,-71.2,28.5,0.0,18.373,0.0,1
86,3,1967-10-14 18:00:00,-70.5,29.5,0.0,18.373,0.0,1
86,4,1967-10-15 00:00:00,-69.7,30.3,0.0,18.373,0.0,1
86,5,1967-10-15 06:00:00,-70.5,29.3,0.0,18.373,0.0,1
86,6,1967-10-15 12:00:00,-71.3,28.6,0.0,18.373,0.0,1
86,7,1967-10-15 18:00:00,-71.7,28.7,0.0,20.6696,0.0,1
86,8,1967-10-16 00:00:00,-71.8,28.8,0.0,20.6696,0.0,1
86,9,1967-10-16 06:00:00,-71.9,29.1,0.0,20.6696,0.0,1
86,10,1967-10-16 12:00:00,-72.1,29.4,0.0,20.6696,0.0,1
86,11,1967-10-16 18:00:00,-72.5,29.8,0.0,18.373,0.0,1
86,12,1967-10-17 18:00:00,-73.0,35.0,0.0,18.373,0.0,1
86,13,1967-10-18 00:00:00,-72.0,36.5,0.0,22.9662,0.0,1
86,14,1967-10-18 06:00:00,-70.5,38.5,0.0,22.9662,0.0,1
86,15,1967-10-18 12:00:00,-68.0,41.8,0.0,20.6696,0.0,1
86,16,1967-10-18 18:00:00,-65.5,45.5,0.0,18.373,0.0,1
86,17,1967-10-19 00:00:00,-64.5,47.0,0.0,18.373,0.0,1
87,1,1967-10-20 06:00:00,-58.5,21.0,0.0,18.373,0.0,1
87,2,1967-10-20 12:00:00,-60.0,21.1,0.0,20.6696,0.0,1
87,3,1967-10-20 18:00:00,-61.5,21.4,0.0,22.9662,0.0,1
87,4,1967-10-21 00:00:00,-62.9,21.9,0.0,22.9662,0.0,1
87,5,1967-10-21 06:00:00,-64.1,22.4,0.0,22.9662,0.0,1
87,6,1967-10-21 12:00:00,-65.2,23.2,0.0,22.9662,0.0,1
87,7,1967-10-21 18:00:00,-66.1,24.5,0.0,22.9662,1005.0,1
87,8,1967-10-22 00:00:00,-66.8,25.8,0.0,25.2629,0.0,1
87,9,1967-10-22 06:00:00,-67.0,26.9,0.0,25.2629,0.0,1
87,10,1967-10-22 12:00:00,-66.8,28.1,0.0,25.2629,1006.0,1
87,11,1967-10-22 18:00:00,-65.6,29.4,0.0,25.2629,1006.0,1
87,12,1967-10-23 00:00:00,-64.0,30.7,0.0,29.8561,995.0,1
87,13,1967-10-23 06:00:00,-62.0,31.9,0.0,29.8561,995.0,1
87,14,1967-10-23 12:00:00,-60.0,32.7,0.0,29.8561,994.0,1
87,15,1967-10-23 18:00:00,-58.0,32.9,0.0,32.1527,992.0,1
87,16,1967-10-24 00:00:00,-56.2,33.0,0.0,32.1527,0.0,1
87,17,1967-10-24 06:00:00,-54.5,33.0,0.0,29.8561,0.0,1
87,18,1967-10-24 12:00:00,-52.9,33.0,0.0,29.8561,999.0,1
87,19,1967-10-24 18:00:00,-51.3,33.0,0.0,29.8561,995.0,1
87,20,1967-10-25 00:00:00,-50.1,33.3,0.0,32.1527,0.0,1
87,21,1967-10-25 06:00:00,-49.3,33.8,0.0,32.1527,0.0,1
87,22,1967-10-25 12:00:00,-48.5,34.5,0.0,34.4494,988.0,1
87,23,1967-10-25 18:00:00,-47.6,35.0,0.0,34.4494,986.0,1
87,24,1967-10-26 00:00:00,-46.7,35.3,0.0,34.4494,0.0,1
87,25,1967-10-26 06:00:00,-46.3,35.6,0.0,34.4494,0.0,1
87,26,1967-10-26 12:00:00,-46.1,35.9,0.0,34.4494,985.0,1
87,27,1967-10-26 18:00:00,-46.2,36.2,0.0,34.4494,981.0,1
87,28,1967-10-27 00:00:00,-46.3,36.5,0.0,34.4494,0.0,1
87,29,1967-10-27 06:00:00,-46.4,36.7,0.0,32.1527,0.0,1
87,30,1967-10-27 12:00:00,-46.3,37.0,0.0,29.8561,991.0,1
87,31,1967-10-27 18:00:00,-46.0,37.5,0.0,29.8561,0.0,1
87,32,1967-10-28 00:00:00,-45.3,38.0,0.0,29.8561,0.0,1
87,33,1967-10-28 06:00:00,-44.6,38.4,0.0,29.8561,0.0,1
87,34,1967-10-28 12:00:00,-44.2,38.8,0.0,29.8561,994.0,1
87,35,1967-10-28 18:00:00,-44.0,39.1,0.0,29.8561,0.0,1
87,36,1967-10-29 00:00:00,-44.0,39.3,0.0,29.8561,0.0,1
87,37,1967-10-29 06:00:00,-44.1,39.4,0.0,29.8561,0.0,1
87,38,1967-10-29 12:00:00,-44.4,39.5,0.0,27.5595,999.0,1
87,39,1967-10-29 18:00:00,-44.8,39.2,0.0,27.5595,998.0,1
87,40,1967-10-30 00:00:00,-45.2,38.9,0.0,27.5595,0.0,1
87,41,1967-10-30 06:00:00,-45.6,38.7,0.0,27.5595,0.0,1
87,42,1967-10-30 12:00:00,-46.1,38.9,0.0,27.5595,0.0,1
87,43,1967-10-30 18:00:00,-46.7,39.3,0.0,27.5595,996.0,1
87,44,1967-10-31 00:00:00,-46.9,40.3,0.0,27.5595,0.0,1
87,45,1967-10-31 06:00:00,-46.4,41.4,0.0,25.2629,0.0,1
87,46,1967-10-31 12:00:00,-45.2,42.3,0.0,25.2629,0.0,1
87,47,1967-10-31 18:00:00,-43.6,43.0,0.0,22.9662,1005.0,1
87,48,1967-11-01 00:00:00,-42.0,43.5,0.0,22.9662,0.0,1
87,49,1967-11-01 06:00:00,-40.3,43.8,0.0,22.9662,0.0,1
87,50,1967-11-01 12:00:00,-39.0,43.5,0.0,20.6696,0.0,1
87,51,1967-11-01 18:00:00,-38.0,43.1,0.0,18.373,0.0,1
87,52,1967-11-02 00:00:00,-37.0,42.5,0.0,18.373,0.0,1
87,53,1967-11-02 06:00:00,-36.0,41.5,0.0,18.373,0.0,1
87,54,1967-11-02 12:00:00,-35.3,39.5,0.0,18.373,0.0,1
87,55,1967-11-02 18:00:00,-35.0,37.0,0.0,18.373,0.0,1
88,1,1968-06-02 18:00:00,-84.8,21.4,0.0,18.373,1002.0,1
88,2,1968-06-03 00:00:00,-84.4,22.1,0.0,20.6696,997.0,1
88,3,1968-06-03 06:00:00,-84.0,23.0,0.0,20.6696,999.0,1
88,4,1968-06-03 12:00:00,-83.7,24.0,0.0,20.6696,999.0,1
88,5,1968-06-03 18:00:00,-83.6,24.5,0.0,20.6696,997.0,1
88,6,1968-06-04 00:00:00,-83.4,25.0,0.0,22.9662,994.0,1
88,7,1968-06-04 06:00:00,-82.9,25.8,0.0,25.2629,993.0,1
88,8,1968-06-04 12:00:00,-82.3,26.7,0.0,25.2629,992.0,1
88,9,1968-06-04 18:00:00,-81.8,27.4,0.0,20.6696,0.0,1
88,10,1968-06-05 00:00:00,-81.1,28.0,0.0,20.6696,0.0,1
88,11,1968-06-05 06:00:00,-80.8,28.2,0.0,20.6696,0.0,1
88,12,1968-06-05 12:00:00,-80.5,28.2,0.0,25.2629,0.0,1
88,13,1968-06-05 18:00:00,-80.2,28.2,0.0,29.8561,994.0,1
88,14,1968-06-06 00:00:00,-80.1,28.3,0.0,29.8561,0.0,1
88,15,1968-06-06 06:00:00,-80.4,28.6,0.0,29.8561,0.0,1
88,16,1968-06-06 12:00:00,-80.8,29.2,0.0,27.5595,992.0,1
88,17,1968-06-06 18:00:00,-81.2,29.9,0.0,25.2629,995.0,1
88,18,1968-06-07 00:00:00,-81.5,30.6,0.0,22.9662,997.0,1
88,19,1968-06-07 06:00:00,-81.8,31.4,0.0,18.373,999.0,1
89,1,1968-06-21 06:00:00,-76.5,31.0,0.0,18.373,0.0,1
89,2,1968-06-21 12:00:00,-75.2,31.0,0.0,18.373,1005.0,1
89,3,1968-06-21 18:00:00,-74.3,31.0,0.0,25.2629,995.0,1
89,4,1968-06-22 00:00:00,-73.7,31.0,0.0,25.2629,0.0,1
89,5,1968-06-22 06:00:00,-73.1,31.1,0.0,25.2629,0.0,1
89,6,1968-06-22 12:00:00,-72.5,31.5,0.0,25.2629,998.0,1
89,7,1968-06-22 18:00:00,-71.9,32.1,0.0,27.5595,997.0,1
89,8,1968-06-23 00:00:00,-71.2,32.7,0.0,27.5595,997.0,1
89,9,1968-06-23 06:00:00,-70.1,33.7,0.0,27.5595,995.0,1
89,10,1968-06-23 12:00:00,-68.5,34.6,0.0,29.8561,992.0,1
89,11,1968-06-23 18:00:00,-66.6,35.1,0.0,29.8561,992.0,1
89,12,1968-06-24 00:00:00,-64.3,35.4,0.0,32.1527,991.0,1
89,13,1968-06-24 06:00:00,-61.8,35.4,0.0,32.1527,990.0,1
89,14,1968-06-24 12:00:00,-59.3,35.5,0.0,32.1527,990.0,1
89,15,1968-06-24 18:00:00,-56.6,35.7,0.0,29.8561,994.0,1
89,16,1968-06-25 00:00:00,-54.0,35.8,0.0,27.5595,997.0,1
89,17,1968-06-25 06:00:00,-51.5,36.2,0.0,27.5595,996.0,1
89,18,1968-06-25 12:00:00,-48.9,36.7,0.0,27.5595,994.0,1
89,19,1968-06-25 18:00:00,-46.2,37.2,0.0,25.2629,0.0,1
89,20,1968-06-26 00:00:00,-43.5,37.8,0.0,18.373,0.0,1
90,1,1968-06-23 12:00:00,-96.1,24.6,0.0,18.373,0.0,1
90,2,1968-06-23 18:00:00,-96.6,26.4,0.0,22.9662,1001.0,1
90,3,1968-06-24 00:00:00,-97.2,28.3,0.0,27.5595,995.0,1
90,4,1968-06-24 06:00:00,-97.6,30.0,0.0,18.373,0.0,1
91,1,1968-08-11 12:00:00,-78.8,31.9,0.0,18.373,1004.0,1
91,2,1968-08-11 18:00:00,-77.3,32.9,0.0,20.6696,0.0,1
91,3,1968-08-12 00:00:00,-75.6,33.8,0.0,22.9662,0.0,1
91,4,1968-08-12 06:00:00,-73.5,34.4,0.0,25.2629,0.0,1
91,5,1968-08-12 12:00:00,-71.3,35.0,0.0,29.8561,994.0,1
91,6,1968-08-12 18:00:00,-69.0,35.7,0.0,34.4494,990.0,1
91,7,1968-08-13 00:00:00,-66.6,36.4,0.0,34.4494,985.0,1
91,8,1968-08-13 06:00:00,-64.2,37.0,0.0,32.1527,990.0,1
91,9,1968-08-13 12:00:00,-62.0,37.6,0.0,27.5595,995.0,1
91,10,1968-08-13 18:00:00,-59.9,38.2,0.0,27.5595,996.0,1
91,11,1968-08-14 00:00:00,-57.5,38.8,0.0,27.5595,999.0,1
91,12,1968-08-14 06:00:00,-54.4,39.3,0.0,32.1527,993.0,1
91,13,1968-08-14 12:00:00,-51.3,39.8,0.0,34.4494,986.0,1
91,14,1968-08-14 18:00:00,-48.7,40.2,0.0,34.4494,0.0,1
91,15,1968-08-15 00:00:00,-46.3,40.5,0.0,34.4494,0.0,1
91,16,1968-08-15 06:00:00,-44.0,40.7,0.0,32.1527,0.0,1
91,17,1968-08-15 12:00:00,-41.5,40.8,0.0,29.8561,0.0,1
91,18,1968-08-15 18:00:00,-38.9,40.9,0.0,27.5595,0.0,1
91,19,1968-08-16 00:00:00,-36.5,41.3,0.0,22.9662,0.0,1
91,20,1968-08-16 06:00:00,-34.0,42.0,0.0,18.373,0.0,1
92,1,1968-09-11 06:00:00,-73.7,39.0,0.0,20.6696,0.0,1
92,2,1968-09-11 12:00:00,-73.0,41.5,0.0,25.2629,997.0,1
92,3,1968-09-11 18:00:00,-72.3,44.0,0.0,20.6696,0.0,1
92,4,1968-09-12 00:00:00,-71.6,46.0,0.0,18.373,0.0,1
92,5,1968-09-12 06:00:00,-70.9,47.8,0.0,18.373,0.0,1
92,6,1968-09-13 00:00:00,-66.0,49.9,0.0,18.373,0.0,1
92,7,1968-09-13 06:00:00,-63.5,50.0,0.0,18.373,0.0,1
92,8,1968-09-13 12:00:00,-61.0,50.1,0.0,18.373,0.0,1
92,9,1968-09-13 18:00:00,-59.0,50.2,0.0,18.373,0.0,1
92,10,1968-09-14 00:00:00,-57.2,50.5,0.0,20.6696,0.0,1
92,11,1968-09-14 06:00:00,-55.7,50.9,0.0,20.6696,0.0,1
92,12,1968-09-14 12:00:00,-54.5,51.5,0.0,20.6696,0.0,1
92,13,1968-09-14 18:00:00,-53.5,52.1,0.0,20.6696,0.0,1
92,14,1968-09-15 00:00:00,-52.5,52.8,0.0,20.6696,0.0,1
92,15,1968-09-15 06:00:00,-51.5,53.4,0.0,20.6696,0.0,1
92,16,1968-09-15 12:00:00,-50.5,54.0,0.0,20.6696,0.0,1
92,17,1968-09-15 18:00:00,-49.5,54.6,0.0,20.6696,0.0,1
92,18,1968-09-16 00:00:00,-48.2,55.2,0.0,20.6696,0.0,1
92,19,1968-09-16 06:00:00,-46.7,55.6,0.0,20.6696,0.0,1
92,20,1968-09-16 12:00:00,-45.0,55.9,0.0,20.6696,0.0,1
92,21,1968-09-16 18:00:00,-43.0,56.0,0.0,20.6696,0.0,1
92,22,1968-09-17 00:00:00,-41.2,56.0,0.0,18.373,0.0,1
92,23,1968-09-17 06:00:00,-39.3,56.0,0.0,18.373,0.0,1
93,1,1968-09-14 12:00:00,-32.9,15.3,0.0,20.6696,0.0,1
93,2,1968-09-14 18:00:00,-33.9,15.6,0.0,25.2629,0.0,1
93,3,1968-09-15 00:00:00,-34.9,15.8,0.0,27.5595,0.0,1
93,4,1968-09-15 06:00:00,-35.8,16.0,0.0,27.5595,0.0,1
93,5,1968-09-15 12:00:00,-36.7,16.2,0.0,27.5595,0.0,1
93,6,1968-09-15 18:00:00,-37.7,16.3,0.0,25.2629,0.0,1
93,7,1968-09-16 00:00:00,-38.6,16.4,0.0,25.2629,0.0,1
93,8,1968-09-16 06:00:00,-39.6,16.5,0.0,22.9662,0.0,1
93,9,1968-09-16 12:00:00,-40.7,16.5,0.0,20.6696,0.0,1
93,10,1968-09-16 18:00:00,-41.7,16.6,0.0,18.373,0.0,1
94,1,1968-09-16 00:00:00,-67.9,34.1,0.0,18.373,0.0,1
94,2,1968-09-16 06:00:00,-67.6,34.8,0.0,20.6696,0.0,1
94,3,1968-09-16 12:00:00,-67.2,36.0,0.0,20.6696,0.0,1
94,4,1968-09-16 18:00:00,-66.2,37.4,0.0,20.6696,0.0,1
94,5,1968-09-17 00:00:00,-65.0,38.5,0.0,22.9662,0.0,1
94,6,1968-09-17 06:00:00,-63.9,38.9,0.0,25.2629,0.0,1
94,7,1968-09-17 12:00:00,-63.0,38.9,0.0,25.2629,0.0,1
94,8,1968-09-17 18:00:00,-62.4,38.8,0.0,25.2629,0.0,1
94,9,1968-09-18 00:00:00,-62.0,38.5,0.0,27.5595,0.0,1
94,10,1968-09-18 06:00:00,-61.6,38.3,0.0,27.5595,0.0,1
94,11,1968-09-18 12:00:00,-61.2,38.1,0.0,27.5595,0.0,1
94,12,1968-09-18 18:00:00,-60.8,37.9,0.0,27.5595,0.0,1
94,13,1968-09-19 00:00:00,-60.4,37.7,0.0,27.5595,0.0,1
94,14,1968-09-19 06:00:00,-59.8,37.4,0.0,27.5595,0.0,1
94,15,1968-09-19 12:00:00,-59.2,37.1,0.0,27.5595,0.0,1
94,16,1968-09-19 18:00:00,-57.7,36.5,0.0,27.5595,0.0,1
94,17,1968-09-20 00:00:00,-55.7,35.9,0.0,29.8561,0.0,1
94,18,1968-09-20 06:00:00,-52.6,35.5,0.0,32.1527,0.0,1
94,19,1968-09-20 12:00:00,-49.5,35.5,0.0,34.4494,976.0,1
94,20,1968-09-20 18:00:00,-47.5,36.6,0.0,34.4494,0.0,1
94,21,1968-09-21 00:00:00,-46.5,38.0,0.0,32.1527,0.0,1
94,22,1968-09-21 06:00:00,-45.6,39.0,0.0,32.1527,0.0,1
94,23,1968-09-21 12:00:00,-44.7,39.6,0.0,29.8561,982.0,1
94,24,1968-09-21 18:00:00,-44.0,40.0,0.0,29.8561,983.0,1
94,25,1968-09-22 00:00:00,-43.3,40.4,0.0,27.5595,984.0,1
94,26,1968-09-22 06:00:00,-42.5,40.8,0.0,27.5595,0.0,1
94,27,1968-09-22 12:00:00,-41.7,41.1,0.0,27.5595,0.0,1
94,28,1968-09-22 18:00:00,-40.5,41.5,0.0,25.2629,0.0,1
94,29,1968-09-23 00:00:00,-39.3,41.9,0.0,25.2629,0.0,1
94,30,1968-09-23 06:00:00,-38.0,42.2,0.0,22.9662,0.0,1
94,31,1968-09-23 12:00:00,-36.6,42.5,0.0,20.6696,0.0,1
94,32,1968-09-23 18:00:00,-35.1,42.8,0.0,20.6696,0.0,1
94,33,1968-09-24 00:00:00,-33.6,43.2,0.0,20.6696,0.0,1
94,34,1968-09-24 06:00:00,-31.7,43.8,0.0,20.6696,0.0,1
94,35,1968-09-24 12:00:00,-30.0,44.5,0.0,20.6696,0.0,1
94,36,1968-09-24 18:00:00,-27.4,45.8,0.0,18.373,0.0,1
95,1,1968-09-26 18:00:00,-68.2,33.7,0.0,18.373,1003.0,1
95,2,1968-09-27 00:00:00,-67.7,33.9,0.0,18.373,0.0,1
95,3,1968-09-27 06:00:00,-67.1,34.1,0.0,20.6696,0.0,1
95,4,1968-09-27 12:00:00,-66.2,34.3,0.0,22.9662,0.0,1
95,5,1968-09-27 18:00:00,-65.3,34.5,0.0,22.9662,1001.0,1
95,6,1968-09-28 00:00:00,-63.7,34.7,0.0,22.9662,0.0,1
95,7,1968-09-28 06:00:00,-61.9,34.9,0.0,20.6696,0.0,1
95,8,1968-09-28 12:00:00,-59.8,35.1,0.0,20.6696,0.0,1
95,9,1968-09-28 18:00:00,-57.8,35.4,0.0,20.6696,1003.0,1
95,10,1968-09-29 00:00:00,-55.7,35.7,0.0,18.373,1004.0,1
95,11,1968-09-29 06:00:00,-53.5,36.0,0.0,18.373,1004.0,1
96,1,1968-10-15 06:00:00,-83.0,18.9,0.0,18.373,1001.0,1
96,2,1968-10-15 12:00:00,-83.3,19.4,0.0,20.6696,999.0,1
96,3,1968-10-15 18:00:00,-83.4,19.9,0.0,22.9662,998.0,1
96,4,1968-10-16 00:00:00,-83.5,20.5,0.0,25.2629,994.0,1
96,5,1968-10-16 06:00:00,-83.6,21.1,0.0,25.2629,995.0,1
96,6,1968-10-16 12:00:00,-83.5,21.7,0.0,25.2629,996.0,1
96,7,1968-10-16 18:00:00,-83.3,23.0,0.0,25.2629,993.0,1
96,8,1968-10-17 00:00:00,-83.3,24.3,0.0,27.5595,990.0,1
96,9,1968-10-17 06:00:00,-83.7,25.1,0.0,29.8561,988.0,1
96,10,1968-10-17 12:00:00,-84.0,25.8,0.0,32.1527,986.0,1
96,11,1968-10-17 18:00:00,-84.1,26.3,0.0,32.1527,986.0,1
96,12,1968-10-18 00:00:00,-84.2,26.7,0.0,32.1527,985.0,1
96,13,1968-10-18 06:00:00,-84.2,27.0,0.0,34.4494,983.0,1
96,14,1968-10-18 12:00:00,-84.1,27.4,0.0,36.746,980.0,1
96,15,1968-10-18 18:00:00,-83.7,27.8,0.0,36.746,979.0,1
96,16,1968-10-19 00:00:00,-83.1,28.3,0.0,39.0426,977.0,1
96,17,1968-10-19 06:00:00,-82.5,28.8,0.0,36.746,980.0,1
96,18,1968-10-19 12:00:00,-81.0,30.0,0.0,32.1527,987.0,1
96,19,1968-10-19 18:00:00,-79.7,31.3,0.0,34.4494,981.0,1
96,20,1968-10-20 00:00:00,-78.2,32.9,0.0,34.4494,983.0,1
96,21,1968-10-20 06:00:00,-76.6,34.3,0.0,34.4494,985.0,1
96,22,1968-10-20 12:00:00,-74.6,35.5,0.0,32.1527,983.0,1
96,23,1968-10-20 18:00:00,-72.0,37.0,0.0,32.1527,981.0,1
96,24,1968-10-21 00:00:00,-68.3,38.6,0.0,29.8561,0.0,1
96,25,1968-10-21 06:00:00,-64.9,40.7,0.0,29.8561,0.0,1
96,26,1968-10-21 12:00:00,-62.9,43.9,0.0,27.5595,0.0,1
96,27,1968-10-21 18:00:00,-61.0,46.0,0.0,22.9662,0.0,1
97,1,1969-07-27 18:00:00,-37.0,11.7,0.0,18.373,1002.0,1
97,2,1969-07-28 00:00:00,-38.0,12.0,0.0,18.373,0.0,1
97,3,1969-07-28 06:00:00,-39.0,12.3,0.0,20.6696,0.0,1
97,4,1969-07-28 12:00:00,-40.0,12.7,0.0,22.9662,0.0,1
97,5,1969-07-28 18:00:00,-41.0,13.1,0.0,22.9662,0.0,1
97,6,1969-07-29 00:00:00,-42.1,13.5,0.0,22.9662,0.0,1
97,7,1969-07-29 06:00:00,-43.3,13.9,0.0,22.9662,0.0,1
97,8,1969-07-29 12:00:00,-44.6,14.2,0.0,22.9662,0.0,1
97,9,1969-07-29 18:00:00,-46.0,14.5,0.0,22.9662,1003.0,1
97,10,1969-07-30 00:00:00,-47.6,14.8,0.0,22.9662,0.0,1
97,11,1969-07-30 06:00:00,-49.7,15.0,0.0,22.9662,0.0,1
97,12,1969-07-30 12:00:00,-51.9,15.3,0.0,20.6696,1005.0,1
97,13,1969-07-30 18:00:00,-54.0,15.7,0.0,20.6696,1004.0,1
97,14,1969-07-31 00:00:00,-56.2,16.1,0.0,20.6696,1004.0,1
97,15,1969-07-31 06:00:00,-59.0,16.8,0.0,18.373,0.0,1
97,16,1969-08-03 00:00:00,-74.0,34.0,0.0,18.373,0.0,1
97,17,1969-08-03 06:00:00,-72.5,36.5,0.0,22.9662,0.0,1
97,18,1969-08-03 12:00:00,-69.5,39.0,0.0,25.2629,0.0,1
97,19,1969-08-03 18:00:00,-65.6,40.9,0.0,27.5595,1002.0,1
97,20,1969-08-04 00:00:00,-61.8,41.5,0.0,27.5595,1001.0,1
97,21,1969-08-04 06:00:00,-57.5,42.0,0.0,22.9662,0.0,1
97,22,1969-08-04 12:00:00,-53.0,42.5,0.0,20.6696,0.0,1
97,23,1969-08-04 18:00:00,-47.0,43.0,0.0,20.6696,0.0,1
98,1,1969-08-11 06:00:00,-71.6,30.2,0.0,18.373,0.0,1
98,2,1969-08-11 12:00:00,-71.1,32.5,0.0,22.9662,0.0,1
98,3,1969-08-11 18:00:00,-69.9,35.5,0.0,32.1527,997.0,1
98,4,1969-08-12 00:00:00,-68.0,39.0,0.0,34.4494,0.0,1
98,5,1969-08-12 06:00:00,-64.7,42.0,0.0,34.4494,0.0,1
98,6,1969-08-12 12:00:00,-60.4,44.3,0.0,32.1527,996.0,1
98,7,1969-08-12 18:00:00,-54.9,46.0,0.0,29.8561,0.0,1
98,8,1969-08-13 00:00:00,-49.0,47.1,0.0,25.2629,0.0,1
98,9,1969-08-13 06:00:00,-43.0,47.5,0.0,18.373,0.0,1
99,1,1969-08-14 12:00:00,-81.3,18.8,0.0,20.6696,0.0,1
99,2,1969-08-14 18:00:00,-82.0,19.1,0.0,22.9662,0.0,1
99,3,1969-08-15 00:00:00,-82.7,19.5,0.0,25.2629,991.0,1
99,4,1969-08-15 06:00:00,-83.3,20.0,0.0,29.8561,980.0,1
99,5,1969-08-15 12:00:00,-83.8,20.6,0.0,41.3392,969.0,1
99,6,1969-08-15 18:00:00,-84.1,21.3,0.0,43.6359,966.0,1
99,7,1969-08-16 00:00:00,-84.4,22.3,0.0,41.3392,0.0,1
99,8,1969-08-16 06:00:00,-85.2,23.1,0.0,48.2291,0.0,1
99,9,1969-08-16 12:00:00,-86.0,23.8,0.0,59.7122,0.0,1
99,10,1969-08-16 18:00:00,-86.6,24.3,0.0,68.8987,908.0,1
99,11,1969-08-17 00:00:00,-87.2,25.2,0.0,68.8987,905.0,1
99,12,1969-08-17 06:00:00,-87.7,26.0,0.0,66.6021,0.0,1
99,13,1969-08-17 12:00:00,-88.3,27.0,0.0,64.3055,0.0,1
99,14,1969-08-17 18:00:00,-88.7,28.2,0.0,62.0089,919.0,1
99,15,1969-08-18 00:00:00,-89.0,29.4,0.0,64.3055,908.0,1
99,16,1969-08-18 06:00:00,-89.6,30.7,0.0,52.8224,0.0,1
99,17,1969-08-18 12:00:00,-89.9,32.0,0.0,34.4494,0.0,1
99,18,1969-08-18 18:00:00,-90.1,33.4,0.0,22.9662,0.0,1
99,19,1969-08-20 18:00:00,-75.3,37.0,0.0,20.6696,1000.0,1
99,20,1969-08-21 00:00:00,-73.6,36.7,0.0,22.9662,0.0,1
99,21,1969-08-21 06:00:00,-70.9,36.7,0.0,25.2629,0.0,1
99,22,1969-08-21 12:00:00,-68.1,37.1,0.0,27.5595,0.0,1
99,23,1969-08-21 18:00:00,-64.7,37.8,0.0,27.5595,0.0,1
99,24,1969-08-22 00:00:00,-61.8,39.2,0.0,25.2629,0.0,1
99,25,1969-08-22 06:00:00,-58.2,40.8,0.0,20.6696,0.0,1
100,1,1969-08-15 06:00:00,-40.0,13.8,0.0,18.373,0.0,1
100,2,1969-08-15 12:00:00,-41.5,14.0,0.0,20.6696,0.0,1
100,3,1969-08-15 18:00:00,-43.0,14.3,0.0,22.9662,0.0,1
100,4,1969-08-16 00:00:00,-44.5,14.5,0.0,25.2629,0.0,1
100,5,1969-08-16 06:00:00,-45.7,14.7,0.0,27.5595,0.0,1
100,6,1969-08-16 12:00:00,-46.9,15.0,0.0,29.8561,0.0,1
100,7,1969-08-16 18:00:00,-48.0,15.5,0.0,29.8561,987.0,1
100,8,1969-08-17 00:00:00,-49.0,16.0,0.0,32.1527,0.0,1
100,9,1969-08-17 06:00:00,-50.0,16.5,0.0,34.4494,0.0,1
100,10,1969-08-17 12:00:00,-50.8,17.0,0.0,39.0426,974.0,1
100,11,1969-08-17 18:00:00,-51.7,17.7,0.0,41.3392,970.0,1
100,12,1969-08-18 00:00:00,-52.6,18.4,0.0,41.3392,966.0,1
100,13,1969-08-18 06:00:00,-53.3,19.0,0.0,41.3392,967.0,1
100,14,1969-08-18 12:00:00,-54.0,19.6,0.0,39.0426,971.0,1
100,15,1969-08-18 18:00:00,-54.6,20.3,0.0,39.0426,971.0,1
100,16,1969-08-19 00:00:00,-55.4,21.0,0.0,36.746,977.0,1
100,17,1969-08-19 06:00:00,-56.6,21.7,0.0,36.746,976.0,1
100,18,1969-08-19 12:00:00,-57.8,22.4,0.0,39.0426,973.0,1
100,19,1969-08-19 18:00:00,-59.2,23.1,0.0,45.9325,964.0,1
100,20,1969-08-20 00:00:00,-60.6,23.8,0.0,50.5258,954.0,1
100,21,1969-08-20 06:00:00,-62.1,24.4,0.0,50.5258,952.0,1
100,22,1969-08-20 12:00:00,-63.3,25.1,0.0,50.5258,954.0,1
100,23,1969-08-20 18:00:00,-64.2,25.8,0.0,50.5258,950.0,1
100,24,1969-08-21 00:00:00,-64.9,26.6,0.0,43.6359,959.0,1
100,25,1969-08-21 06:00:00,-65.1,27.4,0.0,43.6359,958.0,1
100,26,1969-08-21 12:00:00,-64.8,28.4,0.0,43.6359,959.0,1
100,27,1969-08-21 18:00:00,-64.0,29.4,0.0,43.6359,959.0,1
100,28,1969-08-22 00:00:00,-62.8,30.3,0.0,43.6359,959.0,1
100,29,1969-08-22 06:00:00,-61.4,31.3,0.0,41.3392,965.0,1
100,30,1969-08-22 12:00:00,-60.0,32.6,0.0,41.3392,964.0,1
100,31,1969-08-22 18:00:00,-58.8,33.9,0.0,41.3392,963.0,1
100,32,1969-08-23 00:00:00,-57.5,35.4,0.0,41.3392,965.0,1
100,33,1969-08-23 06:00:00,-56.3,36.9,0.0,39.0426,967.0,1
100,34,1969-08-23 12:00:00,-55.0,38.5,0.0,36.746,0.0,1
100,35,1969-08-23 18:00:00,-53.8,40.6,0.0,34.4494,0.0,1
100,36,1969-08-24 00:00:00,-53.1,43.0,0.0,32.1527,0.0,1
100,37,1969-08-24 06:00:00,-52.7,45.5,0.0,29.8561,0.0,1
100,38,1969-08-24 12:00:00,-52.0,48.0,0.0,27.5595,0.0,1
100,39,1969-08-24 18:00:00,-50.5,50.5,0.0,25.2629,0.0,1
100,40,1969-08-25 00:00:00,-48.0,53.0,0.0,22.9662,0.0,1
100,41,1969-08-25 06:00:00,-43.5,56.5,0.0,22.9662,0.0,1
100,42,1969-08-25 12:00:00,-38.5,60.5,0.0,25.2629,988.0,1
100,43,1969-08-25 18:00:00,-33.5,62.5,0.0,22.9662,990.0,1
100,44,1969-08-26 00:00:00,-28.0,63.5,0.0,20.6696,992.0,1
100,45,1969-08-26 06:00:00,-18.0,65.0,0.0,20.6696,993.0,1
100,46,1969-08-26 12:00:00,-10.0,66.0,0.0,18.373,994.0,1
100,47,1969-08-26 18:00:00,-7.5,66.0,0.0,18.373,995.0,1
100,48,1969-08-27 00:00:00,-5.0,66.5,0.0,18.373,995.0,1
100,49,1969-08-27 06:00:00,0.0,64.5,0.0,18.373,995.0,1
101,1,1969-08-25 18:00:00,-76.1,29.7,0.0,18.373,0.0,1
101,2,1969-08-26 00:00:00,-75.2,30.0,0.0,18.373,999.0,1
101,3,1969-08-26 06:00:00,-74.4,30.3,0.0,20.6696,997.0,1
101,4,1969-08-26 12:00:00,-73.7,30.7,0.0,20.6696,995.0,1
101,5,1969-08-26 18:00:00,-72.9,31.3,0.0,20.6696,997.0,1
101,6,1969-08-27 00:00:00,-71.5,32.0,0.0,18.373,0.0,1
102,1,1969-08-30 06:00:00,-71.0,13.5,0.0,18.373,0.0,1
102,2,1969-08-30 12:00:00,-72.6,13.8,0.0,22.9662,1001.0,1
102,3,1969-08-30 18:00:00,-74.2,14.1,0.0,25.2629,999.0,1
102,4,1969-08-31 00:00:00,-75.7,14.4,0.0,25.2629,0.0,1
102,5,1969-08-31 06:00:00,-76.9,14.8,0.0,25.2629,0.0,1
102,6,1969-08-31 12:00:00,-77.8,15.3,0.0,25.2629,0.0,1
102,7,1969-08-31 18:00:00,-78.6,15.8,0.0,22.9662,0.0,1
102,8,1969-09-01 00:00:00,-79.5,16.2,0.0,20.6696,1002.0,1
102,9,1969-09-01 06:00:00,-80.7,16.6,0.0,20.6696,0.0,1
102,10,1969-09-01 12:00:00,-82.0,17.0,0.0,22.9662,0.0,1
102,11,1969-09-01 18:00:00,-83.3,17.3,0.0,25.2629,995.0,1
102,12,1969-09-02 00:00:00,-84.6,17.2,0.0,29.8561,987.0,1
102,13,1969-09-02 06:00:00,-85.4,16.9,0.0,32.1527,983.0,1
102,14,1969-09-02 12:00:00,-86.1,16.6,0.0,36.746,976.0,1
102,15,1969-09-02 18:00:00,-86.7,16.4,0.0,39.0426,973.0,1
102,16,1969-09-03 00:00:00,-87.3,16.3,0.0,39.0426,0.0,1
102,17,1969-09-03 06:00:00,-87.7,16.3,0.0,39.0426,0.0,1
102,18,1969-09-03 12:00:00,-88.2,16.2,0.0,39.0426,0.0,1
102,19,1969-09-03 18:00:00,-88.6,16.2,0.0,39.0426,0.0,1
102,20,1969-09-04 00:00:00,-89.0,16.2,0.0,32.1527,0.0,1
102,21,1969-09-04 06:00:00,-89.4,16.2,0.0,20.6696,0.0,1
103,1,1969-09-08 06:00:00,-79.6,29.5,0.0,18.373,0.0,1
103,2,1969-09-08 12:00:00,-79.0,30.4,0.0,22.9662,1000.0,1
103,3,1969-09-08 18:00:00,-78.0,31.7,0.0,27.5595,993.0,1
103,4,1969-09-09 00:00:00,-76.3,33.4,0.0,32.1527,991.0,1
103,5,1969-09-09 06:00:00,-74.4,35.4,0.0,36.746,986.0,1
103,6,1969-09-09 12:00:00,-72.2,38.0,0.0,41.3392,984.0,1
103,7,1969-09-09 18:00:00,-69.4,40.9,0.0,48.2291,980.0,1
103,8,1969-09-10 00:00:00,-67.5,44.0,0.0,34.4494,981.0,1
103,9,1969-09-10 06:00:00,-66.0,48.5,0.0,25.2629,982.0,1
103,10,1969-09-10 12:00:00,-65.0,53.0,0.0,18.373,984.0,1
103,11,1969-09-10 18:00:00,-63.5,56.0,0.0,18.373,982.0,1
103,12,1969-09-11 00:00:00,-62.0,59.0,0.0,20.6696,977.0,1
103,13,1969-09-11 06:00:00,-61.0,61.0,0.0,20.6696,977.0,1
103,14,1969-09-11 12:00:00,-60.0,62.0,0.0,20.6696,977.0,1
103,15,1969-09-11 18:00:00,-60.0,63.5,0.0,20.6696,977.0,1
103,16,1969-09-12 00:00:00,-62.0,65.0,0.0,20.6696,980.0,1
103,17,1969-09-12 06:00:00,-64.0,66.5,0.0,22.9662,980.0,1
104,1,1969-09-14 12:00:00,-47.8,11.9,0.0,18.373,0.0,1
104,2,1969-09-14 18:00:00,-48.2,12.2,0.0,18.373,1000.0,1
104,3,1969-09-15 00:00:00,-48.5,12.6,0.0,20.6696,0.0,1
104,4,1969-09-15 06:00:00,-48.8,13.2,0.0,22.9662,0.0,1
104,5,1969-09-15 12:00:00,-49.1,13.9,0.0,25.2629,994.0,1
104,6,1969-09-15 18:00:00,-49.5,14.5,0.0,27.5595,992.0,1
104,7,1969-09-16 00:00:00,-49.9,15.0,0.0,27.5595,992.0,1
104,8,1969-09-16 06:00:00,-50.2,15.4,0.0,27.5595,992.0,1
104,9,1969-09-16 12:00:00,-50.4,15.7,0.0,27.5595,994.0,1
104,10,1969-09-16 18:00:00,-50.8,16.0,0.0,32.1527,984.0,1
104,11,1969-09-17 00:00:00,-51.3,16.3,0.0,25.2629,999.0,1
104,12,1969-09-17 06:00:00,-51.8,16.6,0.0,25.2629,997.0,1
104,13,1969-09-17 12:00:00,-52.3,16.8,0.0,22.9662,1000.0,1
104,14,1969-09-17 18:00:00,-52.9,17.0,0.0,20.6696,1002.0,1
104,15,1969-09-18 00:00:00,-53.6,17.0,0.0,18.373,1004.0,1
104,16,1969-09-18 06:00:00,-54.3,16.8,0.0,18.373,1004.0,1
105,1,1969-09-21 18:00:00,-51.9,16.9,0.0,18.373,0.0,1
105,2,1969-09-22 00:00:00,-52.4,17.0,0.0,18.373,0.0,1
105,3,1969-09-22 06:00:00,-52.9,17.1,0.0,18.373,0.0,1
105,4,1969-09-28 12:00:00,-64.0,23.5,0.0,18.373,1000.0,1
105,5,1969-09-28 18:00:00,-64.2,23.8,0.0,18.373,0.0,1
105,6,1969-09-29 00:00:00,-64.4,24.1,0.0,20.6696,0.0,1
105,7,1969-09-29 06:00:00,-64.6,24.5,0.0,20.6696,0.0,1
105,8,1969-09-29 12:00:00,-64.8,24.9,0.0,22.9662,992.0,1
105,9,1969-09-29 18:00:00,-64.9,25.4,0.0,22.9662,991.0,1
105,10,1969-09-30 00:00:00,-64.7,26.0,0.0,22.9662,994.0,1
105,11,1969-09-30 06:00:00,-64.2,26.7,0.0,22.9662,990.0,1
105,12,1969-09-30 12:00:00,-63.8,27.2,0.0,22.9662,994.0,1
105,13,1969-09-30 18:00:00,-63.4,27.8,0.0,25.2629,989.0,1
105,14,1969-10-01 00:00:00,-63.0,28.3,0.0,25.2629,988.0,1
105,15,1969-10-01 06:00:00,-62.6,28.8,0.0,25.2629,991.0,1
105,16,1969-10-01 12:00:00,-62.2,29.3,0.0,25.2629,991.0,1
105,17,1969-10-01 18:00:00,-61.8,29.7,0.0,27.5595,987.0,1
105,18,1969-10-02 00:00:00,-61.6,29.7,0.0,27.5595,986.0,1
105,19,1969-10-02 06:00:00,-61.5,29.3,0.0,27.5595,988.0,1
105,20,1969-10-02 12:00:00,-61.6,28.9,0.0,27.5595,989.0,1
105,21,1969-10-02 18:00:00,-61.8,28.5,0.0,27.5595,987.0,1
105,22,1969-10-03 00:00:00,-62.1,28.1,0.0,27.5595,986.0,1
105,23,1969-10-03 06:00:00,-62.7,27.8,0.0,27.5595,988.0,1
105,24,1969-10-03 12:00:00,-63.4,27.6,0.0,27.5595,989.0,1
105,25,1969-10-03 18:00:00,-64.2,27.6,0.0,27.5595,990.0,1
105,26,1969-10-04 00:00:00,-64.9,27.7,0.0,29.8561,986.0,1
105,27,1969-10-04 06:00:00,-65.5,28.0,0.0,32.1527,983.0,1
105,28,1969-10-04 12:00:00,-65.7,28.4,0.0,34.4494,980.0,1
105,29,1969-10-04 18:00:00,-65.1,29.1,0.0,41.3392,969.0,1
105,30,1969-10-05 00:00:00,-63.8,29.7,0.0,41.3392,968.0,1
105,31,1969-10-05 06:00:00,-62.3,30.5,0.0,43.6359,966.0,1
105,32,1969-10-05 12:00:00,-60.7,31.2,0.0,43.6359,964.0,1
105,33,1969-10-05 18:00:00,-59.5,31.9,0.0,43.6359,964.0,1
105,34,1969-10-06 00:00:00,-58.3,32.6,0.0,41.3392,971.0,1
105,35,1969-10-06 06:00:00,-57.3,33.2,0.0,34.4494,978.0,1
105,36,1969-10-06 12:00:00,-56.5,33.7,0.0,32.1527,981.0,1
105,37,1969-10-06 18:00:00,-56.0,34.0,0.0,29.8561,983.0,1
105,38,1969-10-07 00:00:00,-55.5,34.2,0.0,29.8561,0.0,1
105,39,1969-10-07 06:00:00,-55.1,34.3,0.0,32.1527,0.0,1
105,40,1969-10-07 12:00:00,-54.7,34.4,0.0,32.1527,980.0,1
105,41,1969-10-07 18:00:00,-54.2,34.5,0.0,32.1527,983.0,1
105,42,1969-10-08 00:00:00,-53.6,34.5,0.0,29.8561,989.0,1
105,43,1969-10-08 06:00:00,-53.2,34.4,0.0,29.8561,989.0,1
105,44,1969-10-08 12:00:00,-52.8,34.3,0.0,29.8561,989.0,1
105,45,1969-10-08 18:00:00,-52.4,34.1,0.0,32.1527,983.0,1
105,46,1969-10-09 00:00:00,-52.0,33.9,0.0,32.1527,0.0,1
105,47,1969-10-09 06:00:00,-51.7,33.3,0.0,32.1527,0.0,1
105,48,1969-10-09 12:00:00,-51.5,32.7,0.0,29.8561,0.0,1
105,49,1969-10-09 18:00:00,-51.4,32.2,0.0,29.8561,986.0,1
105,50,1969-10-10 00:00:00,-51.3,31.7,0.0,27.5595,0.0,1
105,51,1969-10-10 06:00:00,-51.2,31.2,0.0,27.5595,0.0,1
105,52,1969-10-10 12:00:00,-51.1,30.6,0.0,25.2629,994.0,1
105,53,1969-10-10 18:00:00,-51.1,30.0,0.0,25.2629,992.0,1
105,54,1969-10-11 00:00:00,-51.2,29.4,0.0,22.9662,0.0,1
105,55,1969-10-11 06:00:00,-51.8,28.8,0.0,20.6696,0.0,1
105,56,1969-10-11 12:00:00,-52.5,28.2,0.0,20.6696,0.0,1
105,57,1969-10-11 18:00:00,-53.1,27.7,0.0,18.373,998.0,1
105,58,1969-10-12 00:00:00,-53.9,27.2,0.0,18.373,0.0,1
105,59,1969-10-12 06:00:00,-54.7,26.8,0.0,18.373,0.0,1
106,1,1969-09-21 12:00:00,-72.0,34.0,0.0,18.373,0.0,1
106,2,1969-09-21 18:00:00,-71.0,34.1,0.0,20.6696,0.0,1
106,3,1969-09-22 00:00:00,-70.0,34.2,0.0,20.6696,0.0,1
106,4,1969-09-22 06:00:00,-69.2,34.3,0.0,20.6696,0.0,1
106,5,1969-09-22 12:00:00,-68.5,34.5,0.0,20.6696,995.0,1
106,6,1969-09-22 18:00:00,-67.7,34.7,0.0,22.9662,995.0,1
106,7,1969-09-23 00:00:00,-67.2,35.0,0.0,22.9662,994.0,1
106,8,1969-09-23 06:00:00,-66.8,35.2,0.0,22.9662,993.0,1
106,9,1969-09-23 12:00:00,-66.6,35.5,0.0,25.2629,992.0,1
106,10,1969-09-23 18:00:00,-66.4,35.8,0.0,25.2629,990.0,1
106,11,1969-09-24 00:00:00,-66.2,36.2,0.0,27.5595,0.0,1
106,12,1969-09-24 06:00:00,-66.0,36.7,0.0,27.5595,0.0,1
106,13,1969-09-24 12:00:00,-65.7,37.5,0.0,29.8561,0.0,1
106,14,1969-09-24 18:00:00,-65.0,38.4,0.0,29.8561,0.0,1
106,15,1969-09-25 00:00:00,-64.1,39.3,0.0,29.8561,987.0,1
106,16,1969-09-25 06:00:00,-62.5,40.3,0.0,29.8561,0.0,1
106,17,1969-09-25 12:00:00,-60.3,41.6,0.0,29.8561,0.0,1
106,18,1969-09-25 18:00:00,-58.0,42.9,0.0,29.8561,0.0,1
106,19,1969-09-26 00:00:00,-56.0,44.1,0.0,29.8561,0.0,1
106,20,1969-09-26 06:00:00,-53.8,45.4,0.0,29.8561,0.0,1
106,21,1969-09-26 12:00:00,-51.0,47.0,0.0,27.5595,0.0,1
106,22,1969-09-26 18:00:00,-47.0,49.2,0.0,27.5595,0.0,1
106,23,1969-09-27 00:00:00,-42.0,51.3,0.0,25.2629,0.0,1
106,24,1969-09-27 06:00:00,-36.0,53.3,0.0,25.2629,0.0,1
106,25,1969-09-27 12:00:00,-30.0,55.0,0.0,25.2629,0.0,1
106,26,1969-09-27 18:00:00,-24.0,56.7,0.0,25.2629,0.0,1
106,27,1969-09-28 00:00:00,-18.5,58.4,0.0,27.5595,0.0,1
106,28,1969-09-28 06:00:00,-13.5,59.7,0.0,29.8561,0.0,1
106,29,1969-09-28 12:00:00,-8.5,60.5,0.0,32.1527,0.0,1
106,30,1969-09-28 18:00:00,-3.3,61.2,0.0,32.1527,0.0,1
106,31,1969-09-29 00:00:00,2.0,62.0,0.0,32.1527,0.0,1
106,32,1969-09-29 06:00:00,7.5,63.3,0.0,32.1527,0.0,1
106,33,1969-09-29 12:00:00,13.0,65.0,0.0,29.8561,0.0,1
106,34,1969-09-29 18:00:00,18.0,67.0,0.0,25.2629,0.0,1
107,1,1969-09-25 00:00:00,-36.5,35.2,0.0,18.373,1004.0,1
107,2,1969-09-25 06:00:00,-37.3,35.0,0.0,18.373,1004.0,1
107,3,1969-09-25 12:00:00,-38.0,35.0,0.0,18.373,1005.0,1
107,4,1969-09-25 18:00:00,-38.6,35.1,0.0,18.373,1005.0,1
107,5,1969-09-26 00:00:00,-39.0,35.2,0.0,20.6696,0.0,1
107,6,1969-09-26 06:00:00,-39.3,35.3,0.0,22.9662,0.0,1
107,7,1969-09-26 12:00:00,-39.5,35.5,0.0,22.9662,0.0,1
107,8,1969-09-26 18:00:00,-39.6,36.0,0.0,22.9662,0.0,1
107,9,1969-09-27 00:00:00,-39.7,36.5,0.0,25.2629,0.0,1
107,10,1969-09-27 06:00:00,-39.7,37.0,0.0,27.5595,0.0,1
107,11,1969-09-27 12:00:00,-39.7,37.5,0.0,27.5595,0.0,1
107,12,1969-09-27 18:00:00,-39.7,38.1,0.0,27.5595,0.0,1
107,13,1969-09-28 00:00:00,-39.7,38.7,0.0,27.5595,0.0,1
107,14,1969-09-28 06:00:00,-39.8,39.4,0.0,27.5595,0.0,1
107,15,1969-09-28 12:00:00,-39.9,40.0,0.0,27.5595,0.0,1
107,16,1969-09-28 18:00:00,-40.1,40.6,0.0,27.5595,0.0,1
107,17,1969-09-29 00:00:00,-40.4,41.2,0.0,27.5595,0.0,1
107,18,1969-09-29 06:00:00,-40.7,41.8,0.0,27.5595,0.0,1
107,19,1969-09-29 12:00:00,-41.0,42.5,0.0,27.5595,0.0,1
107,20,1969-09-29 18:00:00,-41.2,43.5,0.0,25.2629,0.0,1
107,21,1969-09-30 00:00:00,-41.0,45.2,0.0,22.9662,0.0,1
108,1,1969-09-30 00:00:00,-86.0,24.5,0.0,18.373,1002.0,1
108,2,1969-09-30 06:00:00,-86.2,25.0,0.0,18.373,1002.0,1
108,3,1969-09-30 12:00:00,-86.4,25.5,0.0,20.6696,1000.0,1
108,4,1969-09-30 18:00:00,-86.5,26.2,0.0,22.9662,998.0,1
108,5,1969-10-01 00:00:00,-86.6,26.9,0.0,22.9662,996.0,1
108,6,1969-10-01 06:00:00,-86.6,27.9,0.0,22.9662,995.0,1
108,7,1969-10-01 12:00:00,-86.7,29.2,0.0,20.6696,995.0,1
109,1,1969-10-02 12:00:00,-82.3,24.2,0.0,18.373,1000.0,1
109,2,1969-10-02 18:00:00,-82.0,25.6,0.0,18.373,1001.0,1
110,1,1969-10-09 18:00:00,-73.3,26.8,0.0,18.373,1002.0,1
110,2,1969-10-10 00:00:00,-72.8,27.8,0.0,18.373,0.0,1
110,3,1969-10-10 06:00:00,-72.4,28.4,0.0,18.373,0.0,1
110,4,1969-10-10 12:00:00,-72.0,28.9,0.0,18.373,1001.0,1
110,5,1969-10-10 18:00:00,-71.4,29.4,0.0,18.373,1000.0,1
110,6,1969-10-11 00:00:00,-70.6,30.0,0.0,18.373,999.0,1
110,7,1969-10-11 06:00:00,-69.9,30.7,0.0,18.373,999.0,1
110,8,1969-10-11 12:00:00,-69.8,32.1,0.0,18.373,998.0,1
110,9,1969-10-11 18:00:00,-70.2,34.0,0.0,18.373,1001.0,1
110,10,1969-10-12 00:00:00,-70.6,34.5,0.0,20.6696,998.0,1
110,11,1969-10-12 06:00:00,-70.7,34.8,0.0,20.6696,997.0,1
110,12,1969-10-12 12:00:00,-70.9,34.8,0.0,20.6696,997.0,1
110,13,1969-10-12 18:00:00,-71.3,34.3,0.0,20.6696,999.0,1
110,14,1969-10-13 00:00:00,-71.4,33.8,0.0,20.6696,997.0,1
110,15,1969-10-13 06:00:00,-71.6,33.2,0.0,20.6696,998.0,1
110,16,1969-10-13 12:00:00,-72.7,32.7,0.0,20.6696,995.0,1
110,17,1969-10-13 18:00:00,-73.8,31.9,0.0,20.6696,997.0,1
110,18,1969-10-14 00:00:00,-74.5,31.2,0.0,20.6696,998.0,1
110,19,1969-10-14 06:00:00,-75.0,31.4,0.0,20.6696,996.0,1
110,20,1969-10-14 12:00:00,-75.5,31.8,0.0,25.2629,990.0,1
110,21,1969-10-14 18:00:00,-76.0,31.6,0.0,25.2629,990.0,1
110,22,1969-10-15 00:00:00,-75.3,31.6,0.0,27.5595,988.0,1
110,23,1969-10-15 06:00:00,-74.5,32.0,0.0,29.8561,985.0,1
110,24,1969-10-15 12:00:00,-73.5,32.7,0.0,29.8561,984.0,1
110,25,1969-10-15 18:00:00,-72.4,33.1,0.0,27.5595,990.0,1
110,26,1969-10-16 00:00:00,-71.2,33.5,0.0,27.5595,992.0,1
110,27,1969-10-16 06:00:00,-70.0,34.1,0.0,27.5595,992.0,1
110,28,1969-10-16 12:00:00,-68.7,34.8,0.0,27.5595,994.0,1
110,29,1969-10-16 18:00:00,-67.2,35.7,0.0,29.8561,990.0,1
110,30,1969-10-17 00:00:00,-65.0,36.9,0.0,29.8561,990.0,1
110,31,1969-10-17 06:00:00,-62.7,38.3,0.0,32.1527,986.0,1
110,32,1969-10-17 12:00:00,-60.0,39.6,0.0,34.4494,985.0,1
110,33,1969-10-17 18:00:00,-56.3,41.1,0.0,36.746,978.0,1
110,34,1969-10-18 00:00:00,-50.8,43.3,0.0,36.746,979.0,1
110,35,1969-10-18 06:00:00,-45.3,45.2,0.0,34.4494,980.0,1
110,36,1969-10-18 12:00:00,-40.0,46.1,0.0,29.8561,0.0,1
110,37,1969-10-18 18:00:00,-35.1,46.2,0.0,27.5595,0.0,1
110,38,1969-10-19 00:00:00,-30.3,46.0,0.0,25.2629,0.0,1
110,39,1969-10-19 06:00:00,-28.0,45.8,0.0,20.6696,0.0,1
111,1,1969-10-19 12:00:00,-89.6,21.8,0.0,18.373,1000.0,1
111,2,1969-10-19 18:00:00,-90.2,22.4,0.0,18.373,1000.0,1
111,3,1969-10-20 00:00:00,-90.7,23.2,0.0,18.373,1000.0,1
111,4,1969-10-20 06:00:00,-90.9,23.8,0.0,20.6696,998.0,1
111,5,1969-10-20 12:00:00,-91.0,24.3,0.0,25.2629,993.0,1
111,6,1969-10-20 18:00:00,-91.1,25.0,0.0,29.8561,987.0,1
111,7,1969-10-21 00:00:00,-91.0,25.7,0.0,36.746,973.0,1
111,8,1969-10-21 06:00:00,-90.5,26.3,0.0,36.746,974.0,1
111,9,1969-10-21 12:00:00,-89.8,26.5,0.0,36.746,973.0,1
111,10,1969-10-21 18:00:00,-89.0,26.5,0.0,34.4494,977.0,1
111,11,1969-10-22 00:00:00,-88.2,26.3,0.0,34.4494,980.0,1
111,12,1969-10-22 06:00:00,-87.4,25.9,0.0,32.1527,983.0,1
111,13,1969-10-22 12:00:00,-86.9,25.5,0.0,29.8561,987.0,1
111,14,1969-10-22 18:00:00,-86.5,25.1,0.0,29.8561,987.0,1
111,15,1969-10-23 00:00:00,-86.2,24.7,0.0,25.2629,992.0,1
111,16,1969-10-23 06:00:00,-86.1,24.4,0.0,22.9662,996.0,1
111,17,1969-10-23 12:00:00,-86.2,24.1,0.0,22.9662,998.0,1
111,18,1969-10-23 18:00:00,-86.7,23.8,0.0,20.6696,1000.0,1
111,19,1969-10-24 00:00:00,-87.3,23.6,0.0,20.6696,0.0,1
111,20,1969-10-24 06:00:00,-87.9,23.5,0.0,18.373,0.0,1
111,21,1969-10-24 12:00:00,-88.6,23.4,0.0,18.373,1001.0,1
112,1,1969-10-29 00:00:00,-44.5,32.0,0.0,18.373,0.0,1
112,2,1969-10-29 06:00:00,-45.3,32.7,0.0,20.6696,0.0,1
112,3,1969-10-29 12:00:00,-45.9,33.3,0.0,22.9662,995.0,1
112,4,1969-10-29 18:00:00,-46.4,33.8,0.0,25.2629,0.0,1
112,5,1969-10-30 00:00:00,-46.8,34.2,0.0,25.2629,0.0,1
112,6,1969-10-30 06:00:00,-47.0,34.7,0.0,27.5595,0.0,1
112,7,1969-10-30 12:00:00,-46.8,35.5,0.0,27.5595,0.0,1
112,8,1969-10-30 18:00:00,-46.5,36.5,0.0,22.9662,0.0,1
112,9,1969-10-31 00:00:00,-46.0,38.0,0.0,18.373,990.0,1
112,10,1969-10-31 06:00:00,-46.0,42.0,0.0,18.373,992.0,1
112,11,1969-10-31 12:00:00,-45.0,45.0,0.0,18.373,994.0,1
113,1,1969-10-29 12:00:00,-62.5,39.5,0.0,18.373,0.0,1
113,2,1969-10-29 18:00:00,-60.5,41.0,0.0,20.6696,0.0,1
113,3,1969-10-30 00:00:00,-58.9,42.5,0.0,25.2629,0.0,1
113,4,1969-10-30 06:00:00,-57.5,42.8,0.0,27.5595,0.0,1
113,5,1969-10-30 12:00:00,-56.7,42.3,0.0,27.5595,0.0,1
113,6,1969-10-30 18:00:00,-56.0,41.5,0.0,27.5595,0.0,1
113,7,1969-10-31 00:00:00,-55.0,40.6,0.0,27.5595,0.0,1
113,8,1969-10-31 06:00:00,-54.0,40.0,0.0,27.5595,0.0,1
113,9,1969-10-31 12:00:00,-53.1,39.6,0.0,27.5595,988.0,1
113,10,1969-10-31 18:00:00,-52.3,39.2,0.0,29.8561,0.0,1
113,11,1969-11-01 00:00:00,-51.5,38.7,0.0,29.8561,0.0,1
113,12,1969-11-01 06:00:00,-50.8,38.2,0.0,29.8561,0.0,1
113,13,1969-11-01 12:00:00,-50.0,37.3,0.0,27.5595,0.0,1
113,14,1969-11-01 18:00:00,-49.2,36.2,0.0,27.5595,0.0,1
113,15,1969-11-02 00:00:00,-48.5,34.8,0.0,25.2629,0.0,1
113,16,1969-11-02 06:00:00,-48.0,33.3,0.0,22.9662,0.0,1
113,17,1969-11-02 12:00:00,-47.5,31.8,0.0,20.6696,0.0,1
113,18,1969-11-02 18:00:00,-46.8,30.5,0.0,20.6696,0.0,1
113,19,1969-11-03 00:00:00,-45.9,29.3,0.0,20.6696,995.0,1
113,20,1969-11-03 06:00:00,-44.9,28.3,0.0,20.6696,994.0,1
113,21,1969-11-03 12:00:00,-43.8,27.5,0.0,22.9662,992.0,1
113,22,1969-11-03 18:00:00,-42.4,27.0,0.0,25.2629,0.0,1
113,23,1969-11-04 00:00:00,-41.0,26.9,0.0,27.5595,0.0,1
113,24,1969-11-04 06:00:00,-39.8,27.1,0.0,27.5595,0.0,1
113,25,1969-11-04 12:00:00,-38.8,27.8,0.0,29.8561,0.0,1
113,26,1969-11-04 18:00:00,-37.8,29.0,0.0,29.8561,0.0,1
113,27,1969-11-05 00:00:00,-36.9,30.2,0.0,32.1527,0.0,1
113,28,1969-11-05 06:00:00,-36.0,31.4,0.0,34.4494,0.0,1
113,29,1969-11-05 12:00:00,-35.0,32.5,0.0,36.746,0.0,1
113,30,1969-11-05 18:00:00,-34.0,33.8,0.0,36.746,0.0,1
113,31,1969-11-06 00:00:00,-32.7,35.0,0.0,36.746,0.0,1
113,32,1969-11-06 06:00:00,-31.2,36.2,0.0,36.746,0.0,1
113,33,1969-11-06 12:00:00,-29.3,37.3,0.0,34.4494,0.0,1
113,34,1969-11-06 18:00:00,-27.6,38.2,0.0,32.1527,0.0,1
113,35,1969-11-07 00:00:00,-26.4,38.7,0.0,27.5595,0.0,1
113,36,1969-11-07 06:00:00,-25.2,38.9,0.0,22.9662,0.0,1
113,37,1969-11-07 12:00:00,-23.8,38.8,0.0,20.6696,0.0,1
113,38,1969-11-07 18:00:00,-22.0,38.3,0.0,18.373,0.0,1
114,1,1969-11-21 06:00:00,-80.2,10.6,0.0,20.6696,0.0,1
114,2,1969-11-21 12:00:00,-80.5,10.5,0.0,25.2629,0.0,1
114,3,1969-11-21 18:00:00,-80.8,10.4,0.0,29.8561,0.0,1
114,4,1969-11-22 00:00:00,-81.0,10.3,0.0,34.4494,0.0,1
114,5,1969-11-22 06:00:00,-81.0,10.3,0.0,36.746,0.0,1
114,6,1969-11-22 12:00:00,-81.0,10.3,0.0,36.746,979.0,1
114,7,1969-11-22 18:00:00,-81.0,10.2,0.0,34.4494,982.0,1
114,8,1969-11-23 00:00:00,-81.0,10.1,0.0,32.1527,986.0,1
114,9,1969-11-23 06:00:00,-81.0,10.0,0.0,25.2629,993.0,1
114,10,1969-11-23 12:00:00,-81.0,9.9,0.0,20.6696,999.0,1
114,11,1969-11-23 18:00:00,-81.0,9.7,0.0,20.6696,1000.0,1
114,12,1969-11-24 00:00:00,-81.0,9.4,0.0,20.6696,999.0,1
114,13,1969-11-24 06:00:00,-81.0,9.2,0.0,20.6696,1000.0,1
114,14,1969-11-24 12:00:00,-81.0,9.0,0.0,20.6696,1000.0,1
114,15,1969-11-24 18:00:00,-81.1,8.8,0.0,18.373,0.0,1
115,1,1970-05-20 06:00:00,-82.0,16.3,0.0,20.6696,0.0,1
115,2,1970-05-20 12:00:00,-81.7,16.9,0.0,25.2629,0.0,1
115,3,1970-05-20 18:00:00,-81.4,17.4,0.0,29.8561,993.0,1
115,4,1970-05-21 00:00:00,-81.0,17.8,0.0,27.5595,0.0,1
115,5,1970-05-21 06:00:00,-80.6,18.2,0.0,22.9662,0.0,1
115,6,1970-05-21 12:00:00,-80.2,18.5,0.0,20.6696,1002.0,1
115,7,1970-05-21 18:00:00,-80.0,19.0,0.0,20.6696,1003.0,1
115,8,1970-05-22 00:00:00,-80.1,19.5,0.0,20.6696,1004.0,1
115,9,1970-05-22 06:00:00,-80.6,19.3,0.0,18.373,1005.0,1
115,10,1970-05-26 00:00:00,-81.2,32.6,0.0,18.373,0.0,1
115,11,1970-05-26 06:00:00,-80.7,33.5,0.0,18.373,0.0,1
115,12,1970-05-26 12:00:00,-79.9,34.6,0.0,18.373,0.0,1
116,1,1970-07-20 06:00:00,-86.2,22.3,0.0,18.373,0.0,1
116,2,1970-07-20 12:00:00,-86.4,23.2,0.0,18.373,0.0,1
116,3,1970-07-20 18:00:00,-86.6,24.1,0.0,20.6696,1008.0,1
116,4,1970-07-21 00:00:00,-86.7,25.0,0.0,22.9662,1003.0,1
116,5,1970-07-21 06:00:00,-86.8,25.8,0.0,25.2629,1004.0,1
116,6,1970-07-21 12:00:00,-86.7,26.6,0.0,25.2629,1006.0,1
116,7,1970-07-21 18:00:00,-86.3,27.5,0.0,25.2629,1007.0,1
116,8,1970-07-22 00:00:00,-85.9,28.3,0.0,22.9662,1007.0,1
116,9,1970-07-22 06:00:00,-85.5,29.1,0.0,20.6696,1007.0,1
117,1,1970-08-01 06:00:00,-85.0,22.7,0.0,20.6696,1000.0,1
117,2,1970-08-01 12:00:00,-85.8,23.3,0.0,27.5595,993.0,1
117,3,1970-08-01 18:00:00,-86.5,23.9,0.0,29.8561,990.0,1
117,4,1970-08-02 00:00:00,-87.2,24.2,0.0,36.746,0.0,1
117,5,1970-08-02 06:00:00,-88.3,24.7,0.0,36.746,0.0,1
117,6,1970-08-02 12:00:00,-89.6,25.3,0.0,34.4494,986.0,1
117,7,1970-08-02 18:00:00,-90.8,25.7,0.0,34.4494,984.0,1
117,8,1970-08-03 00:00:00,-92.0,26.2,0.0,34.4494,983.0,1
117,9,1970-08-03 06:00:00,-93.5,26.6,0.0,32.1527,988.0,1
117,10,1970-08-03 12:00:00,-94.9,27.0,0.0,41.3392,971.0,1
117,11,1970-08-03 18:00:00,-96.3,27.5,0.0,50.5258,953.0,1
117,12,1970-08-04 00:00:00,-97.8,28.1,0.0,43.6359,955.0,1
117,13,1970-08-04 06:00:00,-99.3,28.6,0.0,29.8561,977.0,1
117,14,1970-08-04 12:00:00,-100.8,29.1,0.0,25.2629,0.0,1
118,1,1970-08-11 12:00:00,-43.7,13.7,0.0,18.373,0.0,1
118,2,1970-08-11 18:00:00,-46.0,13.9,0.0,18.373,0.0,1
118,3,1970-08-13 06:00:00,-58.0,15.3,0.0,20.6696,0.0,1
118,4,1970-08-13 12:00:00,-59.5,16.7,0.0,22.9662,0.0,1
118,5,1970-08-13 18:00:00,-61.3,18.2,0.0,25.2629,0.0,1
118,6,1970-08-14 00:00:00,-63.3,19.5,0.0,25.2629,1003.0,1
118,7,1970-08-14 06:00:00,-65.3,20.5,0.0,20.6696,0.0,1
118,8,1970-08-14 12:00:00,-67.5,21.5,0.0,18.373,0.0,1
118,9,1970-08-14 18:00:00,-70.0,22.5,0.0,18.373,0.0,1
118,10,1970-08-17 00:00:00,-78.5,32.2,0.0,18.373,0.0,1
118,11,1970-08-17 06:00:00,-77.8,33.5,0.0,20.6696,0.0,1
118,12,1970-08-17 12:00:00,-76.6,34.8,0.0,22.9662,1007.0,1
118,13,1970-08-17 18:00:00,-75.2,35.8,0.0,25.2629,1002.0,1
118,14,1970-08-18 00:00:00,-72.5,37.5,0.0,27.5595,0.0,1
118,15,1970-08-18 06:00:00,-69.3,39.3,0.0,29.8561,0.0,1
118,16,1970-08-18 12:00:00,-64.3,41.3,0.0,32.1527,0.0,1
118,17,1970-08-18 18:00:00,-58.5,42.5,0.0,32.1527,0.0,1
118,18,1970-08-19 00:00:00,-54.0,44.5,0.0,29.8561,0.0,1
118,19,1970-08-19 06:00:00,-52.0,46.0,0.0,27.5595,0.0,1
118,20,1970-08-19 12:00:00,-50.5,47.5,0.0,25.2629,0.0,1
118,21,1970-08-19 18:00:00,-49.5,48.2,0.0,22.9662,0.0,1
118,22,1970-08-20 00:00:00,-48.6,48.5,0.0,22.9662,0.0,1
118,23,1970-08-20 06:00:00,-47.8,48.2,0.0,22.9662,0.0,1
118,24,1970-08-20 12:00:00,-47.5,47.5,0.0,20.6696,0.0,1
118,25,1970-08-20 18:00:00,-48.0,46.7,0.0,20.6696,0.0,1
118,26,1970-08-21 00:00:00,-48.5,46.0,0.0,20.6696,0.0,1
118,27,1970-08-21 06:00:00,-48.2,45.4,0.0,20.6696,0.0,1
118,28,1970-08-21 12:00:00,-47.1,45.2,0.0,20.6696,0.0,1
118,29,1970-08-21 18:00:00,-45.9,45.4,0.0,20.6696,0.0,1
118,30,1970-08-22 00:00:00,-44.5,46.0,0.0,20.6696,0.0,1
118,31,1970-08-22 06:00:00,-43.0,46.7,0.0,20.6696,0.0,1
118,32,1970-08-22 12:00:00,-40.5,47.7,0.0,20.6696,0.0,1
118,33,1970-08-22 18:00:00,-38.0,48.6,0.0,20.6696,0.0,1
118,34,1970-08-23 00:00:00,-35.3,49.2,0.0,18.373,0.0,1
118,35,1970-08-23 06:00:00,-32.5,49.2,0.0,18.373,0.0,1
119,1,1970-08-19 00:00:00,-50.7,12.8,0.0,18.373,0.0,1
119,2,1970-08-19 06:00:00,-52.2,13.1,0.0,20.6696,0.0,1
119,3,1970-08-19 12:00:00,-53.7,13.3,0.0,22.9662,1001.0,1
119,4,1970-08-19 18:00:00,-55.1,13.5,0.0,22.9662,1005.0,1
119,5,1970-08-20 00:00:00,-56.5,13.7,0.0,22.9662,1003.0,1
119,6,1970-08-20 06:00:00,-58.0,13.8,0.0,27.5595,996.0,1
119,7,1970-08-20 12:00:00,-59.5,14.1,0.0,27.5595,998.0,1
119,8,1970-08-20 18:00:00,-60.6,14.5,0.0,27.5595,1000.0,1
119,9,1970-08-21 00:00:00,-62.0,14.7,0.0,25.2629,1002.0,1
119,10,1970-08-21 06:00:00,-63.5,14.8,0.0,22.9662,1004.0,1
119,11,1970-08-21 12:00:00,-64.8,15.0,0.0,18.373,1006.0,1
119,12,1970-08-21 18:00:00,-66.0,15.2,0.0,18.373,1005.0,1
120,1,1970-09-05 06:00:00,-43.7,21.3,0.0,18.373,0.0,1
120,2,1970-09-05 12:00:00,-43.5,21.8,0.0,18.373,0.0,1
120,3,1970-09-05 18:00:00,-43.6,22.3,0.0,18.373,0.0,1
121,1,1970-09-10 06:00:00,-86.8,20.0,0.0,18.373,1005.0,1
121,2,1970-09-10 18:00:00,-89.0,22.0,0.0,22.9662,997.0,1
121,3,1970-09-11 00:00:00,-90.8,23.0,0.0,29.8561,993.0,1
121,4,1970-09-11 06:00:00,-92.6,23.6,0.0,29.8561,994.0,1
121,5,1970-09-11 12:00:00,-94.2,23.9,0.0,32.1527,989.0,1
121,6,1970-09-11 18:00:00,-95.5,24.0,0.0,34.4494,984.0,1
121,7,1970-09-12 00:00:00,-96.5,23.9,0.0,39.0426,973.0,1
121,8,1970-09-12 06:00:00,-97.4,23.8,0.0,45.9325,967.0,1
121,9,1970-09-12 12:00:00,-98.0,23.9,0.0,36.746,0.0,1
121,10,1970-09-12 18:00:00,-98.7,24.2,0.0,25.2629,0.0,1
122,1,1970-09-15 00:00:00,-86.6,26.4,0.0,20.6696,1005.0,1
122,2,1970-09-15 06:00:00,-88.4,27.2,0.0,22.9662,1000.0,1
122,3,1970-09-15 12:00:00,-90.2,28.0,0.0,25.2629,998.0,1
122,4,1970-09-15 18:00:00,-92.2,28.7,0.0,27.5595,990.0,1
122,5,1970-09-16 00:00:00,-94.0,29.3,0.0,27.5595,994.0,1
122,6,1970-09-16 06:00:00,-95.5,29.9,0.0,18.373,0.0,1
123,1,1970-09-21 00:00:00,-58.9,26.6,0.0,18.373,0.0,1
123,2,1970-09-21 06:00:00,-59.4,26.5,0.0,18.373,0.0,1
123,3,1970-09-21 12:00:00,-59.8,26.5,0.0,18.373,0.0,1
124,1,1970-09-26 18:00:00,-76.2,22.7,0.0,18.373,1005.0,1
124,2,1970-09-27 00:00:00,-77.2,23.3,0.0,18.373,1007.0,1
124,3,1970-09-27 06:00:00,-78.2,23.8,0.0,18.373,1006.0,1
124,4,1970-09-27 12:00:00,-79.7,24.1,0.0,18.373,1005.0,1
125,1,1970-09-30 12:00:00,-54.5,15.0,0.0,18.373,1001.0,1
125,2,1970-09-30 18:00:00,-55.7,14.6,0.0,18.373,1001.0,1
125,3,1970-10-02 00:00:00,-60.0,13.9,0.0,18.373,1000.0,1
125,4,1970-10-02 06:00:00,-60.2,14.0,0.0,18.373,999.0,1
125,5,1970-10-02 12:00:00,-60.8,13.7,0.0,18.373,999.0,1
125,6,1970-10-02 18:00:00,-61.5,13.4,0.0,18.373,0.0,1
125,7,1970-10-10 12:00:00,-61.6,26.5,0.0,18.373,1000.0,1
125,8,1970-10-10 18:00:00,-60.1,27.4,0.0,18.373,0.0,1
125,9,1970-10-11 00:00:00,-57.7,27.5,0.0,18.373,0.0,1
125,10,1970-10-14 12:00:00,-25.1,33.5,0.0,18.373,0.0,1
125,11,1970-10-14 18:00:00,-23.9,34.1,0.0,18.373,0.0,1
125,12,1970-10-15 00:00:00,-22.9,34.5,0.0,18.373,0.0,1
125,13,1970-10-15 06:00:00,-22.1,34.9,0.0,18.373,0.0,1
125,14,1970-10-15 12:00:00,-21.4,35.2,0.0,20.6696,0.0,1
125,15,1970-10-15 18:00:00,-20.7,35.6,0.0,20.6696,997.0,1
125,16,1970-10-16 00:00:00,-20.3,36.0,0.0,20.6696,998.0,1
125,17,1970-10-16 06:00:00,-20.0,36.5,0.0,20.6696,998.0,1
125,18,1970-10-16 12:00:00,-20.2,36.7,0.0,20.6696,997.0,1
125,19,1970-10-16 18:00:00,-21.2,37.0,0.0,22.9662,995.0,1
125,20,1970-10-17 00:00:00,-22.7,37.1,0.0,27.5595,992.0,1
125,21,1970-10-17 06:00:00,-24.3,36.7,0.0,29.8561,989.0,1
125,22,1970-10-17 12:00:00,-25.8,36.2,0.0,29.8561,0.0,1
125,23,1970-10-17 18:00:00,-27.5,35.8,0.0,32.1527,0.0,1
125,24,1970-10-18 00:00:00,-29.2,35.5,0.0,32.1527,0.0,1
125,25,1970-10-18 06:00:00,-30.7,35.4,0.0,32.1527,0.0,1
125,26,1970-10-18 12:00:00,-32.1,35.4,0.0,34.4494,0.0,1
125,27,1970-10-18 18:00:00,-33.3,35.6,0.0,34.4494,0.0,1
125,28,1970-10-19 00:00:00,-34.3,36.0,0.0,34.4494,0.0,1
125,29,1970-10-19 06:00:00,-35.1,36.5,0.0,34.4494,0.0,1
125,30,1970-10-19 12:00:00,-35.9,37.2,0.0,34.4494,0.0,1
125,31,1970-10-19 18:00:00,-36.7,38.0,0.0,34.4494,0.0,1
125,32,1970-10-20 00:00:00,-37.4,38.8,0.0,32.1527,0.0,1
125,33,1970-10-20 06:00:00,-38.0,39.8,0.0,29.8561,0.0,1
125,34,1970-10-20 12:00:00,-38.5,40.7,0.0,27.5595,0.0,1
125,35,1970-10-20 18:00:00,-38.8,41.7,0.0,25.2629,0.0,1
125,36,1970-10-21 00:00:00,-39.0,42.8,0.0,22.9662,0.0,1
125,37,1970-10-21 06:00:00,-38.8,44.3,0.0,22.9662,0.0,1
125,38,1970-10-21 12:00:00,-38.0,46.5,0.0,22.9662,0.0,1
125,39,1970-10-21 18:00:00,-36.0,49.5,0.0,20.6696,0.0,1
125,40,1970-10-22 00:00:00,-33.5,52.5,0.0,18.373,0.0,1
125,41,1970-10-22 06:00:00,-31.0,55.5,0.0,18.373,0.0,1
126,1,1970-10-14 00:00:00,-63.8,27.0,0.0,18.373,1001.0,1
126,2,1970-10-14 06:00:00,-65.0,27.0,0.0,20.6696,1001.0,1
126,3,1970-10-14 12:00:00,-66.3,27.0,0.0,22.9662,1001.0,1
126,4,1970-10-14 18:00:00,-67.0,27.2,0.0,25.2629,999.0,1
126,5,1970-10-15 00:00:00,-67.3,27.5,0.0,25.2629,997.0,1
126,6,1970-10-15 06:00:00,-67.4,27.8,0.0,25.2629,996.0,1
126,7,1970-10-15 12:00:00,-67.4,28.3,0.0,25.2629,995.0,1
126,8,1970-10-15 18:00:00,-67.4,29.1,0.0,25.2629,994.0,1
126,9,1970-10-16 00:00:00,-67.1,30.0,0.0,27.5595,991.0,1
126,10,1970-10-16 06:00:00,-66.6,30.7,0.0,27.5595,994.0,1
126,11,1970-10-16 12:00:00,-66.0,31.5,0.0,29.8561,989.0,1
126,12,1970-10-16 18:00:00,-64.7,32.5,0.0,34.4494,982.0,1
126,13,1970-10-17 00:00:00,-63.4,34.0,0.0,34.4494,983.0,1
126,14,1970-10-17 06:00:00,-62.0,36.4,0.0,39.0426,974.0,1
126,15,1970-10-17 12:00:00,-60.5,39.0,0.0,39.0426,975.0,1
126,16,1970-10-17 18:00:00,-59.0,42.0,0.0,32.1527,0.0,1
127,1,1970-10-20 18:00:00,-47.8,34.3,0.0,18.373,0.0,1
127,2,1970-10-21 00:00:00,-47.4,34.6,0.0,18.373,0.0,1
127,3,1970-10-21 06:00:00,-46.8,34.8,0.0,20.6696,0.0,1
127,4,1970-10-21 12:00:00,-46.0,34.9,0.0,20.6696,0.0,1
127,5,1970-10-21 18:00:00,-45.5,35.0,0.0,22.9662,0.0,1
127,6,1970-10-22 00:00:00,-45.0,35.3,0.0,22.9662,0.0,1
127,7,1970-10-22 06:00:00,-44.5,35.8,0.0,22.9662,0.0,1
127,8,1970-10-22 12:00:00,-44.1,36.3,0.0,22.9662,0.0,1
127,9,1970-10-22 18:00:00,-43.7,36.4,0.0,22.9662,0.0,1
127,10,1970-10-23 00:00:00,-43.2,36.4,0.0,22.9662,997.0,1
127,11,1970-10-23 06:00:00,-42.8,36.2,0.0,25.2629,995.0,1
127,12,1970-10-23 12:00:00,-42.3,36.4,0.0,25.2629,0.0,1
127,13,1970-10-23 18:00:00,-42.1,36.8,0.0,25.2629,0.0,1
127,14,1970-10-24 00:00:00,-41.8,37.0,0.0,22.9662,0.0,1
127,15,1970-10-24 06:00:00,-41.7,36.7,0.0,22.9662,0.0,1
127,16,1970-10-24 12:00:00,-41.5,36.2,0.0,22.9662,0.0,1
127,17,1970-10-24 18:00:00,-41.3,35.6,0.0,25.2629,0.0,1
127,18,1970-10-25 00:00:00,-41.0,35.0,0.0,27.5595,0.0,1
127,19,1970-10-25 06:00:00,-40.7,34.5,0.0,29.8561,0.0,1
127,20,1970-10-25 12:00:00,-40.2,34.0,0.0,32.1527,0.0,1
127,21,1970-10-25 18:00:00,-39.4,34.1,0.0,34.4494,0.0,1
127,22,1970-10-26 00:00:00,-38.5,34.8,0.0,36.746,0.0,1
127,23,1970-10-26 06:00:00,-37.6,35.5,0.0,39.0426,0.0,1
127,24,1970-10-26 12:00:00,-37.0,36.0,0.0,39.0426,0.0,1
127,25,1970-10-26 18:00:00,-36.5,36.5,0.0,39.0426,0.0,1
127,26,1970-10-27 00:00:00,-35.9,37.0,0.0,39.0426,0.0,1
127,27,1970-10-27 06:00:00,-35.1,37.7,0.0,36.746,0.0,1
127,28,1970-10-27 12:00:00,-33.9,38.7,0.0,34.4494,0.0,1
127,29,1970-10-27 18:00:00,-32.5,39.9,0.0,32.1527,0.0,1
127,30,1970-10-28 00:00:00,-31.1,41.1,0.0,29.8561,0.0,1
127,31,1970-10-28 06:00:00,-29.0,42.8,0.0,27.5595,0.0,1
127,32,1970-10-28 12:00:00,-25.3,45.7,0.0,25.2629,0.0,1
127,33,1970-10-28 18:00:00,-21.0,49.0,0.0,22.9662,0.0,1
128,1,1970-11-26 00:00:00,-60.0,35.0,0.0,27.5595,0.0,1
128,2,1970-11-26 06:00:00,-59.5,35.5,0.0,27.5595,0.0,1
128,3,1970-11-26 12:00:00,-59.0,36.1,0.0,27.5595,0.0,1
128,4,1970-11-26 18:00:00,-58.8,36.6,0.0,27.5595,0.0,1
128,5,1970-11-27 00:00:00,-59.1,36.8,0.0,27.5595,0.0,1
128,6,1970-11-27 06:00:00,-59.7,36.3,0.0,27.5595,0.0,1
128,7,1970-11-27 12:00:00,-60.3,35.3,0.0,27.5595,0.0,1
128,8,1970-11-27 18:00:00,-60.5,33.8,0.0,27.5595,0.0,1
128,9,1970-11-28 00:00:00,-60.5,32.1,0.0,25.2629,0.0,1
128,10,1970-11-28 06:00:00,-60.4,30.5,0.0,25.2629,0.0,1
128,11,1970-11-28 12:00:00,-60.2,29.1,0.0,22.9662,0.0,1
128,12,1970-11-28 18:00:00,-59.7,28.3,0.0,22.9662,0.0,1
128,13,1970-11-29 00:00:00,-58.8,28.0,0.0,22.9662,0.0,1
128,14,1970-11-29 06:00:00,-57.3,28.2,0.0,22.9662,0.0,1
128,15,1970-11-29 12:00:00,-55.6,29.2,0.0,22.9662,0.0,1
128,16,1970-11-29 18:00:00,-54.3,30.6,0.0,22.9662,987.0,1
128,17,1970-11-30 00:00:00,-53.6,31.9,0.0,20.6696,0.0,1
128,18,1970-11-30 06:00:00,-53.0,33.1,0.0,20.6696,0.0,1
128,19,1970-11-30 12:00:00,-52.0,34.1,0.0,20.6696,0.0,1
128,20,1970-11-30 18:00:00,-50.0,35.1,0.0,22.9662,0.0,1
128,21,1970-12-01 00:00:00,-48.2,36.0,0.0,22.9662,0.0,1
128,22,1970-12-01 06:00:00,-46.6,37.2,0.0,25.2629,0.0,1
128,23,1970-12-01 12:00:00,-45.0,39.1,0.0,25.2629,0.0,1
128,24,1970-12-01 18:00:00,-43.0,41.0,0.0,25.2629,0.0,1
128,25,1970-12-02 00:00:00,-40.0,43.4,0.0,25.2629,0.0,1
128,26,1970-12-02 06:00:00,-37.0,46.1,0.0,25.2629,0.0,1
128,27,1970-12-02 12:00:00,-34.0,49.0,0.0,25.2629,0.0,1
128,28,1970-12-02 18:00:00,-31.3,52.5,0.0,25.2629,0.0,1
128,29,1970-12-03 00:00:00,-30.0,56.0,0.0,27.5595,0.0,1
128,30,1970-12-03 06:00:00,-29.5,58.5,0.0,27.5595,0.0,1
128,31,1970-12-03 12:00:00,-29.0,60.0,0.0,27.5595,0.0,1
128,32,1970-12-03 18:00:00,-28.3,61.0,0.0,27.5595,0.0,1
128,33,1970-12-04 00:00:00,-27.0,61.6,0.0,27.5595,0.0,1
128,34,1970-12-04 06:00:00,-24.5,61.9,0.0,27.5595,0.0,1
128,35,1970-12-04 12:00:00,-20.0,62.0,0.0,27.5595,0.0,1
128,36,1970-12-04 18:00:00,-15.0,62.2,0.0,27.5595,0.0,1
128,37,1970-12-05 00:00:00,-9.5,62.8,0.0,27.5595,0.0,1
128,38,1970-12-05 06:00:00,-4.0,63.5,0.0,27.5595,0.0,1
128,39,1970-12-05 12:00:00,1.5,64.5,0.0,27.5595,0.0,1
128,40,1970-12-05 18:00:00,5.5,65.5,0.0,27.5595,0.0,1
128,41,1970-12-06 00:00:00,8.0,66.4,0.0,25.2629,0.0,1
128,42,1970-12-06 06:00:00,10.0,67.3,0.0,22.9662,0.0,1
129,1,1971-07-05 18:00:00,-72.9,36.7,0.0,20.6696,1001.0,1
129,2,1971-07-06 00:00:00,-71.8,37.6,0.0,20.6696,0.0,1
129,3,1971-07-06 06:00:00,-70.1,38.5,0.0,20.6696,0.0,1
129,4,1971-07-06 12:00:00,-68.3,39.6,0.0,22.9662,1003.0,1
129,5,1971-07-06 18:00:00,-65.9,40.7,0.0,25.2629,1000.0,1
129,6,1971-07-07 00:00:00,-63.0,41.8,0.0,22.9662,1000.0,1
129,7,1971-07-07 06:00:00,-59.5,43.1,0.0,20.6696,1002.0,1
129,8,1971-07-07 12:00:00,-56.3,44.7,0.0,20.6696,0.0,1
129,9,1971-07-07 18:00:00,-53.0,46.5,0.0,20.6696,0.0,1
130,1,1971-08-05 18:00:00,-58.5,40.5,0.0,18.373,1000.0,1
130,2,1971-08-06 00:00:00,-56.0,41.5,0.0,22.9662,0.0,1
130,3,1971-08-06 06:00:00,-52.6,43.4,0.0,27.5595,0.0,1
130,4,1971-08-06 12:00:00,-49.0,46.0,0.0,34.4494,974.0,1
130,5,1971-08-06 18:00:00,-46.0,50.0,0.0,32.1527,0.0,1
130,6,1971-08-07 00:00:00,-45.0,53.0,0.0,32.1527,0.0,1
130,7,1971-08-07 06:00:00,-43.8,55.7,0.0,32.1527,0.0,1
130,8,1971-08-07 12:00:00,-43.0,58.0,0.0,32.1527,976.0,1
131,1,1971-08-14 12:00:00,-72.3,34.4,0.0,20.6696,995.0,1
131,2,1971-08-14 18:00:00,-71.0,35.8,0.0,25.2629,993.0,1
131,3,1971-08-15 00:00:00,-69.9,37.2,0.0,32.1527,990.0,1
131,4,1971-08-15 06:00:00,-68.5,38.4,0.0,32.1527,982.0,1
131,5,1971-08-15 12:00:00,-67.2,39.7,0.0,34.4494,977.0,1
131,6,1971-08-15 18:00:00,-65.8,40.8,0.0,34.4494,978.0,1
131,7,1971-08-16 00:00:00,-64.5,42.0,0.0,29.8561,978.0,1
131,8,1971-08-16 06:00:00,-63.3,43.2,0.0,29.8561,979.0,1
131,9,1971-08-16 12:00:00,-62.5,44.0,0.0,29.8561,984.0,1
131,10,1971-08-16 18:00:00,-61.5,45.3,0.0,29.8561,991.0,1
131,11,1971-08-17 00:00:00,-60.2,46.7,0.0,27.5595,998.0,1
131,12,1971-08-17 06:00:00,-59.0,48.3,0.0,22.9662,998.0,1
131,13,1971-08-17 12:00:00,-57.7,49.5,0.0,20.6696,998.0,1
132,1,1971-08-20 06:00:00,-65.0,14.8,0.0,20.6696,0.0,1
132,2,1971-08-20 12:00:00,-66.5,15.0,0.0,22.9662,0.0,1
132,3,1971-08-20 18:00:00,-67.7,15.4,0.0,25.2629,0.0,1
132,4,1971-08-21 00:00:00,-69.5,16.0,0.0,22.9662,0.0,1
132,5,1971-08-21 06:00:00,-71.5,16.0,0.0,18.373,0.0,1
133,1,1971-08-27 00:00:00,-77.2,29.2,0.0,18.373,1006.0,1
133,2,1971-08-27 06:00:00,-77.2,31.0,0.0,20.6696,999.0,1
133,3,1971-08-27 12:00:00,-77.2,32.8,0.0,22.9662,998.0,1
133,4,1971-08-27 18:00:00,-76.8,34.8,0.0,25.2629,989.0,1
133,5,1971-08-28 00:00:00,-76.5,36.5,0.0,25.2629,991.0,1
133,6,1971-08-28 06:00:00,-75.3,38.5,0.0,22.9662,993.0,1
133,7,1971-08-28 12:00:00,-73.7,41.2,0.0,20.6696,997.0,1
133,8,1971-08-28 18:00:00,-71.8,43.8,0.0,20.6696,0.0,1
134,1,1971-09-08 00:00:00,-92.6,26.9,0.0,18.373,1000.0,1
134,2,1971-09-08 06:00:00,-92.8,26.6,0.0,20.6696,1000.0,1
134,3,1971-09-08 12:00:00,-93.1,26.4,0.0,22.9662,1000.0,1
134,4,1971-09-08 18:00:00,-93.4,26.3,0.0,25.2629,995.0,1
134,5,1971-09-09 00:00:00,-93.7,26.4,0.0,29.8561,987.0,1
134,6,1971-09-09 06:00:00,-94.0,26.7,0.0,36.746,993.0,1
134,7,1971-09-09 12:00:00,-94.3,27.1,0.0,36.746,992.0,1
134,8,1971-09-09 18:00:00,-94.5,27.5,0.0,34.4494,992.0,1
134,9,1971-09-10 00:00:00,-94.8,28.0,0.0,32.1527,988.0,1
134,10,1971-09-10 06:00:00,-95.3,28.5,0.0,29.8561,988.0,1
134,11,1971-09-10 12:00:00,-96.0,28.5,0.0,27.5595,979.0,1
134,12,1971-09-10 18:00:00,-96.5,28.3,0.0,27.5595,979.0,1
134,13,1971-09-11 00:00:00,-96.9,28.0,0.0,25.2629,988.0,1
134,14,1971-09-11 06:00:00,-97.3,27.7,0.0,25.2629,983.0,1
134,15,1971-09-11 12:00:00,-97.6,27.5,0.0,20.6696,978.0,1
134,16,1971-09-11 18:00:00,-98.0,27.3,0.0,18.373,0.0,1
135,1,1971-09-07 18:00:00,-70.9,12.9,0.0,20.6696,995.0,1
135,2,1971-09-08 00:00:00,-72.3,13.0,0.0,27.5595,994.0,1
135,3,1971-09-08 06:00:00,-73.8,13.2,0.0,29.8561,993.0,1
135,4,1971-09-08 12:00:00,-75.3,13.6,0.0,29.8561,988.0,1
135,5,1971-09-08 18:00:00,-77.2,13.8,0.0,34.4494,982.0,1
135,6,1971-09-09 00:00:00,-78.8,14.0,0.0,41.3392,0.0,1
135,7,1971-09-09 06:00:00,-80.5,14.2,0.0,48.2291,0.0,1
135,8,1971-09-09 12:00:00,-81.9,14.4,0.0,55.119,960.0,1
135,9,1971-09-09 18:00:00,-83.2,14.8,0.0,64.3055,943.0,1
135,10,1971-09-10 00:00:00,-84.1,15.2,0.0,45.9325,0.0,1
135,11,1971-09-10 06:00:00,-84.9,15.5,0.0,36.746,0.0,1
135,12,1971-09-10 12:00:00,-85.8,15.9,0.0,32.1527,0.0,1
135,13,1971-09-10 18:00:00,-86.9,16.5,0.0,29.8561,0.0,1
135,14,1971-09-11 00:00:00,-87.8,17.3,0.0,27.5595,0.0,1
135,15,1971-09-11 06:00:00,-88.4,18.1,0.0,27.5595,0.0,1
135,16,1971-09-11 12:00:00,-89.2,18.6,0.0,20.6696,0.0,1
135,17,1971-09-13 06:00:00,-94.2,22.3,0.0,20.6696,998.0,1
135,18,1971-09-13 12:00:00,-95.1,22.9,0.0,18.373,0.0,1
135,19,1971-09-13 18:00:00,-96.1,23.1,0.0,18.373,0.0,1
135,20,1971-09-14 00:00:00,-96.9,23.3,0.0,20.6696,0.0,1
135,21,1971-09-14 06:00:00,-97.6,23.4,0.0,20.6696,0.0,1
135,22,1971-09-14 12:00:00,-97.8,23.7,0.0,20.6696,0.0,1
135,23,1971-09-14 18:00:00,-97.8,23.9,0.0,20.6696,992.0,1
135,24,1971-09-15 00:00:00,-97.6,24.2,0.0,20.6696,989.0,1
135,25,1971-09-15 06:00:00,-97.2,24.7,0.0,20.6696,987.0,1
135,26,1971-09-15 12:00:00,-96.8,25.3,0.0,22.9662,984.0,1
135,27,1971-09-15 18:00:00,-96.2,26.2,0.0,29.8561,982.0,1
135,28,1971-09-16 00:00:00,-95.4,27.3,0.0,32.1527,979.0,1
135,29,1971-09-16 06:00:00,-94.6,28.4,0.0,36.746,977.0,1
135,30,1971-09-16 12:00:00,-93.1,29.5,0.0,39.0426,978.0,1
135,31,1971-09-16 18:00:00,-91.6,30.5,0.0,27.5595,0.0,1
135,32,1971-09-17 00:00:00,-89.9,31.8,0.0,18.373,0.0,1
136,1,1971-09-10 12:00:00,-66.1,27.7,0.0,18.373,1003.0,1
136,2,1971-09-10 18:00:00,-65.5,27.7,0.0,20.6696,0.0,1
136,3,1971-09-11 00:00:00,-65.0,27.7,0.0,22.9662,0.0,1
136,4,1971-09-11 06:00:00,-64.2,27.8,0.0,25.2629,0.0,1
136,5,1971-09-11 12:00:00,-63.3,27.9,0.0,29.8561,991.0,1
136,6,1971-09-11 18:00:00,-62.4,28.3,0.0,29.8561,0.0,1
136,7,1971-09-12 00:00:00,-61.6,28.9,0.0,32.1527,0.0,1
136,8,1971-09-12 06:00:00,-60.7,29.6,0.0,34.4494,0.0,1
136,9,1971-09-12 12:00:00,-59.9,30.3,0.0,34.4494,985.0,1
136,10,1971-09-12 18:00:00,-59.0,31.1,0.0,36.746,0.0,1
136,11,1971-09-13 00:00:00,-58.2,31.7,0.0,36.746,0.0,1
136,12,1971-09-13 06:00:00,-57.2,32.3,0.0,39.0426,0.0,1
136,13,1971-09-13 12:00:00,-56.1,32.7,0.0,39.0426,0.0,1
136,14,1971-09-13 18:00:00,-54.9,33.0,0.0,41.3392,959.0,1
136,15,1971-09-14 00:00:00,-53.3,33.3,0.0,43.6359,0.0,1
136,16,1971-09-14 06:00:00,-52.7,33.6,0.0,41.3392,0.0,1
136,17,1971-09-14 12:00:00,-50.1,33.7,0.0,39.0426,0.0,1
136,18,1971-09-14 18:00:00,-48.3,33.3,0.0,36.746,964.0,1
136,19,1971-09-15 00:00:00,-48.4,33.0,0.0,34.4494,0.0,1
136,20,1971-09-15 06:00:00,-48.7,32.9,0.0,34.4494,0.0,1
136,21,1971-09-15 12:00:00,-49.1,32.8,0.0,32.1527,981.0,1
136,22,1971-09-15 18:00:00,-49.4,32.7,0.0,32.1527,0.0,1
136,23,1971-09-16 00:00:00,-49.6,32.7,0.0,32.1527,0.0,1
136,24,1971-09-16 06:00:00,-49.8,32.7,0.0,32.1527,0.0,1
136,25,1971-09-16 12:00:00,-50.1,32.7,0.0,29.8561,987.0,1
136,26,1971-09-16 18:00:00,-50.5,32.7,0.0,29.8561,987.0,1
136,27,1971-09-17 00:00:00,-51.0,32.7,0.0,29.8561,987.0,1
136,28,1971-09-17 06:00:00,-51.5,32.7,0.0,29.8561,990.0,1
136,29,1971-09-17 12:00:00,-51.9,32.7,0.0,29.8561,992.0,1
136,30,1971-09-17 18:00:00,-52.2,32.6,0.0,29.8561,0.0,1
136,31,1971-09-18 00:00:00,-52.4,32.5,0.0,29.8561,0.0,1
136,32,1971-09-18 06:00:00,-52.6,32.3,0.0,29.8561,0.0,1
136,33,1971-09-18 12:00:00,-52.8,32.1,0.0,29.8561,0.0,1
136,34,1971-09-18 18:00:00,-52.8,31.8,0.0,29.8561,0.0,1
136,35,1971-09-19 00:00:00,-52.6,31.4,0.0,29.8561,0.0,1
136,36,1971-09-19 06:00:00,-52.2,31.0,0.0,29.8561,0.0,1
136,37,1971-09-19 12:00:00,-51.7,31.0,0.0,29.8561,987.0,1
136,38,1971-09-19 18:00:00,-51.6,31.2,0.0,29.8561,0.0,1
136,39,1971-09-20 00:00:00,-51.7,31.4,0.0,29.8561,0.0,1
136,40,1971-09-20 06:00:00,-51.8,31.6,0.0,29.8561,0.0,1
136,41,1971-09-20 12:00:00,-52.0,31.7,0.0,29.8561,0.0,1
136,42,1971-09-20 18:00:00,-52.4,31.8,0.0,29.8561,0.0,1
136,43,1971-09-21 00:00:00,-53.0,31.7,0.0,29.8561,0.0,1
136,44,1971-09-21 06:00:00,-53.5,31.6,0.0,29.8561,0.0,1
136,45,1971-09-21 12:00:00,-54.2,31.5,0.0,29.8561,993.0,1
136,46,1971-09-21 18:00:00,-55.2,31.4,0.0,29.8561,994.0,1
136,47,1971-09-22 00:00:00,-56.5,31.3,0.0,29.8561,994.0,1
136,48,1971-09-22 06:00:00,-57.8,31.3,0.0,29.8561,995.0,1
136,49,1971-09-22 12:00:00,-59.2,31.2,0.0,29.8561,995.0,1
136,50,1971-09-22 18:00:00,-60.3,31.1,0.0,36.746,994.0,1
136,51,1971-09-23 00:00:00,-61.5,31.0,0.0,36.746,993.0,1
136,52,1971-09-23 06:00:00,-62.8,30.9,0.0,36.746,993.0,1
136,53,1971-09-23 12:00:00,-64.0,30.8,0.0,34.4494,994.0,1
136,54,1971-09-23 18:00:00,-65.1,30.5,0.0,34.4494,992.0,1
136,55,1971-09-24 00:00:00,-66.2,30.1,0.0,34.4494,988.0,1
136,56,1971-09-24 06:00:00,-67.1,30.0,0.0,34.4494,986.0,1
136,57,1971-09-24 12:00:00,-67.5,30.0,0.0,32.1527,993.0,1
136,58,1971-09-24 18:00:00,-67.8,29.9,0.0,32.1527,988.0,1
136,59,1971-09-25 00:00:00,-68.2,29.8,0.0,32.1527,980.0,1
136,60,1971-09-25 06:00:00,-68.4,29.6,0.0,32.1527,981.0,1
136,61,1971-09-25 12:00:00,-68.5,29.4,0.0,34.4494,984.0,1
136,62,1971-09-25 18:00:00,-68.6,29.2,0.0,34.4494,980.0,1
136,63,1971-09-26 00:00:00,-68.8,28.8,0.0,34.4494,976.0,1
136,64,1971-09-26 06:00:00,-69.0,28.4,0.0,32.1527,976.0,1
136,65,1971-09-26 12:00:00,-69.3,28.2,0.0,29.8561,982.0,1
136,66,1971-09-26 18:00:00,-69.7,28.0,0.0,32.1527,983.0,1
136,67,1971-09-27 00:00:00,-70.2,27.9,0.0,32.1527,980.0,1
136,68,1971-09-27 06:00:00,-70.4,28.0,0.0,34.4494,978.0,1
136,69,1971-09-27 12:00:00,-70.6,28.2,0.0,36.746,975.0,1
136,70,1971-09-27 18:00:00,-70.9,28.4,0.0,36.746,969.0,1
136,71,1971-09-28 00:00:00,-71.0,28.7,0.0,36.746,969.0,1
136,72,1971-09-28 06:00:00,-71.1,29.1,0.0,36.746,976.0,1
136,73,1971-09-28 12:00:00,-71.3,29.5,0.0,36.746,981.0,1
136,74,1971-09-28 18:00:00,-71.7,30.0,0.0,39.0426,980.0,1
136,75,1971-09-29 00:00:00,-72.2,30.5,0.0,39.0426,985.0,1
136,76,1971-09-29 06:00:00,-72.8,31.0,0.0,41.3392,982.0,1
136,77,1971-09-29 12:00:00,-73.5,31.6,0.0,41.3392,983.0,1
136,78,1971-09-29 18:00:00,-74.4,32.3,0.0,41.3392,985.0,1
136,79,1971-09-30 00:00:00,-75.0,32.9,0.0,39.0426,988.0,1
136,80,1971-09-30 06:00:00,-75.5,33.5,0.0,36.746,985.0,1
136,81,1971-09-30 12:00:00,-76.0,34.0,0.0,34.4494,985.0,1
136,82,1971-09-30 18:00:00,-76.5,34.5,0.0,29.8561,984.0,1
136,83,1971-10-01 00:00:00,-77.0,34.7,0.0,27.5595,991.0,1
136,84,1971-10-01 06:00:00,-77.5,34.8,0.0,25.2629,997.0,1
136,85,1971-10-01 12:00:00,-78.0,34.9,0.0,20.6696,1000.0,1
137,1,1971-09-12 06:00:00,-74.0,29.2,0.0,18.373,1004.0,1
137,2,1971-09-12 12:00:00,-73.9,30.0,0.0,20.6696,1001.0,1
137,3,1971-09-12 18:00:00,-73.5,30.8,0.0,20.6696,998.0,1
137,4,1971-09-13 00:00:00,-72.8,31.7,0.0,20.6696,0.0,1
137,5,1971-09-13 06:00:00,-72.0,32.7,0.0,20.6696,0.0,1
137,6,1971-09-13 12:00:00,-71.3,33.8,0.0,20.6696,998.0,1
137,7,1971-09-13 18:00:00,-70.3,35.3,0.0,22.9662,996.0,1
137,8,1971-09-14 00:00:00,-69.9,37.1,0.0,25.2629,0.0,1
137,9,1971-09-14 06:00:00,-69.3,39.4,0.0,22.9662,0.0,1
137,10,1971-09-14 12:00:00,-68.8,41.6,0.0,22.9662,0.0,1
137,11,1971-09-14 18:00:00,-68.7,43.7,0.0,18.373,998.0,1
138,1,1971-09-17 12:00:00,-76.0,12.3,0.0,18.373,1005.0,1
138,2,1971-09-17 18:00:00,-77.5,12.1,0.0,20.6696,0.0,1
138,3,1971-09-18 00:00:00,-79.0,12.0,0.0,22.9662,0.0,1
138,4,1971-09-18 06:00:00,-80.5,11.7,0.0,25.2629,1002.0,1
138,5,1971-09-18 12:00:00,-81.5,11.5,0.0,27.5595,998.0,1
138,6,1971-09-18 18:00:00,-82.3,11.4,0.0,32.1527,993.0,1
138,7,1971-09-19 00:00:00,-82.9,11.3,0.0,29.8561,989.0,1
138,8,1971-09-19 06:00:00,-83.5,11.4,0.0,29.8561,0.0,1
138,9,1971-09-19 12:00:00,-84.3,11.5,0.0,27.5595,0.0,1
138,10,1971-09-19 18:00:00,-85.0,11.7,0.0,22.9662,0.0,1
138,11,1971-09-21 00:00:00,-88.6,12.5,0.0,20.6696,0.0,1
138,12,1971-09-21 06:00:00,-89.4,12.7,0.0,22.9662,0.0,1
138,13,1971-09-21 12:00:00,-90.2,12.8,0.0,22.9662,0.0,1
138,14,1971-09-21 18:00:00,-90.9,13.0,0.0,22.9662,990.0,1
138,15,1971-09-22 00:00:00,-91.6,13.2,0.0,32.1527,0.0,1
138,16,1971-09-22 06:00:00,-92.3,13.4,0.0,32.1527,0.0,1
138,17,1971-09-22 12:00:00,-93.1,13.5,0.0,32.1527,0.0,1
138,18,1971-09-22 18:00:00,-94.1,13.6,0.0,32.1527,983.0,1
138,19,1971-09-23 00:00:00,-95.2,13.6,0.0,32.1527,0.0,1
138,20,1971-09-23 06:00:00,-96.2,13.6,0.0,32.1527,0.0,1
138,21,1971-09-23 12:00:00,-97.1,13.6,0.0,36.746,980.0,1
138,22,1971-09-23 18:00:00,-97.9,13.6,0.0,36.746,0.0,1
138,23,1971-09-24 00:00:00,-98.9,13.7,0.0,36.746,0.0,1
138,24,1971-09-24 06:00:00,-100.2,13.9,0.0,36.746,0.0,1
138,25,1971-09-24 12:00:00,-101.5,14.2,0.0,36.746,0.0,1
138,26,1971-09-24 18:00:00,-102.8,14.6,0.0,36.746,0.0,1
138,27,1971-09-25 00:00:00,-104.1,15.1,0.0,36.746,974.0,1
138,28,1971-09-25 06:00:00,-105.4,15.8,0.0,36.746,0.0,1
138,29,1971-09-25 12:00:00,-106.5,16.5,0.0,36.746,0.0,1
138,30,1971-09-25 18:00:00,-107.2,17.3,0.0,45.9325,0.0,1
138,31,1971-09-26 00:00:00,-108.0,18.1,0.0,41.3392,0.0,1
138,32,1971-09-26 06:00:00,-108.7,18.8,0.0,41.3392,0.0,1
138,33,1971-09-26 12:00:00,-109.5,19.3,0.0,41.3392,0.0,1
138,34,1971-09-26 18:00:00,-109.9,19.6,0.0,45.9325,948.0,1
138,35,1971-09-27 00:00:00,-110.2,19.7,0.0,41.3392,0.0,1
138,36,1971-09-27 06:00:00,-110.7,19.8,0.0,41.3392,0.0,1
138,37,1971-09-27 12:00:00,-111.3,19.9,0.0,39.0426,0.0,1
138,38,1971-09-27 18:00:00,-112.0,19.9,0.0,39.0426,0.0,1
138,39,1971-09-28 00:00:00,-112.6,19.9,0.0,36.746,963.0,1
138,40,1971-09-28 06:00:00,-113.0,20.1,0.0,36.746,0.0,1
138,41,1971-09-28 12:00:00,-113.4,20.5,0.0,34.4494,0.0,1
138,42,1971-09-28 18:00:00,-113.9,21.2,0.0,22.9662,0.0,1
138,43,1971-09-29 00:00:00,-114.4,22.0,0.0,20.6696,0.0,1
138,44,1971-09-29 06:00:00,-114.6,23.0,0.0,18.373,0.0,1
138,45,1971-09-29 12:00:00,-114.5,23.9,0.0,18.373,0.0,1
139,1,1971-09-22 06:00:00,-45.8,12.0,0.0,18.373,0.0,1
139,2,1971-09-22 12:00:00,-47.2,12.4,0.0,18.373,1009.0,1
139,3,1971-09-22 18:00:00,-48.5,13.1,0.0,25.2629,1005.0,1
139,4,1971-09-23 00:00:00,-49.9,13.7,0.0,25.2629,0.0,1
139,5,1971-09-23 06:00:00,-51.2,14.4,0.0,22.9662,0.0,1
139,6,1971-09-23 12:00:00,-52.6,15.0,0.0,22.9662,0.0,1
139,7,1971-09-23 18:00:00,-53.9,15.8,0.0,20.6696,0.0,1
139,8,1971-09-24 00:00:00,-55.2,16.3,0.0,20.6696,0.0,1
140,1,1971-10-20 12:00:00,-47.1,35.4,0.0,20.6696,997.0,1
140,2,1971-10-20 18:00:00,-42.9,36.4,0.0,20.6696,992.0,1
140,3,1971-10-21 00:00:00,-38.3,36.7,0.0,18.373,0.0,1
140,4,1971-10-21 06:00:00,-34.6,37.0,0.0,18.373,0.0,1
140,5,1971-10-21 12:00:00,-30.8,38.2,0.0,18.373,0.0,1
140,6,1971-10-21 18:00:00,-28.9,40.5,0.0,18.373,0.0,1
141,1,1971-11-14 18:00:00,-83.2,17.4,0.0,18.373,0.0,1
141,2,1971-11-15 00:00:00,-83.6,18.2,0.0,18.373,0.0,1
141,3,1971-11-15 06:00:00,-83.8,19.0,0.0,20.6696,0.0,1
141,4,1971-11-15 12:00:00,-84.0,19.8,0.0,25.2629,0.0,1
141,5,1971-11-15 18:00:00,-84.1,20.4,0.0,27.5595,0.0,1
141,6,1971-11-16 00:00:00,-84.0,21.0,0.0,27.5595,998.0,1
141,7,1971-11-16 06:00:00,-83.8,21.4,0.0,27.5595,0.0,1
141,8,1971-11-16 12:00:00,-83.5,21.7,0.0,27.5595,0.0,1
141,9,1971-11-16 18:00:00,-83.4,21.4,0.0,27.5595,0.0,1
141,10,1971-11-17 00:00:00,-83.3,21.1,0.0,27.5595,995.0,1
141,11,1971-11-17 06:00:00,-83.5,20.5,0.0,27.5595,995.0,1
141,12,1971-11-17 12:00:00,-83.9,20.1,0.0,27.5595,994.0,1
141,13,1971-11-17 18:00:00,-84.2,19.9,0.0,27.5595,996.0,1
141,14,1971-11-18 00:00:00,-84.4,19.7,0.0,25.2629,998.0,1
141,15,1971-11-18 06:00:00,-84.7,19.8,0.0,22.9662,1000.0,1
141,16,1971-11-18 12:00:00,-85.0,19.9,0.0,22.9662,1001.0,1
141,17,1971-11-18 18:00:00,-85.2,19.9,0.0,22.9662,1001.0,1
141,18,1971-11-19 00:00:00,-85.5,19.7,0.0,22.9662,1003.0,1
141,19,1971-11-19 06:00:00,-85.5,19.4,0.0,20.6696,0.0,1
141,20,1971-11-19 12:00:00,-85.5,19.1,0.0,20.6696,0.0,1
141,21,1971-11-19 18:00:00,-85.7,18.6,0.0,20.6696,1000.0,1
141,22,1971-11-20 00:00:00,-86.1,18.2,0.0,18.373,1000.0,1
141,23,1971-11-20 06:00:00,-86.5,17.9,0.0,22.9662,1000.0,1
141,24,1971-11-20 12:00:00,-87.2,17.6,0.0,25.2629,1000.0,1
141,25,1971-11-20 18:00:00,-87.7,17.2,0.0,27.5595,997.0,1
141,26,1971-11-21 00:00:00,-88.2,16.7,0.0,27.5595,997.0,1
141,27,1971-11-21 06:00:00,-88.6,16.3,0.0,27.5595,0.0,1
141,28,1971-11-21 12:00:00,-89.0,16.0,0.0,27.5595,0.0,1
141,29,1971-11-21 18:00:00,-89.4,15.7,0.0,27.5595,0.0,1
142,1,1972-05-26 00:00:00,-73.5,34.0,0.0,20.6696,0.0,1
142,2,1972-05-26 06:00:00,-74.6,32.5,0.0,22.9662,0.0,1
142,3,1972-05-26 12:00:00,-75.7,31.6,0.0,27.5595,1001.0,1
142,4,1972-05-26 18:00:00,-75.9,31.4,0.0,25.2629,0.0,1
142,5,1972-05-27 00:00:00,-76.2,31.2,0.0,22.9662,0.0,1
142,6,1972-05-27 06:00:00,-77.1,30.8,0.0,20.6696,0.0,1
142,7,1972-05-27 12:00:00,-78.4,30.6,0.0,25.2629,0.0,1
142,8,1972-05-27 18:00:00,-80.1,30.8,0.0,22.9662,991.0,1
143,1,1972-06-16 12:00:00,-86.2,20.0,0.0,18.373,998.0,1
143,2,1972-06-16 18:00:00,-85.8,20.2,0.0,20.6696,0.0,1
143,3,1972-06-17 00:00:00,-85.5,20.5,0.0,22.9662,0.0,1
143,4,1972-06-17 06:00:00,-85.3,20.9,0.0,22.9662,0.0,1
143,5,1972-06-17 12:00:00,-85.2,21.4,0.0,22.9662,0.0,1
143,6,1972-06-17 18:00:00,-85.3,21.9,0.0,25.2629,0.0,1
143,7,1972-06-18 00:00:00,-85.4,22.4,0.0,27.5595,0.0,1
143,8,1972-06-18 06:00:00,-85.5,23.0,0.0,27.5595,0.0,1
143,9,1972-06-18 12:00:00,-85.6,23.8,0.0,29.8561,986.0,1
143,10,1972-06-18 18:00:00,-85.7,24.8,0.0,29.8561,983.0,1
143,11,1972-06-19 00:00:00,-85.7,26.0,0.0,34.4494,982.0,1
143,12,1972-06-19 06:00:00,-85.7,27.2,0.0,34.4494,978.0,1
143,13,1972-06-19 12:00:00,-85.7,28.5,0.0,34.4494,978.0,1
143,14,1972-06-19 18:00:00,-85.6,29.6,0.0,29.8561,983.0,1
143,15,1972-06-20 00:00:00,-85.2,30.5,0.0,20.6696,987.0,1
143,16,1972-06-21 18:00:00,-77.6,35.2,0.0,18.373,988.0,1
143,17,1972-06-22 00:00:00,-75.7,35.8,0.0,20.6696,0.0,1
143,18,1972-06-22 06:00:00,-74.3,36.9,0.0,22.9662,0.0,1
143,19,1972-06-22 12:00:00,-73.1,38.2,0.0,27.5595,977.0,1
143,20,1972-06-22 18:00:00,-73.4,40.2,0.0,25.2629,980.0,1
143,21,1972-06-23 00:00:00,-74.5,41.7,0.0,20.6696,0.0,1
144,1,1972-08-25 06:00:00,-53.5,37.3,0.0,18.373,0.0,1
144,2,1972-08-25 12:00:00,-53.3,37.3,0.0,20.6696,997.0,1
144,3,1972-08-25 18:00:00,-53.1,37.2,0.0,20.6696,1002.0,1
144,4,1972-08-26 00:00:00,-52.9,37.4,0.0,25.2629,992.0,1
144,5,1972-08-26 06:00:00,-52.7,37.7,0.0,25.2629,995.0,1
144,6,1972-08-26 12:00:00,-52.4,38.0,0.0,25.2629,998.0,1
144,7,1972-08-26 18:00:00,-52.0,38.3,0.0,25.2629,998.0,1
144,8,1972-08-27 00:00:00,-51.0,38.5,0.0,27.5595,0.0,1
144,9,1972-08-27 06:00:00,-49.0,38.5,0.0,27.5595,0.0,1
144,10,1972-08-27 12:00:00,-46.6,38.8,0.0,36.746,987.0,1
144,11,1972-08-27 18:00:00,-44.6,40.0,0.0,39.0426,982.0,1
144,12,1972-08-28 00:00:00,-42.6,40.5,0.0,41.3392,976.0,1
144,13,1972-08-28 06:00:00,-40.7,40.9,0.0,39.0426,977.0,1
144,14,1972-08-28 12:00:00,-39.9,41.1,0.0,39.0426,977.0,1
144,15,1972-08-28 18:00:00,-37.0,41.2,0.0,39.0426,978.0,1
144,16,1972-08-29 00:00:00,-35.7,41.0,0.0,39.0426,981.0,1
144,17,1972-08-29 06:00:00,-34.6,41.2,0.0,39.0426,982.0,1
144,18,1972-08-29 12:00:00,-33.4,41.6,0.0,39.0426,986.0,1
144,19,1972-08-29 18:00:00,-32.5,41.7,0.0,36.746,989.0,1
144,20,1972-08-30 00:00:00,-32.2,41.6,0.0,34.4494,989.0,1
144,21,1972-08-30 06:00:00,-32.1,41.5,0.0,34.4494,989.0,1
144,22,1972-08-30 12:00:00,-32.2,41.2,0.0,32.1527,996.0,1
144,23,1972-08-30 18:00:00,-32.6,40.9,0.0,29.8561,999.0,1
144,24,1972-08-31 00:00:00,-34.0,40.6,0.0,25.2629,1002.0,1
144,25,1972-08-31 06:00:00,-35.4,40.7,0.0,20.6696,1006.0,1
144,26,1972-08-31 12:00:00,-36.8,41.1,0.0,18.373,1006.0,1
144,27,1972-08-31 18:00:00,-37.8,41.9,0.0,18.373,1008.0,1
144,28,1972-09-01 06:00:00,-38.1,44.0,0.0,18.373,0.0,1
144,29,1972-09-01 12:00:00,-37.9,45.1,0.0,20.6696,999.0,1
144,30,1972-09-01 18:00:00,-37.9,46.2,0.0,22.9662,0.0,1
145,1,1972-08-31 06:00:00,-71.2,33.0,0.0,18.373,0.0,1
145,2,1972-08-31 12:00:00,-70.5,33.5,0.0,20.6696,0.0,1
145,3,1972-08-31 18:00:00,-69.7,33.8,0.0,22.9662,1002.0,1
145,4,1972-09-01 00:00:00,-69.3,34.3,0.0,22.9662,0.0,1
145,5,1972-09-01 06:00:00,-69.0,34.5,0.0,22.9662,0.0,1
145,6,1972-09-01 12:00:00,-69.0,35.0,0.0,22.9662,0.0,1
145,7,1972-09-01 18:00:00,-69.0,35.2,0.0,20.6696,0.0,1
145,8,1972-09-02 00:00:00,-69.2,35.5,0.0,18.373,0.0,1
145,9,1972-09-02 12:00:00,-70.9,36.9,0.0,18.373,1007.0,1
145,10,1972-09-02 18:00:00,-71.0,37.4,0.0,18.373,1005.0,1
145,11,1972-09-03 00:00:00,-71.2,37.9,0.0,20.6696,1002.0,1
145,12,1972-09-03 06:00:00,-71.1,38.8,0.0,22.9662,0.0,1
145,13,1972-09-03 12:00:00,-70.8,39.7,0.0,25.2629,0.0,1
145,14,1972-09-03 18:00:00,-70.2,40.6,0.0,27.5595,993.0,1
145,15,1972-09-04 00:00:00,-69.5,41.5,0.0,25.2629,992.0,1
145,16,1972-09-04 06:00:00,-68.5,42.8,0.0,22.9662,0.0,1
145,17,1972-09-04 12:00:00,-67.5,44.8,0.0,22.9662,0.0,1
145,18,1972-09-04 18:00:00,-66.5,45.7,0.0,20.6696,0.0,1
145,19,1972-09-05 00:00:00,-65.5,46.5,0.0,18.373,1005.0,1
145,20,1972-09-05 06:00:00,-64.5,46.8,0.0,18.373,0.0,1
145,21,1972-09-05 12:00:00,-63.0,47.0,0.0,18.373,0.0,1
146,1,1972-09-06 12:00:00,-77.9,27.3,0.0,18.373,0.0,1
146,2,1972-09-06 18:00:00,-76.0,28.2,0.0,22.9662,1005.0,1
146,3,1972-09-07 00:00:00,-74.4,29.2,0.0,25.2629,1003.0,1
146,4,1972-09-07 06:00:00,-72.8,30.2,0.0,25.2629,1001.0,1
146,5,1972-09-07 12:00:00,-71.2,32.0,0.0,27.5595,0.0,1
146,6,1972-09-07 18:00:00,-70.4,33.8,0.0,29.8561,0.0,1
146,7,1972-09-08 00:00:00,-70.8,35.2,0.0,32.1527,998.0,1
146,8,1972-09-08 06:00:00,-71.5,36.0,0.0,32.1527,998.0,1
146,9,1972-09-08 12:00:00,-72.4,36.4,0.0,32.1527,997.0,1
146,10,1972-09-08 18:00:00,-73.5,36.6,0.0,29.8561,999.0,1
146,11,1972-09-09 00:00:00,-74.2,36.1,0.0,27.5595,1000.0,1
146,12,1972-09-09 06:00:00,-74.5,35.6,0.0,22.9662,1003.0,1
146,13,1972-09-09 12:00:00,-74.2,35.0,0.0,20.6696,1005.0,1
146,14,1972-09-09 18:00:00,-73.9,34.8,0.0,20.6696,0.0,1
146,15,1972-09-10 00:00:00,-73.0,34.1,0.0,20.6696,0.0,1
146,16,1972-09-10 06:00:00,-72.2,33.4,0.0,20.6696,0.0,1
146,17,1972-09-10 12:00:00,-71.9,32.9,0.0,20.6696,0.0,1
146,18,1972-09-10 18:00:00,-71.8,32.0,0.0,20.6696,0.0,1
146,19,1972-09-11 00:00:00,-72.1,31.2,0.0,20.6696,0.0,1
146,20,1972-09-11 06:00:00,-73.1,30.7,0.0,18.373,1007.0,1
146,21,1972-09-11 12:00:00,-74.1,30.2,0.0,18.373,0.0,1
146,22,1972-09-11 18:00:00,-75.1,30.1,0.0,18.373,0.0,1
146,23,1972-09-12 00:00:00,-76.2,30.1,0.0,18.373,0.0,1
147,1,1972-09-20 06:00:00,-57.5,40.0,0.0,18.373,0.0,1
147,2,1972-09-20 12:00:00,-54.2,40.7,0.0,22.9662,1001.0,1
147,3,1972-09-20 18:00:00,-49.8,41.7,0.0,22.9662,0.0,1
147,4,1972-09-21 00:00:00,-45.4,42.8,0.0,25.2629,0.0,1
147,5,1972-09-21 06:00:00,-40.0,46.0,0.0,27.5595,992.0,1
147,6,1972-09-21 12:00:00,-37.0,49.5,0.0,27.5595,968.0,1
147,7,1972-09-21 18:00:00,-36.0,52.0,0.0,27.5595,944.0,1
147,8,1972-09-22 00:00:00,-36.0,54.0,0.0,27.5595,0.0,1
148,1,1972-11-02 12:00:00,-48.6,34.2,0.0,18.373,1003.0,1
148,2,1972-11-02 18:00:00,-48.9,33.8,0.0,18.373,1002.0,1
148,3,1972-11-03 00:00:00,-49.2,33.5,0.0,18.373,1001.0,1
148,4,1972-11-03 06:00:00,-49.8,32.7,0.0,18.373,1002.0,1
148,5,1972-11-03 12:00:00,-50.0,32.0,0.0,18.373,1003.0,1
148,6,1972-11-03 18:00:00,-50.1,31.0,0.0,18.373,1003.0,1
148,7,1972-11-04 00:00:00,-49.7,30.0,0.0,18.373,1003.0,1
148,8,1972-11-04 06:00:00,-48.6,29.8,0.0,18.373,1004.0,1
149,1,1973-07-03 00:00:00,-66.0,27.8,0.0,18.373,0.0,1
149,2,1973-07-03 06:00:00,-65.6,28.8,0.0,22.9662,0.0,1
149,3,1973-07-03 12:00:00,-65.5,29.8,0.0,27.5595,1000.0,1
149,4,1973-07-03 18:00:00,-65.4,30.6,0.0,29.8561,0.0,1
149,5,1973-07-04 00:00:00,-65.3,31.4,0.0,29.8561,0.0,1
149,6,1973-07-04 06:00:00,-65.1,32.3,0.0,32.1527,986.0,1
149,7,1973-07-04 12:00:00,-65.1,33.1,0.0,36.746,990.0,1
149,8,1973-07-04 18:00:00,-65.1,34.0,0.0,36.746,0.0,1
149,9,1973-07-05 00:00:00,-64.9,34.9,0.0,32.1527,0.0,1
149,10,1973-07-05 06:00:00,-64.7,35.8,0.0,29.8561,0.0,1
149,11,1973-07-05 12:00:00,-64.3,36.9,0.0,29.8561,0.0,1
149,12,1973-07-05 18:00:00,-63.9,38.3,0.0,29.8561,0.0,1
149,13,1973-07-06 00:00:00,-62.9,40.3,0.0,29.8561,995.0,1
149,14,1973-07-06 06:00:00,-61.6,42.5,0.0,27.5595,993.0,1
149,15,1973-07-06 12:00:00,-60.0,45.0,0.0,27.5595,991.0,1
149,16,1973-07-06 18:00:00,-58.8,48.3,0.0,22.9662,0.0,1
149,17,1973-07-07 00:00:00,-56.5,52.0,0.0,20.6696,0.0,1
150,1,1973-07-31 12:00:00,-70.8,37.5,0.0,18.373,0.0,1
151,1,1973-08-19 00:00:00,-86.9,21.3,0.0,22.9662,992.0,1
151,2,1973-08-19 06:00:00,-87.6,21.3,0.0,25.2629,0.0,1
151,3,1973-08-19 12:00:00,-88.3,21.2,0.0,25.2629,0.0,1
151,4,1973-08-19 18:00:00,-89.0,21.2,0.0,22.9662,0.0,1
151,5,1973-08-20 00:00:00,-89.6,21.1,0.0,20.6696,996.0,1
151,6,1973-08-20 06:00:00,-90.5,20.7,0.0,20.6696,0.0,1
151,7,1973-08-20 12:00:00,-91.2,20.3,0.0,20.6696,0.0,1
151,8,1973-08-20 18:00:00,-91.7,19.8,0.0,29.8561,0.0,1
151,9,1973-08-21 00:00:00,-91.9,19.4,0.0,32.1527,977.0,1
151,10,1973-08-21 06:00:00,-92.1,19.0,0.0,36.746,0.0,1
151,11,1973-08-21 12:00:00,-92.3,18.4,0.0,27.5595,0.0,1
151,12,1973-08-21 18:00:00,-92.1,17.6,0.0,18.373,0.0,1
152,1,1973-08-28 12:00:00,-30.0,10.5,0.0,18.373,0.0,1
152,2,1973-08-28 18:00:00,-31.8,10.4,0.0,18.373,0.0,1
152,3,1973-08-29 00:00:00,-33.5,10.3,0.0,18.373,0.0,1
152,4,1973-08-29 06:00:00,-35.3,10.3,0.0,18.373,0.0,1
152,5,1973-08-29 12:00:00,-37.0,10.2,0.0,18.373,0.0,1
152,6,1973-08-29 18:00:00,-38.4,10.2,0.0,18.373,0.0,1
152,7,1973-08-30 00:00:00,-39.8,10.1,0.0,18.373,0.0,1
152,8,1973-08-30 06:00:00,-40.8,10.1,0.0,18.373,0.0,1
152,9,1973-08-30 12:00:00,-41.8,10.0,0.0,20.6696,0.0,1
152,10,1973-08-30 18:00:00,-43.0,10.4,0.0,20.6696,0.0,1
152,11,1973-08-31 00:00:00,-44.3,10.8,0.0,20.6696,1007.0,1
152,12,1973-08-31 06:00:00,-45.3,11.2,0.0,22.9662,0.0,1
152,13,1973-08-31 12:00:00,-46.4,11.8,0.0,22.9662,0.0,1
152,14,1973-08-31 18:00:00,-47.8,12.5,0.0,22.9662,1003.0,1
152,15,1973-09-01 00:00:00,-49.2,13.2,0.0,22.9662,0.0,1
152,16,1973-09-01 06:00:00,-50.7,13.7,0.0,22.9662,0.0,1
152,17,1973-09-01 12:00:00,-52.3,14.3,0.0,22.9662,1002.0,1
152,18,1973-09-01 18:00:00,-53.3,14.5,0.0,22.9662,1001.0,1
152,19,1973-09-02 00:00:00,-54.4,14.7,0.0,25.2629,999.0,1
152,20,1973-09-02 06:00:00,-55.5,14.9,0.0,27.5595,996.0,1
152,21,1973-09-02 12:00:00,-56.8,15.2,0.0,27.5595,0.0,1
152,22,1973-09-02 18:00:00,-57.7,15.3,0.0,25.2629,0.0,1
152,23,1973-09-03 00:00:00,-58.6,15.6,0.0,25.2629,1004.0,1
152,24,1973-09-03 06:00:00,-59.5,16.0,0.0,25.2629,1006.0,1
152,25,1973-09-03 12:00:00,-60.3,16.4,0.0,22.9662,1008.0,1
153,1,1973-09-03 00:00:00,-88.0,24.0,0.0,18.373,1000.0,1
153,2,1973-09-03 06:00:00,-88.9,25.0,0.0,22.9662,999.0,1
153,3,1973-09-03 12:00:00,-89.9,25.9,0.0,27.5595,997.0,1
153,4,1973-09-03 18:00:00,-91.0,26.5,0.0,27.5595,994.0,1
153,5,1973-09-04 00:00:00,-92.4,27.0,0.0,27.5595,0.0,1
153,6,1973-09-04 06:00:00,-93.0,26.9,0.0,27.5595,0.0,1
153,7,1973-09-04 12:00:00,-93.1,27.5,0.0,27.5595,993.0,1
153,8,1973-09-04 18:00:00,-94.0,28.4,0.0,27.5595,986.0,1
153,9,1973-09-05 00:00:00,-94.9,29.0,0.0,25.2629,0.0,1
153,10,1973-09-05 06:00:00,-95.8,28.9,0.0,22.9662,0.0,1
153,11,1973-09-05 12:00:00,-96.0,28.1,0.0,20.6696,988.0,1
153,12,1973-09-05 18:00:00,-95.5,28.0,0.0,18.373,0.0,1
153,13,1973-09-06 00:00:00,-95.2,28.0,0.0,20.6696,0.0,1
153,14,1973-09-06 06:00:00,-95.6,29.0,0.0,18.373,0.0,1
154,1,1973-09-15 12:00:00,-25.7,14.0,0.0,18.373,1003.0,1
154,2,1973-09-15 18:00:00,-26.8,15.1,0.0,18.373,0.0,1
154,3,1973-09-16 00:00:00,-28.1,16.2,0.0,18.373,0.0,1
154,4,1973-09-16 06:00:00,-29.4,17.2,0.0,18.373,0.0,1
154,5,1973-09-16 12:00:00,-30.7,18.2,0.0,18.373,0.0,1
154,6,1973-09-16 18:00:00,-32.2,19.2,0.0,18.373,0.0,1
154,7,1973-09-17 00:00:00,-33.8,20.2,0.0,20.6696,0.0,1
154,8,1973-09-17 06:00:00,-35.3,21.1,0.0,20.6696,0.0,1
154,9,1973-09-17 12:00:00,-36.8,22.6,0.0,22.9662,1008.0,1
154,10,1973-09-17 18:00:00,-38.3,24.5,0.0,22.9662,0.0,1
154,11,1973-09-18 00:00:00,-39.8,25.3,0.0,22.9662,0.0,1
154,12,1973-09-18 06:00:00,-41.7,26.0,0.0,22.9662,0.0,1
154,13,1973-09-18 12:00:00,-43.5,26.5,0.0,25.2629,997.0,1
154,14,1973-09-18 18:00:00,-45.2,26.7,0.0,27.5595,995.0,1
154,15,1973-09-19 00:00:00,-47.0,26.9,0.0,29.8561,0.0,1
154,16,1973-09-19 06:00:00,-48.7,27.1,0.0,29.8561,0.0,1
154,17,1973-09-19 12:00:00,-50.1,27.1,0.0,32.1527,0.0,1
154,18,1973-09-19 18:00:00,-51.5,27.2,0.0,34.4494,985.0,1
154,19,1973-09-20 00:00:00,-52.4,27.8,0.0,34.4494,0.0,1
154,20,1973-09-20 06:00:00,-53.0,28.7,0.0,34.4494,0.0,1
154,21,1973-09-20 12:00:00,-53.5,29.6,0.0,36.746,984.0,1
154,22,1973-09-20 18:00:00,-53.9,30.7,0.0,36.746,981.0,1
154,23,1973-09-21 00:00:00,-54.0,32.0,0.0,36.746,977.0,1
154,24,1973-09-21 06:00:00,-53.9,33.3,0.0,36.746,0.0,1
154,25,1973-09-21 12:00:00,-53.4,34.6,0.0,36.746,0.0,1
154,26,1973-09-21 18:00:00,-52.5,36.0,0.0,41.3392,962.0,1
154,27,1973-09-22 00:00:00,-50.9,37.5,0.0,41.3392,0.0,1
154,28,1973-09-22 06:00:00,-48.5,39.5,0.0,43.6359,0.0,1
154,29,1973-09-22 12:00:00,-45.2,42.1,0.0,45.9325,0.0,1
154,30,1973-09-22 18:00:00,-41.5,44.7,0.0,43.6359,980.0,1
154,31,1973-09-23 00:00:00,-37.0,48.6,0.0,36.746,0.0,1
154,32,1973-09-23 06:00:00,-31.6,52.3,0.0,27.5595,0.0,1
154,33,1973-09-23 12:00:00,-25.0,55.5,0.0,22.9662,0.0,1
155,1,1973-10-09 06:00:00,-62.3,30.7,0.0,18.373,0.0,1
155,2,1973-10-09 12:00:00,-60.2,31.0,0.0,20.6696,1005.0,1
155,3,1973-10-09 18:00:00,-57.8,31.5,0.0,25.2629,1003.0,1
155,4,1973-10-10 00:00:00,-55.2,31.9,0.0,29.8561,998.0,1
155,5,1973-10-10 06:00:00,-51.7,32.5,0.0,29.8561,0.0,1
155,6,1973-10-10 12:00:00,-48.1,33.1,0.0,29.8561,0.0,1
155,7,1973-10-10 18:00:00,-44.9,33.8,0.0,29.8561,996.0,1
155,8,1973-10-11 00:00:00,-41.9,35.1,0.0,29.8561,993.0,1
155,9,1973-10-11 06:00:00,-38.3,36.8,0.0,32.1527,0.0,1
155,10,1973-10-11 12:00:00,-34.5,38.7,0.0,32.1527,0.0,1
155,11,1973-10-11 18:00:00,-30.2,40.7,0.0,32.1527,0.0,1
155,12,1973-10-12 00:00:00,-25.8,42.7,0.0,32.1527,993.0,1
155,13,1973-10-12 06:00:00,-21.5,45.4,0.0,29.8561,983.0,1
155,14,1973-10-12 12:00:00,-16.4,47.2,0.0,29.8561,978.0,1
155,15,1973-10-12 18:00:00,-13.0,48.0,0.0,29.8561,0.0,1
155,16,1973-10-13 00:00:00,-10.2,48.2,0.0,29.8561,0.0,1
155,17,1973-10-13 06:00:00,-8.0,48.2,0.0,29.8561,0.0,1
155,18,1973-10-13 12:00:00,-6.5,47.9,0.0,29.8561,0.0,1
156,1,1973-10-18 00:00:00,-79.9,19.5,0.0,18.373,996.0,1
156,2,1973-10-18 06:00:00,-79.7,20.1,0.0,20.6696,0.0,1
156,3,1973-10-18 12:00:00,-79.6,20.7,0.0,22.9662,0.0,1
156,4,1973-10-18 18:00:00,-79.3,21.3,0.0,27.5595,0.0,1
156,5,1973-10-19 00:00:00,-79.0,22.0,0.0,22.9662,995.0,1
156,6,1973-10-19 06:00:00,-78.9,22.6,0.0,22.9662,0.0,1
156,7,1973-10-19 12:00:00,-78.5,23.0,0.0,22.9662,0.0,1
156,8,1973-10-19 18:00:00,-78.0,23.3,0.0,22.9662,0.0,1
156,9,1973-10-20 00:00:00,-77.5,23.6,0.0,22.9662,994.0,1
156,10,1973-10-20 06:00:00,-76.8,24.0,0.0,22.9662,0.0,1
156,11,1973-10-20 12:00:00,-76.3,24.4,0.0,22.9662,0.0,1
156,12,1973-10-20 18:00:00,-76.0,24.8,0.0,22.9662,0.0,1
156,13,1973-10-21 00:00:00,-75.9,25.1,0.0,20.6696,995.0,1
156,14,1973-10-21 06:00:00,-75.8,25.3,0.0,20.6696,0.0,1
156,15,1973-10-21 12:00:00,-75.8,25.4,0.0,20.6696,0.0,1
156,16,1973-10-22 06:00:00,-75.6,25.6,0.0,20.6696,0.0,1
156,17,1973-10-22 12:00:00,-75.7,25.6,0.0,18.373,0.0,1
156,18,1973-10-24 18:00:00,-71.4,29.9,0.0,18.373,999.0,1
156,19,1973-10-25 00:00:00,-71.2,30.8,0.0,20.6696,996.0,1
156,20,1973-10-25 06:00:00,-71.0,31.7,0.0,22.9662,0.0,1
156,21,1973-10-25 12:00:00,-70.9,32.5,0.0,27.5595,0.0,1
156,22,1973-10-25 18:00:00,-70.8,33.2,0.0,27.5595,0.0,1
156,23,1973-10-26 00:00:00,-70.4,34.1,0.0,27.5595,985.0,1
156,24,1973-10-26 06:00:00,-69.8,34.8,0.0,27.5595,0.0,1
156,25,1973-10-26 12:00:00,-69.0,35.5,0.0,27.5595,0.0,1
156,26,1973-10-26 18:00:00,-67.8,36.2,0.0,27.5595,0.0,1
156,27,1973-10-27 00:00:00,-65.9,36.9,0.0,25.2629,984.0,1
156,28,1973-10-27 06:00:00,-63.2,38.8,0.0,25.2629,0.0,1
156,29,1973-10-27 12:00:00,-60.8,41.2,0.0,25.2629,0.0,1
156,30,1973-10-27 18:00:00,-58.6,43.7,0.0,25.2629,980.0,1
156,31,1973-10-28 00:00:00,-55.2,45.4,0.0,25.2629,974.0,1
156,32,1973-10-28 06:00:00,-51.5,47.5,0.0,25.2629,968.0,1
156,33,1973-10-28 12:00:00,-48.1,51.2,0.0,25.2629,0.0,1
156,34,1973-10-28 18:00:00,-44.9,54.9,0.0,22.9662,0.0,1
156,35,1973-10-29 00:00:00,-42.7,57.5,0.0,20.6696,0.0,1
156,36,1973-10-29 06:00:00,-41.2,59.6,0.0,18.373,0.0,1
156,37,1973-10-29 12:00:00,-40.6,60.8,0.0,18.373,970.0,1
157,1,1974-06-25 00:00:00,-86.2,25.4,0.0,18.373,0.0,1
157,2,1974-06-25 06:00:00,-83.2,27.5,0.0,20.6696,0.0,1
157,3,1974-06-25 12:00:00,-81.5,28.8,0.0,25.2629,1000.0,1
157,4,1974-06-25 18:00:00,-78.7,31.0,0.0,25.2629,1002.0,1
158,1,1974-07-18 00:00:00,-63.5,37.2,0.0,18.373,0.0,1
158,2,1974-07-18 06:00:00,-60.9,38.1,0.0,18.373,0.0,1
158,3,1974-07-18 12:00:00,-58.4,39.0,0.0,20.6696,1006.0,1
158,4,1974-07-18 18:00:00,-55.0,39.9,0.0,20.6696,0.0,1
158,5,1974-07-19 00:00:00,-52.4,40.7,0.0,20.6696,0.0,1
158,6,1974-07-19 06:00:00,-51.5,41.6,0.0,20.6696,0.0,1
158,7,1974-07-19 12:00:00,-50.8,42.5,0.0,20.6696,0.0,1
158,8,1974-07-19 18:00:00,-49.9,43.6,0.0,18.373,0.0,1
158,9,1974-07-20 00:00:00,-49.0,45.0,0.0,18.373,0.0,1
158,10,1974-07-20 06:00:00,-48.0,46.7,0.0,18.373,0.0,1
159,1,1974-08-11 12:00:00,-67.0,35.5,0.0,18.373,0.0,1
159,2,1974-08-11 18:00:00,-66.0,35.9,0.0,18.373,0.0,1
159,3,1974-08-12 00:00:00,-65.4,36.5,0.0,18.373,0.0,1
159,4,1974-08-12 06:00:00,-65.3,36.7,0.0,18.373,0.0,1
159,5,1974-08-12 12:00:00,-65.4,37.0,0.0,18.373,1007.0,1
159,6,1974-08-12 18:00:00,-65.5,37.5,0.0,18.373,0.0,1
159,7,1974-08-13 00:00:00,-65.5,38.0,0.0,18.373,0.0,1
159,8,1974-08-13 06:00:00,-65.5,38.5,0.0,18.373,0.0,1
159,9,1974-08-13 12:00:00,-65.5,39.0,0.0,18.373,1003.0,1
159,10,1974-08-13 18:00:00,-64.9,39.5,0.0,18.373,0.0,1
159,11,1974-08-14 00:00:00,-64.0,40.0,0.0,20.6696,0.0,1
159,12,1974-08-14 06:00:00,-64.0,40.7,0.0,20.6696,0.0,1
159,13,1974-08-14 12:00:00,-64.0,41.5,0.0,22.9662,992.0,1
159,14,1974-08-14 18:00:00,-62.6,42.4,0.0,22.9662,0.0,1
159,15,1974-08-15 00:00:00,-60.0,43.5,0.0,20.6696,0.0,1
160,1,1974-08-13 18:00:00,-54.0,10.0,0.0,25.2629,1007.0,1
160,2,1974-08-14 00:00:00,-56.5,10.1,0.0,22.9662,0.0,1
160,3,1974-08-14 06:00:00,-58.5,10.1,0.0,20.6696,0.0,1
160,4,1974-08-14 12:00:00,-60.5,10.2,0.0,18.373,0.0,1
161,1,1974-08-28 12:00:00,-68.5,32.7,0.0,22.9662,1003.0,1
161,2,1974-08-28 18:00:00,-67.8,33.7,0.0,29.8561,1000.0,1
161,3,1974-08-29 00:00:00,-67.2,34.5,0.0,29.8561,992.0,1
161,4,1974-08-29 06:00:00,-66.1,35.3,0.0,36.746,990.0,1
161,5,1974-08-29 12:00:00,-65.0,36.0,0.0,39.0426,987.0,1
161,6,1974-08-29 18:00:00,-63.9,36.5,0.0,41.3392,0.0,1
161,7,1974-08-30 00:00:00,-62.8,37.0,0.0,43.6359,0.0,1
161,8,1974-08-30 06:00:00,-61.8,37.3,0.0,45.9325,0.0,1
161,9,1974-08-30 12:00:00,-61.0,38.0,0.0,45.9325,977.0,1
161,10,1974-08-30 18:00:00,-60.2,38.5,0.0,45.9325,0.0,1
161,11,1974-08-31 00:00:00,-59.2,39.3,0.0,45.9325,0.0,1
161,12,1974-08-31 06:00:00,-58.0,40.0,0.0,45.9325,0.0,1
161,13,1974-08-31 12:00:00,-56.0,40.3,0.0,45.9325,0.0,1
161,14,1974-08-31 18:00:00,-54.5,41.0,0.0,43.6359,0.0,1
161,15,1974-09-01 00:00:00,-52.7,41.7,0.0,41.3392,0.0,1
161,16,1974-09-01 06:00:00,-50.4,42.1,0.0,39.0426,0.0,1
161,17,1974-09-01 12:00:00,-47.8,42.7,0.0,36.746,0.0,1
161,18,1974-09-01 18:00:00,-44.5,43.0,0.0,32.1527,0.0,1
161,19,1974-09-02 00:00:00,-40.8,43.1,0.0,27.5595,0.0,1
161,20,1974-09-02 06:00:00,-36.0,43.0,0.0,18.373,0.0,1
162,1,1974-08-30 18:00:00,-69.9,17.0,0.0,18.373,1001.0,1
162,2,1974-08-31 00:00:00,-72.2,17.0,0.0,20.6696,0.0,1
162,3,1974-08-31 06:00:00,-74.2,17.0,0.0,22.9662,0.0,1
162,4,1974-08-31 12:00:00,-76.0,17.0,0.0,29.8561,988.0,1
162,5,1974-08-31 18:00:00,-77.9,17.2,0.0,34.4494,0.0,1
162,6,1974-09-01 00:00:00,-79.8,17.3,0.0,36.746,0.0,1
162,7,1974-09-01 06:00:00,-81.5,17.5,0.0,39.0426,972.0,1
162,8,1974-09-01 12:00:00,-83.2,17.7,0.0,48.2291,960.0,1
162,9,1974-09-01 18:00:00,-84.7,17.8,0.0,52.8224,947.0,1
162,10,1974-09-02 00:00:00,-85.9,18.0,0.0,57.4156,933.0,1
162,11,1974-09-02 06:00:00,-86.8,18.4,0.0,59.7122,928.0,1
162,12,1974-09-02 12:00:00,-87.9,18.6,0.0,55.119,956.0,1
162,13,1974-09-02 18:00:00,-88.8,18.8,0.0,41.3392,0.0,1
162,14,1974-09-03 00:00:00,-89.3,19.1,0.0,27.5595,0.0,1
162,15,1974-09-03 06:00:00,-89.7,19.3,0.0,27.5595,0.0,1
162,16,1974-09-03 12:00:00,-90.2,19.6,0.0,27.5595,0.0,1
162,17,1974-09-03 18:00:00,-90.4,19.9,0.0,27.5595,1000.0,1
162,18,1974-09-04 00:00:00,-90.7,20.0,0.0,25.2629,0.0,1
162,19,1974-09-04 06:00:00,-90.8,20.1,0.0,22.9662,0.0,1
162,20,1974-09-04 12:00:00,-91.0,20.3,0.0,22.9662,0.0,1
162,21,1974-09-04 18:00:00,-91.0,20.5,0.0,25.2629,995.0,1
162,22,1974-09-05 00:00:00,-90.9,20.7,0.0,22.9662,0.0,1
162,23,1974-09-05 06:00:00,-90.9,20.9,0.0,25.2629,0.0,1
162,24,1974-09-05 12:00:00,-90.8,21.2,0.0,29.8561,985.0,1
162,25,1974-09-05 18:00:00,-90.7,21.5,0.0,29.8561,984.0,1
162,26,1974-09-06 00:00:00,-90.5,21.9,0.0,29.8561,983.0,1
162,27,1974-09-06 06:00:00,-90.5,22.4,0.0,32.1527,971.0,1
162,28,1974-09-06 12:00:00,-90.4,22.9,0.0,36.746,969.0,1
162,29,1974-09-06 18:00:00,-90.4,23.7,0.0,43.6359,968.0,1
162,30,1974-09-07 00:00:00,-90.3,24.6,0.0,45.9325,967.0,1
162,31,1974-09-07 06:00:00,-90.3,25.7,0.0,48.2291,959.0,1
162,32,1974-09-07 12:00:00,-90.3,26.8,0.0,50.5258,950.0,1
162,33,1974-09-07 18:00:00,-90.4,27.8,0.0,52.8224,944.0,1
162,34,1974-09-08 00:00:00,-90.8,28.7,0.0,59.7122,937.0,1
162,35,1974-09-08 06:00:00,-91.3,29.4,0.0,48.2291,0.0,1
162,36,1974-09-08 12:00:00,-92.1,30.0,0.0,34.4494,0.0,1
162,37,1974-09-08 18:00:00,-92.6,30.5,0.0,20.6696,0.0,1
163,1,1974-09-03 18:00:00,-72.0,30.2,0.0,20.6696,1005.0,1
163,2,1974-09-04 00:00:00,-72.6,31.8,0.0,20.6696,0.0,1
163,3,1974-09-04 06:00:00,-72.6,33.6,0.0,20.6696,0.0,1
163,4,1974-09-04 12:00:00,-72.1,35.5,0.0,20.6696,0.0,1
163,5,1974-09-04 18:00:00,-70.6,37.8,0.0,18.373,0.0,1
163,6,1974-09-05 00:00:00,-67.5,40.8,0.0,18.373,0.0,1
163,7,1974-09-05 06:00:00,-63.8,43.0,0.0,18.373,0.0,1
164,1,1974-09-10 00:00:00,-71.3,33.8,0.0,20.6696,1005.0,1
164,2,1974-09-10 06:00:00,-70.0,34.4,0.0,25.2629,1003.0,1
164,3,1974-09-10 12:00:00,-69.3,34.8,0.0,27.5595,1001.0,1
164,4,1974-09-10 18:00:00,-68.2,35.1,0.0,27.5595,1004.0,1
164,5,1974-09-11 00:00:00,-66.7,35.4,0.0,25.2629,1006.0,1
164,6,1974-09-11 06:00:00,-65.3,35.4,0.0,22.9662,0.0,1
164,7,1974-09-11 12:00:00,-64.5,35.5,0.0,22.9662,0.0,1
164,8,1974-09-11 18:00:00,-63.6,35.6,0.0,22.9662,0.0,1
164,9,1974-09-12 00:00:00,-62.7,35.7,0.0,22.9662,1004.0,1
164,10,1974-09-12 06:00:00,-61.9,36.3,0.0,20.6696,0.0,1
164,11,1974-09-12 12:00:00,-61.2,37.0,0.0,20.6696,0.0,1
164,12,1974-09-12 18:00:00,-60.1,38.7,0.0,20.6696,1008.0,1
164,13,1974-09-13 00:00:00,-58.3,39.6,0.0,20.6696,0.0,1
164,14,1974-09-13 06:00:00,-55.9,39.8,0.0,20.6696,0.0,1
164,15,1974-09-13 12:00:00,-53.1,40.5,0.0,20.6696,0.0,1
164,16,1974-09-13 18:00:00,-50.3,41.4,0.0,18.373,0.0,1
164,17,1974-09-14 00:00:00,-48.0,42.0,0.0,18.373,0.0,1
165,1,1974-09-17 00:00:00,-78.7,17.0,0.0,22.9662,999.0,1
165,2,1974-09-17 06:00:00,-79.5,16.9,0.0,27.5595,993.0,1
165,3,1974-09-17 12:00:00,-80.2,16.6,0.0,32.1527,0.0,1
165,4,1974-09-17 18:00:00,-81.0,16.4,0.0,34.4494,0.0,1
165,5,1974-09-18 00:00:00,-81.7,16.3,0.0,36.746,0.0,1
165,6,1974-09-18 06:00:00,-82.4,16.3,0.0,39.0426,977.0,1
165,7,1974-09-18 12:00:00,-83.5,16.3,0.0,41.3392,0.0,1
165,8,1974-09-18 18:00:00,-84.7,16.3,0.0,43.6359,0.0,1
165,9,1974-09-19 00:00:00,-85.7,16.2,0.0,43.6359,0.0,1
165,10,1974-09-19 06:00:00,-86.6,16.1,0.0,43.6359,0.0,1
165,11,1974-09-19 12:00:00,-87.5,16.1,0.0,43.6359,971.0,1
165,12,1974-09-19 18:00:00,-88.2,16.3,0.0,41.3392,0.0,1
165,13,1974-09-20 00:00:00,-89.2,16.7,0.0,27.5595,0.0,1
165,14,1974-09-20 06:00:00,-90.5,16.8,0.0,27.5595,0.0,1
165,15,1974-09-20 12:00:00,-92.0,16.9,0.0,20.6696,0.0,1
165,16,1974-09-22 18:00:00,-105.2,18.7,0.0,22.9662,0.0,1
165,17,1974-09-23 00:00:00,-105.8,19.4,0.0,22.9662,0.0,1
165,18,1974-09-23 06:00:00,-106.3,19.9,0.0,22.9662,0.0,1
165,19,1974-09-23 12:00:00,-106.7,20.6,0.0,29.8561,0.0,1
165,20,1974-09-23 18:00:00,-107.1,22.2,0.0,34.4494,0.0,1
165,21,1974-09-24 00:00:00,-107.0,24.0,0.0,41.3392,0.0,1
166,1,1974-09-28 18:00:00,-51.8,10.8,0.0,20.6696,1004.0,1
166,2,1974-09-29 00:00:00,-53.0,11.0,0.0,29.8561,999.0,1
166,3,1974-09-29 06:00:00,-54.0,11.2,0.0,29.8561,1000.0,1
166,4,1974-09-29 12:00:00,-55.0,11.4,0.0,29.8561,1000.0,1
166,5,1974-09-29 18:00:00,-55.4,11.5,0.0,29.8561,1001.0,1
166,6,1974-09-30 00:00:00,-56.0,11.7,0.0,29.8561,1004.0,1
166,7,1974-09-30 06:00:00,-56.4,11.3,0.0,29.8561,1005.0,1
166,8,1974-09-30 12:00:00,-56.6,11.0,0.0,29.8561,1007.0,1
166,9,1974-09-30 18:00:00,-56.5,11.5,0.0,20.6696,1008.0,1
166,10,1974-10-01 00:00:00,-57.1,11.9,0.0,20.6696,0.0,1
166,11,1974-10-01 06:00:00,-57.7,12.0,0.0,20.6696,0.0,1
166,12,1974-10-01 12:00:00,-58.3,12.1,0.0,20.6696,1009.0,1
166,13,1974-10-01 18:00:00,-58.9,12.2,0.0,18.373,0.0,1
166,14,1974-10-02 00:00:00,-59.8,12.4,0.0,18.373,0.0,1
167,1,1974-10-06 00:00:00,-77.0,23.8,0.0,18.373,0.0,1
167,2,1974-10-06 06:00:00,-77.8,24.4,0.0,18.373,0.0,1
167,3,1974-10-06 12:00:00,-78.7,25.0,0.0,18.373,1006.0,1
167,4,1974-10-06 18:00:00,-79.3,25.8,0.0,18.373,0.0,1
167,5,1974-10-07 00:00:00,-79.8,26.8,0.0,20.6696,0.0,1
167,6,1974-10-07 06:00:00,-80.0,28.0,0.0,18.373,0.0,1
167,7,1974-10-07 12:00:00,-79.7,29.3,0.0,18.373,0.0,1
167,8,1974-10-07 18:00:00,-78.8,30.7,0.0,18.373,0.0,1
168,1,1975-06-29 06:00:00,-74.8,34.0,0.0,18.373,1002.0,1
168,2,1975-06-29 12:00:00,-73.8,33.8,0.0,20.6696,1000.0,1
168,3,1975-06-29 18:00:00,-72.8,33.8,0.0,22.9662,998.0,1
168,4,1975-06-30 00:00:00,-71.6,34.3,0.0,22.9662,998.0,1
168,5,1975-06-30 06:00:00,-70.8,35.6,0.0,25.2629,998.0,1
168,6,1975-06-30 12:00:00,-70.5,35.9,0.0,27.5595,987.0,1
168,7,1975-06-30 18:00:00,-70.2,36.2,0.0,27.5595,987.0,1
168,8,1975-07-01 00:00:00,-69.8,36.2,0.0,27.5595,984.0,1
168,9,1975-07-01 06:00:00,-69.4,36.2,0.0,27.5595,984.0,1
168,10,1975-07-01 12:00:00,-68.3,36.2,0.0,27.5595,984.0,1
168,11,1975-07-01 18:00:00,-67.2,36.7,0.0,27.5595,984.0,1
168,12,1975-07-02 00:00:00,-66.7,37.4,0.0,27.5595,984.0,1
168,13,1975-07-02 06:00:00,-65.9,37.3,0.0,27.5595,984.0,1
168,14,1975-07-02 12:00:00,-65.1,37.3,0.0,27.5595,981.0,1
168,15,1975-07-02 18:00:00,-64.1,37.3,0.0,27.5595,986.0,1
168,16,1975-07-03 00:00:00,-62.8,37.7,0.0,25.2629,986.0,1
168,17,1975-07-03 06:00:00,-61.2,38.2,0.0,25.2629,986.0,1
168,18,1975-07-03 12:00:00,-59.6,39.3,0.0,25.2629,986.0,1
168,19,1975-07-03 18:00:00,-58.0,40.5,0.0,22.9662,986.0,1
168,20,1975-07-04 00:00:00,-54.8,42.5,0.0,22.9662,986.0,1
168,21,1975-07-04 06:00:00,-51.6,44.5,0.0,22.9662,986.0,1
168,22,1975-07-04 12:00:00,-48.0,47.0,0.0,20.6696,995.0,1
169,1,1975-07-26 18:00:00,-72.2,34.2,0.0,22.9662,998.0,1
169,2,1975-07-27 00:00:00,-71.0,35.0,0.0,27.5595,992.0,1
169,3,1975-07-27 06:00:00,-70.0,35.9,0.0,29.8561,987.0,1
169,4,1975-07-27 12:00:00,-69.0,36.9,0.0,32.1527,984.0,1
169,5,1975-07-27 18:00:00,-68.0,37.9,0.0,34.4494,981.0,1
169,6,1975-07-28 00:00:00,-67.2,39.3,0.0,34.4494,980.0,1
169,7,1975-07-28 06:00:00,-66.4,41.2,0.0,32.1527,980.0,1
169,8,1975-07-28 12:00:00,-65.2,44.0,0.0,27.5595,988.0,1
169,9,1975-07-28 18:00:00,-62.4,47.2,0.0,27.5595,992.0,1
170,1,1975-08-29 12:00:00,-93.2,23.2,0.0,18.373,999.0,1
170,2,1975-08-29 18:00:00,-93.6,23.2,0.0,22.9662,994.0,1
170,3,1975-08-30 00:00:00,-94.2,23.3,0.0,29.8561,990.0,1
170,4,1975-08-30 06:00:00,-94.9,23.5,0.0,29.8561,990.0,1
170,5,1975-08-30 12:00:00,-95.6,23.7,0.0,29.8561,989.0,1
170,6,1975-08-30 18:00:00,-96.3,23.8,0.0,32.1527,987.0,1
170,7,1975-08-31 00:00:00,-97.0,24.0,0.0,45.9325,973.0,1
170,8,1975-08-31 06:00:00,-97.5,24.1,0.0,45.9325,963.0,1
170,9,1975-08-31 12:00:00,-97.8,24.3,0.0,41.3392,963.0,1
170,10,1975-08-31 18:00:00,-98.0,24.8,0.0,25.2629,993.0,1
171,1,1975-08-28 18:00:00,-47.5,33.6,0.0,18.373,1005.0,1
171,2,1975-08-29 00:00:00,-48.1,34.5,0.0,18.373,1005.0,1
171,3,1975-08-29 06:00:00,-48.5,34.7,0.0,20.6696,1005.0,1
171,4,1975-08-29 12:00:00,-48.9,34.9,0.0,20.6696,1005.0,1
171,5,1975-08-29 18:00:00,-49.1,35.2,0.0,22.9662,1000.0,1
171,6,1975-08-30 00:00:00,-48.9,35.3,0.0,25.2629,997.0,1
171,7,1975-08-30 06:00:00,-48.5,35.3,0.0,25.2629,997.0,1
171,8,1975-08-30 12:00:00,-48.0,35.3,0.0,25.2629,997.0,1
171,9,1975-08-30 18:00:00,-47.1,35.0,0.0,25.2629,997.0,1
171,10,1975-08-31 00:00:00,-46.3,34.9,0.0,29.8561,990.0,1
171,11,1975-08-31 06:00:00,-45.7,34.8,0.0,29.8561,990.0,1
171,12,1975-08-31 12:00:00,-45.2,34.7,0.0,32.1527,990.0,1
171,13,1975-08-31 18:00:00,-44.9,34.6,0.0,32.1527,990.0,1
171,14,1975-09-01 00:00:00,-44.6,34.5,0.0,34.4494,984.0,1
171,15,1975-09-01 06:00:00,-44.2,34.6,0.0,34.4494,984.0,1
171,16,1975-09-01 12:00:00,-44.0,34.9,0.0,34.4494,984.0,1
171,17,1975-09-01 18:00:00,-44.0,35.4,0.0,34.4494,984.0,1
171,18,1975-09-02 00:00:00,-44.4,35.8,0.0,41.3392,970.0,1
171,19,1975-09-02 06:00:00,-44.5,36.4,0.0,43.6359,965.0,1
171,20,1975-09-02 12:00:00,-44.3,37.0,0.0,43.6359,965.0,1
171,21,1975-09-02 18:00:00,-44.2,37.7,0.0,43.6359,965.0,1
171,22,1975-09-03 00:00:00,-43.8,38.4,0.0,43.6359,965.0,1
171,23,1975-09-03 06:00:00,-43.6,39.7,0.0,43.6359,965.0,1
171,24,1975-09-03 12:00:00,-43.0,41.1,0.0,43.6359,965.0,1
171,25,1975-09-03 18:00:00,-42.5,42.0,0.0,41.3392,970.0,1
171,26,1975-09-04 00:00:00,-42.0,42.8,0.0,27.5595,995.0,1
171,27,1975-09-04 06:00:00,-41.4,43.2,0.0,20.6696,1005.0,1
171,28,1975-09-04 12:00:00,-40.7,43.5,0.0,20.6696,1005.0,1
172,1,1975-09-16 06:00:00,-66.7,19.2,0.0,20.6696,1007.0,1
172,2,1975-09-16 12:00:00,-67.5,19.4,0.0,25.2629,1002.0,1
172,3,1975-09-16 18:00:00,-68.4,19.5,0.0,29.8561,1002.0,1
172,4,1975-09-17 00:00:00,-69.2,19.6,0.0,29.8561,997.0,1
172,5,1975-09-17 06:00:00,-70.2,19.7,0.0,27.5595,1000.0,1
172,6,1975-09-17 12:00:00,-71.2,19.7,0.0,25.2629,1000.0,1
172,7,1975-09-17 18:00:00,-72.2,19.8,0.0,22.9662,1000.0,1
172,8,1975-09-18 00:00:00,-73.3,19.9,0.0,20.6696,1000.0,1
172,9,1975-09-18 06:00:00,-74.5,19.9,0.0,20.6696,1000.0,1
172,10,1975-09-18 12:00:00,-75.7,19.9,0.0,18.373,1000.0,1
172,11,1975-09-18 18:00:00,-77.0,20.0,0.0,18.373,1000.0,1
172,12,1975-09-21 00:00:00,-86.4,20.2,0.0,18.373,1001.0,1
172,13,1975-09-21 06:00:00,-87.1,20.8,0.0,20.6696,1001.0,1
172,14,1975-09-21 12:00:00,-87.8,21.4,0.0,22.9662,1001.0,1
172,15,1975-09-21 18:00:00,-88.5,22.4,0.0,25.2629,995.0,1
172,16,1975-09-22 00:00:00,-88.9,23.6,0.0,27.5595,995.0,1
172,17,1975-09-22 06:00:00,-89.4,24.8,0.0,29.8561,993.0,1
172,18,1975-09-22 12:00:00,-89.5,25.8,0.0,34.4494,986.0,1
172,19,1975-09-22 18:00:00,-89.4,26.5,0.0,39.0426,980.0,1
172,20,1975-09-23 00:00:00,-88.5,27.3,0.0,43.6359,968.0,1
172,21,1975-09-23 06:00:00,-87.3,28.4,0.0,48.2291,958.0,1
172,22,1975-09-23 12:00:00,-86.3,30.2,0.0,50.5258,955.0,1
172,23,1975-09-23 18:00:00,-85.7,33.0,0.0,25.2629,982.0,1
173,1,1975-09-19 18:00:00,-40.2,20.4,0.0,18.373,0.0,1
173,2,1975-09-20 00:00:00,-41.3,20.5,0.0,18.373,0.0,1
173,3,1975-09-20 06:00:00,-42.7,20.5,0.0,18.373,0.0,1
173,4,1975-09-20 12:00:00,-44.0,20.3,0.0,18.373,0.0,1
173,5,1975-09-20 18:00:00,-45.3,20.2,0.0,18.373,0.0,1
173,6,1975-09-21 00:00:00,-46.2,20.3,0.0,18.373,0.0,1
173,7,1975-09-21 06:00:00,-47.0,20.3,0.0,18.373,0.0,1
173,8,1975-09-21 12:00:00,-47.8,20.3,0.0,18.373,0.0,1
173,9,1975-09-25 12:00:00,-58.8,24.8,0.0,20.6696,999.0,1
173,10,1975-09-25 18:00:00,-59.4,25.5,0.0,27.5595,993.0,1
173,11,1975-09-26 00:00:00,-60.0,26.5,0.0,29.8561,990.0,1
173,12,1975-09-26 06:00:00,-60.9,27.9,0.0,32.1527,988.0,1
173,13,1975-09-26 12:00:00,-62.0,29.6,0.0,34.4494,985.0,1
173,14,1975-09-26 18:00:00,-63.1,31.0,0.0,39.0426,985.0,1
173,15,1975-09-27 00:00:00,-64.2,32.7,0.0,41.3392,985.0,1
173,16,1975-09-27 06:00:00,-65.2,34.4,0.0,41.3392,979.0,1
173,17,1975-09-27 12:00:00,-65.7,36.1,0.0,41.3392,982.0,1
173,18,1975-09-27 18:00:00,-65.0,37.4,0.0,41.3392,985.0,1
173,19,1975-09-28 00:00:00,-63.7,38.4,0.0,39.0426,985.0,1
173,20,1975-09-28 06:00:00,-60.5,39.8,0.0,36.746,985.0,1
173,21,1975-09-28 12:00:00,-57.1,41.0,0.0,34.4494,979.0,1
173,22,1975-09-28 18:00:00,-52.0,42.3,0.0,34.4494,977.0,1
173,23,1975-09-29 00:00:00,-46.0,42.8,0.0,32.1527,977.0,1
173,24,1975-09-29 06:00:00,-40.0,42.9,0.0,29.8561,977.0,1
173,25,1975-09-29 12:00:00,-34.0,43.0,0.0,27.5595,0.0,1
174,1,1975-09-25 00:00:00,-41.0,14.2,0.0,18.373,1005.0,1
174,2,1975-09-25 06:00:00,-42.0,14.8,0.0,22.9662,1000.0,1
174,3,1975-09-25 12:00:00,-43.0,15.4,0.0,27.5595,1000.0,1
174,4,1975-09-25 18:00:00,-44.0,15.8,0.0,29.8561,990.0,1
174,5,1975-09-26 00:00:00,-45.0,16.2,0.0,29.8561,990.0,1
174,6,1975-09-26 06:00:00,-46.1,16.4,0.0,29.8561,990.0,1
174,7,1975-09-26 12:00:00,-47.7,16.6,0.0,29.8561,990.0,1
174,8,1975-09-26 18:00:00,-49.3,16.8,0.0,29.8561,990.0,1
174,9,1975-09-27 00:00:00,-50.7,17.1,0.0,29.8561,990.0,1
174,10,1975-09-27 06:00:00,-52.2,17.6,0.0,29.8561,990.0,1
174,11,1975-09-27 12:00:00,-53.7,18.2,0.0,29.8561,990.0,1
174,12,1975-09-27 18:00:00,-55.1,18.8,0.0,29.8561,990.0,1
174,13,1975-09-28 00:00:00,-56.4,19.4,0.0,29.8561,992.0,1
174,14,1975-09-28 06:00:00,-57.4,19.6,0.0,29.8561,992.0,1
174,15,1975-09-28 12:00:00,-58.2,19.8,0.0,29.8561,1000.0,1
174,16,1975-09-28 18:00:00,-59.3,20.3,0.0,29.8561,998.0,1
174,17,1975-09-29 00:00:00,-60.3,21.2,0.0,29.8561,995.0,1
174,18,1975-09-29 06:00:00,-61.4,22.1,0.0,32.1527,990.0,1
174,19,1975-09-29 12:00:00,-62.6,23.0,0.0,32.1527,990.0,1
174,20,1975-09-29 18:00:00,-63.9,23.6,0.0,34.4494,985.0,1
174,21,1975-09-30 00:00:00,-65.2,24.1,0.0,36.746,975.0,1
174,22,1975-09-30 06:00:00,-66.5,24.6,0.0,36.746,975.0,1
174,23,1975-09-30 12:00:00,-67.9,25.1,0.0,36.746,975.0,1
174,24,1975-09-30 18:00:00,-69.3,25.6,0.0,36.746,975.0,1
174,25,1975-10-01 00:00:00,-70.6,26.1,0.0,36.746,975.0,1
174,26,1975-10-01 06:00:00,-71.7,26.8,0.0,36.746,975.0,1
174,27,1975-10-01 12:00:00,-72.4,27.9,0.0,36.746,975.0,1
174,28,1975-10-01 18:00:00,-73.0,29.4,0.0,41.3392,969.0,1
174,29,1975-10-02 00:00:00,-73.0,31.0,0.0,45.9325,954.0,1
174,30,1975-10-02 06:00:00,-72.1,32.9,0.0,50.5258,942.0,1
174,31,1975-10-02 12:00:00,-69.8,35.3,0.0,55.119,939.0,1
174,32,1975-10-02 18:00:00,-67.0,37.8,0.0,55.119,939.0,1
174,33,1975-10-03 00:00:00,-62.6,40.8,0.0,50.5258,950.0,1
174,34,1975-10-03 06:00:00,-57.0,43.7,0.0,39.0426,960.0,1
174,35,1975-10-03 12:00:00,-50.6,46.6,0.0,39.0426,960.0,1
174,36,1975-10-03 18:00:00,-45.5,50.5,0.0,34.4494,975.0,1
174,37,1975-10-04 00:00:00,-40.0,55.0,0.0,29.8561,980.0,1
175,1,1975-10-27 00:00:00,-77.5,33.5,0.0,20.6696,1002.0,1
175,2,1975-10-27 06:00:00,-75.5,34.5,0.0,20.6696,1002.0,1
175,3,1975-10-27 12:00:00,-73.8,35.7,0.0,20.6696,1004.0,1
175,4,1975-10-27 18:00:00,-72.6,36.4,0.0,18.373,1006.0,1
176,1,1975-12-09 18:00:00,-43.0,41.1,0.0,18.373,0.0,1
176,2,1975-12-10 00:00:00,-43.1,40.4,0.0,20.6696,0.0,1
176,3,1975-12-10 06:00:00,-43.2,39.6,0.0,25.2629,0.0,1
176,4,1975-12-10 12:00:00,-43.4,38.3,0.0,27.5595,992.0,1
176,5,1975-12-10 18:00:00,-43.7,36.5,0.0,25.2629,0.0,1
176,6,1975-12-11 00:00:00,-44.0,34.5,0.0,22.9662,0.0,1
176,7,1975-12-11 06:00:00,-43.7,32.5,0.0,20.6696,0.0,1
176,8,1975-12-11 12:00:00,-42.9,30.5,0.0,18.373,0.0,1
176,9,1975-12-11 18:00:00,-41.9,28.7,0.0,18.373,985.0,1
177,1,1976-05-23 12:00:00,-86.0,28.5,0.0,18.373,998.0,1
177,2,1976-05-23 18:00:00,-84.0,29.8,0.0,18.373,998.0,1
177,3,1976-05-24 00:00:00,-82.0,31.0,0.0,18.373,998.0,1
177,4,1976-05-24 06:00:00,-80.0,31.8,0.0,18.373,998.0,1
177,5,1976-05-24 12:00:00,-78.0,32.8,0.0,20.6696,996.0,1
177,6,1976-05-24 18:00:00,-76.0,33.5,0.0,20.6696,994.0,1
177,7,1976-05-25 00:00:00,-74.0,34.0,0.0,20.6696,994.0,1
177,8,1976-05-25 06:00:00,-72.0,34.8,0.0,20.6696,996.0,1
177,9,1976-05-25 12:00:00,-69.5,35.5,0.0,18.373,998.0,1
177,10,1976-05-25 18:00:00,-67.0,36.0,0.0,18.373,998.0,1
178,1,1976-07-30 12:00:00,-39.9,30.1,0.0,18.373,0.0,1
178,2,1976-07-30 18:00:00,-37.7,30.5,0.0,18.373,0.0,1
178,3,1976-07-31 00:00:00,-35.7,31.3,0.0,18.373,0.0,1
178,4,1976-07-31 06:00:00,-33.6,31.9,0.0,18.373,0.0,1
178,5,1976-07-31 12:00:00,-31.5,32.5,0.0,18.373,0.0,1
178,6,1976-07-31 18:00:00,-29.4,33.2,0.0,18.373,0.0,1
178,7,1976-08-02 06:00:00,-20.3,40.6,0.0,18.373,0.0,1
178,8,1976-08-02 12:00:00,-20.5,42.1,0.0,20.6696,0.0,1
178,9,1976-08-02 18:00:00,-21.0,42.7,0.0,18.373,1004.0,1
179,1,1976-08-07 00:00:00,-73.2,25.6,0.0,18.373,1005.0,1
179,2,1976-08-07 06:00:00,-73.2,26.0,0.0,20.6696,1000.0,1
179,3,1976-08-07 12:00:00,-73.7,26.2,0.0,25.2629,993.0,1
179,4,1976-08-07 18:00:00,-74.2,26.6,0.0,32.1527,985.0,1
179,5,1976-08-08 00:00:00,-74.6,26.9,0.0,36.746,972.0,1
179,6,1976-08-08 06:00:00,-75.1,27.4,0.0,41.3392,962.0,1
179,7,1976-08-08 12:00:00,-75.1,28.1,0.0,43.6359,959.0,1
179,8,1976-08-08 18:00:00,-75.3,29.5,0.0,45.9325,958.0,1
179,9,1976-08-09 00:00:00,-75.3,30.9,0.0,48.2291,957.0,1
179,10,1976-08-09 06:00:00,-75.2,32.5,0.0,48.2291,959.0,1
179,11,1976-08-09 12:00:00,-74.7,34.4,0.0,43.6359,963.0,1
179,12,1976-08-09 18:00:00,-74.2,36.6,0.0,41.3392,970.0,1
179,13,1976-08-10 00:00:00,-73.8,38.8,0.0,36.746,977.0,1
179,14,1976-08-10 06:00:00,-73.2,41.0,0.0,27.5595,983.0,1
180,1,1976-08-20 00:00:00,-80.0,28.2,0.0,18.373,1001.0,1
180,2,1976-08-20 06:00:00,-80.0,29.6,0.0,20.6696,996.0,1
180,3,1976-08-20 12:00:00,-80.0,30.6,0.0,18.373,999.0,1
181,1,1976-08-19 00:00:00,-66.4,35.2,0.0,18.373,996.0,1
181,2,1976-08-19 06:00:00,-65.7,36.7,0.0,18.373,0.0,1
181,3,1976-08-19 12:00:00,-65.0,37.7,0.0,18.373,0.0,1
181,4,1976-08-19 18:00:00,-64.0,38.2,0.0,18.373,999.0,1
181,5,1976-08-20 18:00:00,-61.0,40.8,0.0,18.373,997.0,1
181,6,1976-08-21 00:00:00,-59.8,41.1,0.0,18.373,995.0,1
181,7,1976-08-21 06:00:00,-59.3,41.2,0.0,29.8561,993.0,1
181,8,1976-08-21 12:00:00,-59.0,41.0,0.0,29.8561,989.0,1
181,9,1976-08-21 18:00:00,-58.7,40.5,0.0,29.8561,0.0,1
181,10,1976-08-22 00:00:00,-58.2,40.3,0.0,29.8561,0.0,1
181,11,1976-08-22 06:00:00,-57.8,40.8,0.0,32.1527,0.0,1
181,12,1976-08-22 12:00:00,-57.0,41.0,0.0,32.1527,0.0,1
181,13,1976-08-22 18:00:00,-56.4,41.3,0.0,36.746,964.0,1
181,14,1976-08-23 00:00:00,-55.5,41.7,0.0,36.746,0.0,1
181,15,1976-08-23 06:00:00,-54.3,42.4,0.0,36.746,0.0,1
181,16,1976-08-23 12:00:00,-53.2,43.1,0.0,36.746,0.0,1
181,17,1976-08-23 18:00:00,-51.2,44.4,0.0,36.746,971.0,1
181,18,1976-08-24 00:00:00,-48.7,45.9,0.0,36.746,0.0,1
181,19,1976-08-24 06:00:00,-45.5,47.3,0.0,29.8561,0.0,1
181,20,1976-08-24 12:00:00,-42.8,49.9,0.0,29.8561,0.0,1
182,1,1976-08-22 18:00:00,-57.2,17.0,0.0,18.373,1004.0,1
182,2,1976-08-23 00:00:00,-58.6,17.8,0.0,20.6696,1001.0,1
182,3,1976-08-23 06:00:00,-60.0,18.6,0.0,22.9662,997.0,1
182,4,1976-08-23 12:00:00,-61.0,19.4,0.0,25.2629,997.0,1
182,5,1976-08-23 18:00:00,-62.0,20.2,0.0,25.2629,996.0,1
182,6,1976-08-24 00:00:00,-63.2,21.3,0.0,25.2629,998.0,1
182,7,1976-08-24 06:00:00,-64.0,22.7,0.0,25.2629,999.0,1
182,8,1976-08-24 12:00:00,-64.5,23.8,0.0,25.2629,999.0,1
182,9,1976-08-24 18:00:00,-64.8,24.5,0.0,27.5595,995.0,1
182,10,1976-08-25 00:00:00,-64.2,25.3,0.0,27.5595,993.0,1
182,11,1976-08-25 06:00:00,-63.4,26.0,0.0,27.5595,991.0,1
182,12,1976-08-25 12:00:00,-62.1,26.5,0.0,29.8561,990.0,1
182,13,1976-08-25 18:00:00,-60.4,26.6,0.0,29.8561,991.0,1
182,14,1976-08-26 00:00:00,-59.0,26.8,0.0,32.1527,988.0,1
182,15,1976-08-26 06:00:00,-57.8,27.0,0.0,34.4494,984.0,1
182,16,1976-08-26 12:00:00,-56.2,27.2,0.0,36.746,980.0,1
182,17,1976-08-26 18:00:00,-54.8,27.7,0.0,39.0426,976.0,1
182,18,1976-08-27 00:00:00,-53.6,28.9,0.0,39.0426,0.0,1
182,19,1976-08-27 06:00:00,-53.4,29.8,0.0,39.0426,0.0,1
182,20,1976-08-27 12:00:00,-53.7,30.9,0.0,39.0426,975.0,1
182,21,1976-08-27 18:00:00,-54.0,31.8,0.0,39.0426,0.0,1
182,22,1976-08-28 00:00:00,-55.2,32.5,0.0,39.0426,0.0,1
182,23,1976-08-28 06:00:00,-56.0,33.0,0.0,39.0426,0.0,1
182,24,1976-08-28 12:00:00,-56.6,33.5,0.0,39.0426,975.0,1
182,25,1976-08-28 18:00:00,-57.2,34.0,0.0,39.0426,0.0,1
182,26,1976-08-29 00:00:00,-57.4,34.4,0.0,39.0426,0.0,1
182,27,1976-08-29 06:00:00,-57.4,34.8,0.0,39.0426,0.0,1
182,28,1976-08-29 12:00:00,-56.8,35.0,0.0,41.3392,974.0,1
182,29,1976-08-29 18:00:00,-55.5,35.0,0.0,41.3392,0.0,1
182,30,1976-08-30 00:00:00,-54.5,35.0,0.0,41.3392,0.0,1
182,31,1976-08-30 06:00:00,-53.3,35.0,0.0,41.3392,0.0,1
182,32,1976-08-30 12:00:00,-52.0,34.9,0.0,41.3392,975.0,1
182,33,1976-08-30 18:00:00,-50.5,34.9,0.0,41.3392,0.0,1
182,34,1976-08-31 00:00:00,-48.7,34.9,0.0,41.3392,0.0,1
182,35,1976-08-31 06:00:00,-46.8,34.9,0.0,41.3392,0.0,1
182,36,1976-08-31 12:00:00,-44.9,35.1,0.0,39.0426,977.0,1
182,37,1976-08-31 18:00:00,-42.8,35.2,0.0,39.0426,0.0,1
182,38,1976-09-01 00:00:00,-40.5,35.5,0.0,39.0426,0.0,1
182,39,1976-09-01 06:00:00,-38.5,35.4,0.0,39.0426,0.0,1
182,40,1976-09-01 12:00:00,-36.6,35.1,0.0,36.746,975.0,1
182,41,1976-09-01 18:00:00,-34.8,34.8,0.0,36.746,0.0,1
182,42,1976-09-02 00:00:00,-33.2,34.0,0.0,36.746,0.0,1
182,43,1976-09-02 06:00:00,-32.0,33.6,0.0,36.746,0.0,1
182,44,1976-09-02 12:00:00,-30.5,33.6,0.0,36.746,0.0,1
182,45,1976-09-02 18:00:00,-29.4,34.2,0.0,36.746,0.0,1
182,46,1976-09-03 00:00:00,-28.7,35.2,0.0,34.4494,980.0,1
182,47,1976-09-03 06:00:00,-28.3,36.2,0.0,34.4494,0.0,1
182,48,1976-09-03 12:00:00,-28.0,37.2,0.0,34.4494,0.0,1
182,49,1976-09-03 18:00:00,-27.2,38.0,0.0,32.1527,984.0,1
182,50,1976-09-04 00:00:00,-26.8,38.8,0.0,29.8561,988.0,1
182,51,1976-09-04 06:00:00,-25.8,39.6,0.0,29.8561,994.0,1
182,52,1976-09-04 12:00:00,-25.0,40.5,0.0,22.9662,998.0,1
183,1,1976-08-28 18:00:00,-45.3,14.7,0.0,22.9662,1002.0,1
183,2,1976-08-29 00:00:00,-46.8,15.4,0.0,22.9662,0.0,1
183,3,1976-08-29 06:00:00,-48.4,16.1,0.0,22.9662,0.0,1
183,4,1976-08-29 12:00:00,-49.6,16.6,0.0,22.9662,998.0,1
183,5,1976-08-29 18:00:00,-50.5,17.5,0.0,27.5595,994.0,1
183,6,1976-08-30 00:00:00,-51.6,18.3,0.0,29.8561,991.0,1
183,7,1976-08-30 06:00:00,-52.3,18.9,0.0,29.8561,0.0,1
183,8,1976-08-30 12:00:00,-53.3,19.4,0.0,29.8561,0.0,1
183,9,1976-08-30 18:00:00,-54.2,20.2,0.0,29.8561,987.0,1
183,10,1976-08-31 00:00:00,-54.9,21.0,0.0,29.8561,980.0,1
183,11,1976-08-31 06:00:00,-55.1,22.0,0.0,29.8561,978.0,1
183,12,1976-08-31 12:00:00,-55.2,23.1,0.0,34.4494,975.0,1
183,13,1976-08-31 18:00:00,-55.2,24.2,0.0,34.4494,972.0,1
183,14,1976-09-01 00:00:00,-54.9,25.3,0.0,41.3392,968.0,1
183,15,1976-09-01 06:00:00,-54.3,26.3,0.0,45.9325,963.0,1
183,16,1976-09-01 12:00:00,-53.7,27.2,0.0,43.6359,966.0,1
183,17,1976-09-01 18:00:00,-52.6,27.8,0.0,43.6359,0.0,1
183,18,1976-09-02 00:00:00,-51.3,28.2,0.0,43.6359,0.0,1
183,19,1976-09-02 06:00:00,-50.1,28.2,0.0,43.6359,0.0,1
183,20,1976-09-02 12:00:00,-48.7,28.3,0.0,43.6359,0.0,1
183,21,1976-09-02 18:00:00,-47.1,28.5,0.0,39.0426,0.0,1
183,22,1976-09-03 00:00:00,-45.1,28.9,0.0,34.4494,0.0,1
183,23,1976-09-03 06:00:00,-42.9,29.0,0.0,29.8561,0.0,1
183,24,1976-09-03 12:00:00,-40.8,29.7,0.0,29.8561,0.0,1
183,25,1976-09-03 18:00:00,-39.0,30.6,0.0,29.8561,0.0,1
183,26,1976-09-04 00:00:00,-37.2,32.0,0.0,29.8561,992.0,1
183,27,1976-09-04 06:00:00,-35.6,33.4,0.0,29.8561,992.0,1
183,28,1976-09-04 12:00:00,-34.1,34.9,0.0,25.2629,992.0,1
183,29,1976-09-04 18:00:00,-32.5,36.4,0.0,25.2629,0.0,1
183,30,1976-09-05 00:00:00,-30.8,37.8,0.0,25.2629,0.0,1
183,31,1976-09-05 06:00:00,-29.3,39.4,0.0,25.2629,0.0,1
183,32,1976-09-05 12:00:00,-28.0,41.0,0.0,25.2629,0.0,1
183,33,1976-09-05 18:00:00,-27.2,42.1,0.0,25.2629,0.0,1
183,34,1976-09-06 00:00:00,-27.1,43.5,0.0,25.2629,0.0,1
183,35,1976-09-06 06:00:00,-28.6,42.8,0.0,25.2629,0.0,1
183,36,1976-09-06 12:00:00,-28.2,42.0,0.0,25.2629,0.0,1
183,37,1976-09-06 18:00:00,-27.6,41.9,0.0,20.6696,998.0,1
183,38,1976-09-07 00:00:00,-27.0,41.8,0.0,20.6696,0.0,1
183,39,1976-09-07 06:00:00,-26.3,41.7,0.0,20.6696,0.0,1
183,40,1976-09-07 12:00:00,-25.7,41.6,0.0,20.6696,0.0,1
184,1,1976-09-15 00:00:00,-80.8,32.2,0.0,18.373,1011.0,1
185,1,1976-09-27 18:00:00,-58.0,26.3,0.0,20.6696,994.0,1
185,2,1976-09-28 00:00:00,-58.0,27.0,0.0,25.2629,993.0,1
185,3,1976-09-28 06:00:00,-58.2,27.5,0.0,27.5595,992.0,1
185,4,1976-09-28 12:00:00,-58.6,27.8,0.0,27.5595,992.0,1
185,5,1976-09-28 18:00:00,-59.0,28.2,0.0,27.5595,991.0,1
185,6,1976-09-29 00:00:00,-59.5,28.6,0.0,27.5595,988.0,1
185,7,1976-09-29 06:00:00,-59.8,29.1,0.0,29.8561,984.0,1
185,8,1976-09-29 12:00:00,-60.2,29.7,0.0,29.8561,979.0,1
185,9,1976-09-29 18:00:00,-60.3,30.2,0.0,32.1527,973.0,1
185,10,1976-09-30 00:00:00,-60.2,31.1,0.0,36.746,970.0,1
185,11,1976-09-30 06:00:00,-59.8,32.2,0.0,39.0426,971.0,1
185,12,1976-09-30 12:00:00,-58.8,33.1,0.0,41.3392,977.0,1
185,13,1976-09-30 18:00:00,-57.5,34.0,0.0,41.3392,981.0,1
185,14,1976-10-01 00:00:00,-56.1,34.7,0.0,41.3392,985.0,1
185,15,1976-10-01 06:00:00,-54.8,35.3,0.0,39.0426,988.0,1
185,16,1976-10-01 12:00:00,-53.7,35.7,0.0,36.746,990.0,1
185,17,1976-10-01 18:00:00,-52.6,36.1,0.0,34.4494,992.0,1
185,18,1976-10-02 00:00:00,-51.7,36.4,0.0,32.1527,993.0,1
185,19,1976-10-02 06:00:00,-50.8,36.6,0.0,27.5595,994.0,1
185,20,1976-10-02 12:00:00,-49.9,36.8,0.0,27.5595,995.0,1
185,21,1976-10-02 18:00:00,-49.0,36.9,0.0,25.2629,996.0,1
185,22,1976-10-03 00:00:00,-48.3,36.8,0.0,22.9662,997.0,1
185,23,1976-10-03 06:00:00,-47.6,36.4,0.0,20.6696,998.0,1
185,24,1976-10-03 12:00:00,-46.9,36.2,0.0,18.373,999.0,1
185,25,1976-10-03 18:00:00,-45.8,35.8,0.0,18.373,1001.0,1
186,1,1976-10-24 06:00:00,-58.2,24.2,0.0,20.6696,995.0,1
186,2,1976-10-24 12:00:00,-58.1,24.9,0.0,29.8561,990.0,1
186,3,1976-10-24 18:00:00,-57.8,25.8,0.0,29.8561,993.0,1
186,4,1976-10-25 00:00:00,-57.5,27.2,0.0,29.8561,995.0,1
186,5,1976-10-25 06:00:00,-56.7,28.7,0.0,29.8561,998.0,1
186,6,1976-10-25 12:00:00,-55.7,30.4,0.0,22.9662,1000.0,1
186,7,1976-10-25 18:00:00,-54.0,31.7,0.0,22.9662,0.0,1
186,8,1976-10-26 00:00:00,-53.0,32.2,0.0,22.9662,0.0,1
186,9,1976-10-26 06:00:00,-52.1,32.3,0.0,22.9662,0.0,1
186,10,1976-10-26 12:00:00,-51.3,32.5,0.0,18.373,0.0,1
186,11,1976-10-26 18:00:00,-50.3,32.6,0.0,18.373,0.0,1
186,12,1976-10-27 00:00:00,-50.1,33.2,0.0,18.373,0.0,1
186,13,1976-10-27 06:00:00,-50.0,33.9,0.0,18.373,0.0,1
186,14,1976-10-27 12:00:00,-49.5,34.6,0.0,18.373,0.0,1
186,15,1976-10-27 18:00:00,-48.0,35.6,0.0,18.373,0.0,1
186,16,1976-10-28 00:00:00,-45.9,37.1,0.0,18.373,0.0,1
187,1,1977-08-30 06:00:00,-89.8,26.8,0.0,18.373,1006.0,1
187,2,1977-08-30 12:00:00,-90.3,26.7,0.0,22.9662,1003.0,1
187,3,1977-08-30 18:00:00,-90.6,26.5,0.0,29.8561,997.0,1
187,4,1977-08-31 00:00:00,-91.0,26.4,0.0,32.1527,991.0,1
187,5,1977-08-31 06:00:00,-91.4,26.3,0.0,34.4494,988.0,1
187,6,1977-08-31 12:00:00,-91.8,26.2,0.0,34.4494,986.0,1
187,7,1977-08-31 18:00:00,-92.3,26.1,0.0,36.746,985.0,1
187,8,1977-09-01 00:00:00,-92.8,25.9,0.0,36.746,979.0,1
187,9,1977-09-01 06:00:00,-93.7,25.8,0.0,39.0426,972.0,1
187,10,1977-09-01 12:00:00,-94.7,25.5,0.0,41.3392,963.0,1
187,11,1977-09-01 18:00:00,-95.5,25.2,0.0,50.5258,945.0,1
187,12,1977-09-02 00:00:00,-96.2,24.6,0.0,64.3055,931.0,1
187,13,1977-09-02 06:00:00,-97.1,24.2,0.0,68.8987,926.0,1
187,14,1977-09-02 12:00:00,-98.0,23.7,0.0,55.119,940.0,1
187,15,1977-09-02 18:00:00,-99.2,23.1,0.0,32.1527,978.0,1
187,16,1977-09-03 00:00:00,-101.0,22.5,0.0,18.373,998.0,1
188,1,1977-09-04 06:00:00,-90.5,26.6,0.0,18.373,0.0,1
188,2,1977-09-04 12:00:00,-91.7,26.8,0.0,20.6696,1003.0,1
188,3,1977-09-04 18:00:00,-91.7,27.5,0.0,22.9662,1000.0,1
188,4,1977-09-05 00:00:00,-91.6,28.0,0.0,27.5595,998.0,1
188,5,1977-09-05 06:00:00,-91.4,28.7,0.0,29.8561,995.0,1
188,6,1977-09-05 12:00:00,-91.2,29.5,0.0,29.8561,998.0,1
188,7,1977-09-05 18:00:00,-91.6,29.8,0.0,22.9662,1000.0,1
189,1,1977-09-08 06:00:00,-69.7,35.3,0.0,20.6696,1001.0,1
189,2,1977-09-08 12:00:00,-67.7,35.5,0.0,29.8561,993.0,1
189,3,1977-09-08 18:00:00,-66.2,35.6,0.0,29.8561,994.0,1
189,4,1977-09-09 00:00:00,-64.6,35.5,0.0,29.8561,998.0,1
189,5,1977-09-09 06:00:00,-63.5,34.8,0.0,27.5595,1000.0,1
189,6,1977-09-09 12:00:00,-62.8,34.0,0.0,25.2629,999.0,1
189,7,1977-09-09 18:00:00,-62.8,33.4,0.0,22.9662,1001.0,1
189,8,1977-09-10 00:00:00,-63.2,32.8,0.0,20.6696,1000.0,1
189,9,1977-09-10 06:00:00,-63.6,32.8,0.0,18.373,1000.0,1
189,10,1977-09-10 12:00:00,-63.8,33.0,0.0,20.6696,1001.0,1
189,11,1977-09-10 18:00:00,-63.7,33.5,0.0,20.6696,1001.0,1
189,12,1977-09-11 00:00:00,-63.2,34.2,0.0,20.6696,1002.0,1
189,13,1977-09-11 06:00:00,-62.5,34.8,0.0,20.6696,1002.0,1
189,14,1977-09-11 12:00:00,-61.5,36.0,0.0,20.6696,1001.0,1
189,15,1977-09-11 18:00:00,-59.8,38.0,0.0,20.6696,1001.0,1
189,16,1977-09-12 00:00:00,-57.5,40.5,0.0,20.6696,1001.0,1
190,1,1977-09-27 12:00:00,-65.8,30.9,0.0,18.373,1002.0,1
190,2,1977-09-27 18:00:00,-63.6,31.9,0.0,20.6696,1000.0,1
190,3,1977-09-28 00:00:00,-61.8,33.2,0.0,22.9662,996.0,1
190,4,1977-09-28 06:00:00,-60.8,34.4,0.0,27.5595,992.0,1
190,5,1977-09-28 12:00:00,-59.7,35.5,0.0,29.8561,988.0,1
190,6,1977-09-28 18:00:00,-58.8,37.0,0.0,32.1527,984.0,1
190,7,1977-09-29 00:00:00,-57.0,38.3,0.0,34.4494,980.0,1
190,8,1977-09-29 06:00:00,-55.5,40.0,0.0,32.1527,984.0,1
190,9,1977-09-29 12:00:00,-54.0,42.0,0.0,29.8561,988.0,1
190,10,1977-09-29 18:00:00,-53.0,44.5,0.0,27.5595,990.0,1
190,11,1977-09-30 00:00:00,-51.0,47.0,0.0,22.9662,995.0,1
190,12,1977-09-30 06:00:00,-48.5,49.5,0.0,20.6696,1000.0,1
191,1,1977-10-14 12:00:00,-64.9,33.0,0.0,18.373,1002.0,1
191,2,1977-10-14 18:00:00,-64.4,35.9,0.0,22.9662,999.0,1
191,3,1977-10-15 00:00:00,-63.3,39.2,0.0,29.8561,994.0,1
191,4,1977-10-15 06:00:00,-61.5,42.4,0.0,32.1527,996.0,1
191,5,1977-10-15 12:00:00,-60.1,45.5,0.0,32.1527,998.0,1
191,6,1977-10-15 18:00:00,-59.2,47.4,0.0,32.1527,999.0,1
191,7,1977-10-16 00:00:00,-58.3,49.1,0.0,20.6696,1000.0,1
192,1,1977-10-17 12:00:00,-83.9,17.2,0.0,18.373,1008.0,1
192,2,1977-10-17 18:00:00,-84.4,17.2,0.0,20.6696,1007.0,1
192,3,1977-10-18 00:00:00,-85.0,17.3,0.0,22.9662,1006.0,1
192,4,1977-10-18 06:00:00,-85.8,17.4,0.0,18.373,1005.0,1
193,1,1978-01-20 12:00:00,-52.0,23.3,0.0,18.373,1002.0,1
193,2,1978-01-20 18:00:00,-53.5,22.9,0.0,18.373,0.0,1
193,3,1978-01-21 00:00:00,-54.8,22.8,0.0,18.373,0.0,1
193,4,1978-01-21 06:00:00,-56.0,22.7,0.0,18.373,0.0,1
193,5,1978-01-21 12:00:00,-57.3,22.6,0.0,18.373,0.0,1
193,6,1978-01-21 18:00:00,-58.8,22.4,0.0,18.373,1003.0,1
194,1,1978-07-31 00:00:00,-97.4,26.4,0.0,20.6696,1005.0,1
194,2,1978-07-31 06:00:00,-97.8,27.2,0.0,18.373,1007.0,1
195,1,1978-08-07 00:00:00,-95.0,23.3,0.0,18.373,1007.0,1
195,2,1978-08-07 06:00:00,-95.7,22.8,0.0,18.373,1006.0,1
195,3,1978-08-07 12:00:00,-96.2,22.2,0.0,18.373,1005.0,1
195,4,1978-08-07 18:00:00,-96.6,21.6,0.0,20.6696,1006.0,1
195,5,1978-08-08 00:00:00,-96.8,21.1,0.0,20.6696,1007.0,1
195,6,1978-08-08 06:00:00,-96.9,20.4,0.0,18.373,1008.0,1
196,1,1978-08-08 12:00:00,-41.5,14.0,0.0,22.9662,1003.0,1
196,2,1978-08-08 18:00:00,-43.2,14.0,0.0,29.8561,990.0,1
196,3,1978-08-09 00:00:00,-44.9,14.0,0.0,36.746,980.0,1
196,4,1978-08-09 06:00:00,-46.8,13.9,0.0,36.746,980.0,1
196,5,1978-08-09 12:00:00,-48.6,13.6,0.0,32.1527,988.0,1
196,6,1978-08-09 18:00:00,-50.6,13.2,0.0,29.8561,998.0,1
196,7,1978-08-10 00:00:00,-52.8,12.8,0.0,27.5595,1006.0,1
196,8,1978-08-10 06:00:00,-54.8,12.4,0.0,25.2629,1007.0,1
196,9,1978-08-10 12:00:00,-56.8,12.2,0.0,25.2629,1007.0,1
196,10,1978-08-10 18:00:00,-58.8,12.1,0.0,22.9662,1008.0,1
196,11,1978-08-11 00:00:00,-60.9,12.0,0.0,20.6696,1008.0,1
197,1,1978-08-28 18:00:00,-94.1,28.7,0.0,18.373,1002.0,1
197,2,1978-08-29 00:00:00,-93.6,29.6,0.0,22.9662,1000.0,1
198,1,1978-08-30 18:00:00,-63.1,27.3,0.0,18.373,1005.0,1
198,2,1978-08-31 00:00:00,-64.2,27.6,0.0,22.9662,1000.0,1
198,3,1978-08-31 06:00:00,-65.9,28.2,0.0,25.2629,993.0,1
198,4,1978-08-31 12:00:00,-67.6,28.8,0.0,27.5595,986.0,1
198,5,1978-08-31 18:00:00,-68.8,29.3,0.0,32.1527,980.0,1
198,6,1978-09-01 00:00:00,-70.0,29.6,0.0,41.3392,978.0,1
198,7,1978-09-01 06:00:00,-71.1,30.1,0.0,45.9325,975.0,1
198,8,1978-09-01 12:00:00,-71.8,30.7,0.0,50.5258,970.0,1
198,9,1978-09-01 18:00:00,-72.3,31.1,0.0,50.5258,960.0,1
198,10,1978-09-02 00:00:00,-72.7,31.2,0.0,48.2291,960.0,1
198,11,1978-09-02 06:00:00,-73.1,31.4,0.0,45.9325,977.0,1
198,12,1978-09-02 12:00:00,-73.3,31.6,0.0,36.746,981.0,1
198,13,1978-09-02 18:00:00,-73.0,31.9,0.0,32.1527,983.0,1
198,14,1978-09-03 00:00:00,-72.8,32.3,0.0,32.1527,983.0,1
198,15,1978-09-03 06:00:00,-72.4,33.0,0.0,36.746,981.0,1
198,16,1978-09-03 12:00:00,-71.7,33.8,0.0,39.0426,976.0,1
198,17,1978-09-03 18:00:00,-70.2,35.0,0.0,43.6359,970.0,1
198,18,1978-09-04 00:00:00,-68.3,36.2,0.0,50.5258,962.0,1
198,19,1978-09-04 06:00:00,-66.0,38.0,0.0,52.8224,958.0,1
198,20,1978-09-04 12:00:00,-63.0,40.0,0.0,55.119,956.0,1
198,21,1978-09-04 18:00:00,-59.5,42.5,0.0,52.8224,956.0,1
198,22,1978-09-05 00:00:00,-55.0,45.0,0.0,48.2291,960.0,1
198,23,1978-09-05 06:00:00,-50.2,47.2,0.0,36.746,975.0,1
198,24,1978-09-05 12:00:00,-45.0,49.0,0.0,29.8561,980.0,1
199,1,1978-09-06 18:00:00,-56.8,21.8,0.0,18.373,1003.0,1
199,2,1978-09-07 00:00:00,-58.0,21.7,0.0,18.373,0.0,1
199,3,1978-09-07 06:00:00,-59.0,21.8,0.0,18.373,0.0,1
199,4,1978-09-07 12:00:00,-60.0,22.2,0.0,18.373,1001.0,1
199,5,1978-09-07 18:00:00,-61.2,22.3,0.0,18.373,0.0,1
199,6,1978-09-08 00:00:00,-62.0,22.6,0.0,18.373,0.0,1
199,7,1978-09-11 06:00:00,-49.1,29.9,0.0,20.6696,1001.0,1
199,8,1978-09-11 12:00:00,-47.5,30.7,0.0,25.2629,998.0,1
199,9,1978-09-11 18:00:00,-45.7,31.0,0.0,25.2629,997.0,1
199,10,1978-09-12 00:00:00,-44.7,31.3,0.0,27.5595,995.0,1
199,11,1978-09-12 06:00:00,-44.0,31.4,0.0,29.8561,992.0,1
199,12,1978-09-12 12:00:00,-43.5,31.6,0.0,34.4494,985.0,1
199,13,1978-09-12 18:00:00,-43.0,31.7,0.0,36.746,980.0,1
199,14,1978-09-13 00:00:00,-42.9,31.8,0.0,39.0426,976.0,1
199,15,1978-09-13 06:00:00,-43.0,32.1,0.0,39.0426,0.0,1
199,16,1978-09-13 12:00:00,-43.0,32.6,0.0,39.0426,0.0,1
199,17,1978-09-13 18:00:00,-43.1,33.6,0.0,34.4494,985.0,1
199,18,1978-09-14 00:00:00,-43.1,34.6,0.0,34.4494,0.0,1
199,19,1978-09-14 06:00:00,-42.9,35.9,0.0,34.4494,0.0,1
199,20,1978-09-14 12:00:00,-41.9,37.4,0.0,34.4494,0.0,1
199,21,1978-09-14 18:00:00,-40.6,39.3,0.0,34.4494,0.0,1
199,22,1978-09-15 00:00:00,-38.5,40.9,0.0,34.4494,0.0,1
199,23,1978-09-15 06:00:00,-35.9,43.1,0.0,29.8561,992.0,1
199,24,1978-09-15 12:00:00,-32.8,45.7,0.0,25.2629,998.0,1
199,25,1978-09-15 18:00:00,-29.4,47.7,0.0,22.9662,999.0,1
199,26,1978-09-16 00:00:00,-24.3,49.8,0.0,20.6696,1000.0,1
199,27,1978-09-16 06:00:00,-19.0,51.5,0.0,20.6696,0.0,1
200,1,1978-09-17 06:00:00,-54.8,33.0,0.0,18.373,1000.0,1
200,2,1978-09-17 12:00:00,-53.4,33.8,0.0,18.373,999.0,1
200,3,1978-09-17 18:00:00,-51.8,35.0,0.0,20.6696,998.0,1
200,4,1978-09-18 00:00:00,-49.9,36.0,0.0,22.9662,997.0,1
200,5,1978-09-18 06:00:00,-47.8,37.0,0.0,22.9662,995.0,1
200,6,1978-09-18 12:00:00,-45.2,38.0,0.0,22.9662,993.0,1
200,7,1978-09-18 18:00:00,-43.0,39.1,0.0,25.2629,990.0,1
200,8,1978-09-19 00:00:00,-40.5,40.1,0.0,25.2629,0.0,1
200,9,1978-09-19 06:00:00,-38.5,41.2,0.0,25.2629,0.0,1
200,10,1978-09-19 12:00:00,-36.5,42.5,0.0,25.2629,987.0,1
200,11,1978-09-19 18:00:00,-35.0,44.0,0.0,25.2629,989.0,1
200,12,1978-09-20 00:00:00,-33.0,45.5,0.0,25.2629,990.0,1
200,13,1978-09-20 06:00:00,-30.0,48.2,0.0,22.9662,0.0,1
200,14,1978-09-20 12:00:00,-29.5,51.5,0.0,22.9662,0.0,1
200,15,1978-09-20 18:00:00,-29.5,54.0,0.0,22.9662,0.0,1
200,16,1978-09-21 00:00:00,-30.0,57.0,0.0,22.9662,995.0,1
200,17,1978-09-21 06:00:00,-28.0,59.5,0.0,20.6696,0.0,1
200,18,1978-09-21 12:00:00,-23.0,61.0,0.0,20.6696,0.0,1
201,1,1978-09-15 00:00:00,-70.4,13.3,0.0,18.373,0.0,1
201,2,1978-09-15 06:00:00,-71.7,13.4,0.0,18.373,0.0,1
201,3,1978-09-15 12:00:00,-73.1,13.5,0.0,20.6696,0.0,1
201,4,1978-09-15 18:00:00,-74.2,13.7,0.0,22.9662,1000.0,1
201,5,1978-09-16 00:00:00,-75.3,13.8,0.0,25.2629,995.0,1
201,6,1978-09-16 06:00:00,-76.7,13.8,0.0,27.5595,992.0,1
201,7,1978-09-16 12:00:00,-77.7,14.0,0.0,32.1527,989.0,1
201,8,1978-09-16 18:00:00,-78.7,14.3,0.0,34.4494,986.0,1
201,9,1978-09-17 00:00:00,-79.6,14.6,0.0,36.746,982.0,1
201,10,1978-09-17 06:00:00,-80.5,14.9,0.0,39.0426,978.0,1
201,11,1978-09-17 12:00:00,-81.6,15.2,0.0,41.3392,974.0,1
201,12,1978-09-17 18:00:00,-82.6,15.5,0.0,43.6359,968.0,1
201,13,1978-09-18 00:00:00,-83.4,15.6,0.0,50.5258,952.0,1
201,14,1978-09-18 06:00:00,-84.3,15.8,0.0,52.8224,947.0,1
201,15,1978-09-18 12:00:00,-85.6,16.4,0.0,48.2291,957.0,1
201,16,1978-09-18 18:00:00,-86.9,16.6,0.0,45.9325,964.0,1
201,17,1978-09-19 00:00:00,-88.2,17.0,0.0,43.6359,964.0,1
201,18,1978-09-19 06:00:00,-89.4,17.0,0.0,22.9662,0.0,1
201,19,1978-09-20 18:00:00,-95.2,14.9,0.0,25.2629,0.0,1
201,20,1978-09-21 00:00:00,-95.1,14.9,0.0,25.2629,0.0,1
201,21,1978-09-21 06:00:00,-95.1,14.7,0.0,25.2629,0.0,1
201,22,1978-09-21 12:00:00,-95.1,14.3,0.0,25.2629,0.0,1
201,23,1978-09-21 18:00:00,-95.0,13.9,0.0,27.5595,0.0,1
201,24,1978-09-22 00:00:00,-94.8,14.0,0.0,29.8561,0.0,1
201,25,1978-09-22 06:00:00,-95.0,14.1,0.0,29.8561,0.0,1
201,26,1978-09-22 12:00:00,-94.8,15.2,0.0,29.8561,0.0,1
201,27,1978-09-22 18:00:00,-94.3,15.9,0.0,22.9662,0.0,1
202,1,1978-10-04 12:00:00,-31.5,35.1,0.0,18.373,1004.0,1
202,2,1978-10-04 18:00:00,-31.4,35.8,0.0,20.6696,1002.0,1
202,3,1978-10-05 00:00:00,-31.2,36.7,0.0,20.6696,1001.0,1
202,4,1978-10-05 06:00:00,-30.4,38.2,0.0,18.373,1002.0,1
202,5,1978-10-05 12:00:00,-28.8,40.0,0.0,18.373,0.0,1
202,6,1978-10-05 18:00:00,-26.2,43.0,0.0,18.373,0.0,1
203,1,1978-10-08 18:00:00,-59.8,19.0,0.0,18.373,1007.0,1
203,2,1978-10-09 00:00:00,-60.9,19.3,0.0,20.6696,1006.0,1
203,3,1978-10-09 06:00:00,-62.0,19.7,0.0,20.6696,1006.0,1
203,4,1978-10-09 12:00:00,-63.0,19.9,0.0,20.6696,1006.0,1
203,5,1978-10-09 18:00:00,-64.2,20.3,0.0,20.6696,1006.0,1
203,6,1978-10-10 00:00:00,-65.4,20.9,0.0,20.6696,1006.0,1
203,7,1978-10-10 06:00:00,-67.0,21.7,0.0,20.6696,1006.0,1
203,8,1978-10-10 12:00:00,-68.8,22.8,0.0,20.6696,1006.0,1
203,9,1978-10-10 18:00:00,-70.1,24.3,0.0,20.6696,1006.0,1
203,10,1978-10-11 00:00:00,-70.9,26.2,0.0,20.6696,1006.0,1
203,11,1978-10-11 06:00:00,-71.0,28.3,0.0,18.373,1006.0,1
204,1,1978-10-29 00:00:00,-73.2,24.2,0.0,18.373,1002.0,1
204,2,1978-10-29 06:00:00,-73.6,24.9,0.0,18.373,1000.0,1
204,3,1978-10-29 12:00:00,-73.7,25.7,0.0,25.2629,998.0,1
204,4,1978-10-29 18:00:00,-74.1,26.2,0.0,29.8561,995.0,1
204,5,1978-10-30 00:00:00,-73.7,27.3,0.0,29.8561,0.0,1
204,6,1978-10-30 06:00:00,-73.5,28.1,0.0,29.8561,0.0,1
204,7,1978-10-30 12:00:00,-72.6,28.9,0.0,32.1527,990.0,1
204,8,1978-10-30 18:00:00,-72.3,29.3,0.0,29.8561,998.0,1
204,9,1978-10-31 00:00:00,-72.0,30.0,0.0,20.6696,1006.0,1
204,10,1978-10-31 06:00:00,-72.1,30.5,0.0,20.6696,0.0,1
204,11,1978-10-31 12:00:00,-71.9,31.1,0.0,20.6696,0.0,1
204,12,1978-10-31 18:00:00,-71.7,31.7,0.0,20.6696,0.0,1
204,13,1978-11-01 00:00:00,-70.5,32.6,0.0,20.6696,0.0,1
204,14,1978-11-01 18:00:00,-60.5,38.0,0.0,18.373,1002.0,1
204,15,1978-11-02 00:00:00,-55.5,40.5,0.0,18.373,0.0,1
204,16,1978-11-02 06:00:00,-50.0,41.0,0.0,18.373,0.0,1
204,17,1978-11-02 12:00:00,-44.0,43.5,0.0,18.373,0.0,1
204,18,1978-11-02 18:00:00,-39.5,44.5,0.0,18.373,0.0,1
205,1,1979-06-22 06:00:00,-55.8,14.2,0.0,18.373,1005.0,1
205,2,1979-06-22 12:00:00,-56.9,14.2,0.0,22.9662,1006.0,1
205,3,1979-06-22 18:00:00,-58.3,14.1,0.0,18.373,1008.0,1
206,1,1979-07-10 12:00:00,-93.0,24.0,0.0,22.9662,998.0,1
206,2,1979-07-10 18:00:00,-92.3,25.0,0.0,25.2629,996.0,1
206,3,1979-07-11 00:00:00,-91.6,26.2,0.0,29.8561,988.0,1
206,4,1979-07-11 06:00:00,-91.1,27.8,0.0,29.8561,991.0,1
206,5,1979-07-11 12:00:00,-90.6,29.1,0.0,29.8561,986.0,1
206,6,1979-07-11 18:00:00,-90.2,31.0,0.0,18.373,992.0,1
207,1,1979-07-17 18:00:00,-62.1,18.0,0.0,18.373,1010.0,1
207,2,1979-07-24 06:00:00,-93.5,28.3,0.0,18.373,1003.0,1
207,3,1979-07-24 12:00:00,-93.7,28.8,0.0,20.6696,1002.0,1
207,4,1979-07-24 18:00:00,-93.9,29.6,0.0,20.6696,1000.0,1
207,5,1979-07-25 00:00:00,-93.9,30.3,0.0,18.373,997.0,1
208,1,1979-08-26 12:00:00,-44.0,11.6,0.0,18.373,1003.0,1
208,2,1979-08-26 18:00:00,-45.5,11.6,0.0,20.6696,998.0,1
208,3,1979-08-27 00:00:00,-47.0,11.7,0.0,25.2629,990.0,1
208,4,1979-08-27 06:00:00,-48.5,11.8,0.0,29.8561,980.0,1
208,5,1979-08-27 12:00:00,-50.0,11.8,0.0,36.746,966.0,1
208,6,1979-08-27 18:00:00,-51.5,11.9,0.0,43.6359,954.0,1
208,7,1979-08-28 00:00:00,-52.9,12.2,0.0,52.8224,947.0,1
208,8,1979-08-28 06:00:00,-54.4,12.5,0.0,57.4156,941.0,1
208,9,1979-08-28 12:00:00,-55.7,12.8,0.0,59.7122,938.0,1
208,10,1979-08-28 18:00:00,-56.9,13.2,0.0,57.4156,941.0,1
208,11,1979-08-29 00:00:00,-58.0,13.7,0.0,55.119,944.0,1
208,12,1979-08-29 06:00:00,-59.2,14.2,0.0,55.119,942.0,1
208,13,1979-08-29 12:00:00,-60.3,14.8,0.0,57.4156,938.0,1
208,14,1979-08-29 18:00:00,-61.6,15.3,0.0,57.4156,933.0,1
208,15,1979-08-30 00:00:00,-62.8,15.6,0.0,59.7122,929.0,1
208,16,1979-08-30 06:00:00,-64.2,16.0,0.0,64.3055,925.0,1
208,17,1979-08-30 12:00:00,-65.2,16.3,0.0,66.6021,924.0,1
208,18,1979-08-30 18:00:00,-66.2,16.6,0.0,68.8987,924.0,1
208,19,1979-08-31 00:00:00,-67.3,16.8,0.0,66.6021,927.0,1
208,20,1979-08-31 06:00:00,-68.3,17.0,0.0,66.6021,928.0,1
208,21,1979-08-31 12:00:00,-69.1,17.2,0.0,66.6021,927.0,1
208,22,1979-08-31 18:00:00,-69.7,17.9,0.0,68.8987,926.0,1
208,23,1979-09-01 00:00:00,-70.4,18.8,0.0,59.7122,953.0,1
208,24,1979-09-01 06:00:00,-72.0,19.3,0.0,45.9325,978.0,1
208,25,1979-09-01 12:00:00,-73.7,19.7,0.0,29.8561,1002.0,1
208,26,1979-09-01 18:00:00,-74.6,20.6,0.0,27.5595,1002.0,1
208,27,1979-09-02 00:00:00,-75.2,21.3,0.0,29.8561,997.0,1
208,28,1979-09-02 06:00:00,-75.5,21.9,0.0,32.1527,990.0,1
208,29,1979-09-02 12:00:00,-76.3,23.0,0.0,32.1527,984.0,1
208,30,1979-09-02 18:00:00,-77.4,23.9,0.0,34.4494,979.0,1
208,31,1979-09-03 00:00:00,-78.2,24.6,0.0,36.746,976.0,1
208,32,1979-09-03 06:00:00,-79.1,25.3,0.0,36.746,974.0,1
208,33,1979-09-03 12:00:00,-79.6,26.3,0.0,39.0426,973.0,1
208,34,1979-09-03 18:00:00,-80.2,27.2,0.0,39.0426,972.0,1
208,35,1979-09-04 00:00:00,-80.5,28.0,0.0,39.0426,971.0,1
208,36,1979-09-04 06:00:00,-80.8,29.1,0.0,39.0426,970.0,1
208,37,1979-09-04 12:00:00,-80.9,30.2,0.0,39.0426,970.0,1
208,38,1979-09-04 18:00:00,-81.2,31.5,0.0,36.746,970.0,1
208,39,1979-09-05 00:00:00,-81.1,32.5,0.0,29.8561,972.0,1
208,40,1979-09-05 06:00:00,-80.9,33.5,0.0,25.2629,976.0,1
208,41,1979-09-05 12:00:00,-80.6,34.9,0.0,20.6696,980.0,1
208,42,1979-09-05 18:00:00,-80.1,36.2,0.0,18.373,984.0,1
208,43,1979-09-06 00:00:00,-79.5,37.6,0.0,18.373,987.0,1
208,44,1979-09-06 06:00:00,-78.5,39.2,0.0,18.373,989.0,1
208,45,1979-09-06 12:00:00,-76.3,41.5,0.0,18.373,991.0,1
208,46,1979-09-06 18:00:00,-73.7,43.3,0.0,18.373,992.0,1
208,47,1979-09-07 00:00:00,-70.0,45.0,0.0,20.6696,991.0,1
208,48,1979-09-07 06:00:00,-66.0,46.5,0.0,22.9662,988.0,1
208,49,1979-09-07 12:00:00,-61.5,47.5,0.0,22.9662,987.0,1
208,50,1979-09-07 18:00:00,-57.0,50.0,0.0,25.2629,986.0,1
208,51,1979-09-08 00:00:00,-52.5,52.5,0.0,27.5595,985.0,1
209,1,1979-08-30 18:00:00,-37.8,11.6,0.0,18.373,1003.0,1
209,2,1979-08-31 00:00:00,-39.7,11.7,0.0,20.6696,1000.0,1
209,3,1979-08-31 06:00:00,-41.6,11.8,0.0,22.9662,997.0,1
209,4,1979-08-31 12:00:00,-43.5,11.9,0.0,25.2629,994.0,1
209,5,1979-08-31 18:00:00,-45.1,12.0,0.0,25.2629,991.0,1
209,6,1979-09-01 00:00:00,-47.0,12.5,0.0,27.5595,988.0,1
209,7,1979-09-01 06:00:00,-48.7,12.9,0.0,29.8561,987.0,1
209,8,1979-09-01 12:00:00,-50.4,13.3,0.0,29.8561,988.0,1
209,9,1979-09-01 18:00:00,-52.3,13.8,0.0,29.8561,990.0,1
209,10,1979-09-02 00:00:00,-54.1,14.3,0.0,27.5595,992.0,1
209,11,1979-09-02 06:00:00,-55.5,14.9,0.0,27.5595,994.0,1
209,12,1979-09-02 12:00:00,-57.2,15.5,0.0,27.5595,996.0,1
209,13,1979-09-02 18:00:00,-58.8,16.3,0.0,25.2629,999.0,1
209,14,1979-09-03 00:00:00,-59.8,16.7,0.0,25.2629,1002.0,1
209,15,1979-09-03 06:00:00,-60.8,17.1,0.0,25.2629,1000.0,1
209,16,1979-09-03 12:00:00,-61.8,17.5,0.0,22.9662,999.0,1
209,17,1979-09-03 18:00:00,-62.8,17.8,0.0,22.9662,1000.0,1
209,18,1979-09-04 00:00:00,-63.8,18.0,0.0,22.9662,1002.0,1
209,19,1979-09-04 06:00:00,-64.8,18.1,0.0,20.6696,1003.0,1
209,20,1979-09-04 12:00:00,-65.8,18.1,0.0,20.6696,1004.0,1
209,21,1979-09-04 18:00:00,-66.8,18.1,0.0,20.6696,1005.0,1
209,22,1979-09-05 00:00:00,-67.8,18.0,0.0,20.6696,1006.0,1
209,23,1979-09-05 06:00:00,-68.7,17.5,0.0,20.6696,1007.0,1
209,24,1979-09-05 12:00:00,-69.2,17.4,0.0,18.373,1008.0,1
209,25,1979-09-05 18:00:00,-69.6,17.8,0.0,18.373,1007.0,1
209,26,1979-09-06 00:00:00,-69.9,18.5,0.0,18.373,1005.0,1
209,27,1979-09-09 06:00:00,-81.5,21.8,0.0,18.373,1000.0,1
209,28,1979-09-09 12:00:00,-82.0,21.9,0.0,20.6696,999.0,1
209,29,1979-09-09 18:00:00,-82.5,22.0,0.0,22.9662,997.0,1
209,30,1979-09-10 00:00:00,-83.0,22.4,0.0,25.2629,995.0,1
209,31,1979-09-10 06:00:00,-83.3,22.7,0.0,27.5595,992.0,1
209,32,1979-09-10 12:00:00,-83.6,22.8,0.0,29.8561,990.0,1
209,33,1979-09-10 18:00:00,-83.8,23.0,0.0,32.1527,987.0,1
209,34,1979-09-11 00:00:00,-84.0,23.3,0.0,34.4494,985.0,1
209,35,1979-09-11 06:00:00,-84.4,23.8,0.0,36.746,983.0,1
209,36,1979-09-11 12:00:00,-84.8,24.4,0.0,39.0426,980.0,1
209,37,1979-09-11 18:00:00,-85.2,25.0,0.0,43.6359,968.0,1
209,38,1979-09-12 00:00:00,-85.8,25.7,0.0,45.9325,960.0,1
209,39,1979-09-12 06:00:00,-86.4,26.5,0.0,50.5258,952.0,1
209,40,1979-09-12 12:00:00,-87.0,27.4,0.0,52.8224,943.0,1
209,41,1979-09-12 18:00:00,-87.7,28.4,0.0,52.8224,950.0,1
209,42,1979-09-13 00:00:00,-88.0,29.7,0.0,52.8224,946.0,1
209,43,1979-09-13 06:00:00,-88.5,30.8,0.0,43.6359,955.0,1
209,44,1979-09-13 12:00:00,-88.7,32.2,0.0,29.8561,975.0,1
209,45,1979-09-13 18:00:00,-88.0,34.0,0.0,20.6696,985.0,1
209,46,1979-09-14 00:00:00,-87.0,35.2,0.0,18.373,990.0,1
210,1,1979-09-06 18:00:00,-35.5,22.5,0.0,20.6696,998.0,1
210,2,1979-09-07 00:00:00,-36.8,23.2,0.0,25.2629,995.0,1
210,3,1979-09-07 06:00:00,-37.2,24.4,0.0,29.8561,992.0,1
210,4,1979-09-07 12:00:00,-38.0,25.6,0.0,29.8561,990.0,1
210,5,1979-09-07 18:00:00,-38.7,26.4,0.0,32.1527,988.0,1
210,6,1979-09-08 00:00:00,-39.2,27.0,0.0,34.4494,985.0,1
210,7,1979-09-08 06:00:00,-40.0,27.5,0.0,34.4494,985.0,1
210,8,1979-09-08 12:00:00,-40.3,28.0,0.0,34.4494,985.0,1
210,9,1979-09-08 18:00:00,-41.0,28.6,0.0,34.4494,985.0,1
210,10,1979-09-09 00:00:00,-41.7,29.3,0.0,34.4494,985.0,1
210,11,1979-09-09 06:00:00,-42.5,29.9,0.0,34.4494,985.0,1
210,12,1979-09-09 12:00:00,-43.2,30.4,0.0,34.4494,985.0,1
210,13,1979-09-09 18:00:00,-44.0,31.0,0.0,32.1527,987.0,1
210,14,1979-09-10 00:00:00,-45.0,31.5,0.0,32.1527,989.0,1
210,15,1979-09-10 06:00:00,-45.8,31.2,0.0,29.8561,991.0,1
210,16,1979-09-10 12:00:00,-46.8,31.0,0.0,29.8561,993.0,1
210,17,1979-09-10 18:00:00,-47.0,31.1,0.0,27.5595,994.0,1
210,18,1979-09-11 00:00:00,-47.4,31.3,0.0,25.2629,995.0,1
210,19,1979-09-11 06:00:00,-47.9,31.4,0.0,25.2629,995.0,1
210,20,1979-09-11 12:00:00,-48.1,31.6,0.0,27.5595,994.0,1
210,21,1979-09-11 18:00:00,-48.4,31.8,0.0,29.8561,992.0,1
210,22,1979-09-12 00:00:00,-48.6,32.2,0.0,32.1527,988.0,1
210,23,1979-09-12 06:00:00,-48.6,32.4,0.0,34.4494,985.0,1
210,24,1979-09-12 12:00:00,-48.3,32.8,0.0,36.746,980.0,1
210,25,1979-09-12 18:00:00,-47.8,33.2,0.0,39.0426,975.0,1
210,26,1979-09-13 00:00:00,-47.0,33.9,0.0,39.0426,975.0,1
210,27,1979-09-13 06:00:00,-46.0,34.5,0.0,39.0426,976.0,1
210,28,1979-09-13 12:00:00,-45.0,35.0,0.0,39.0426,977.0,1
210,29,1979-09-13 18:00:00,-43.8,36.0,0.0,36.746,978.0,1
210,30,1979-09-14 00:00:00,-41.5,37.0,0.0,36.746,979.0,1
210,31,1979-09-14 06:00:00,-39.5,38.5,0.0,34.4494,980.0,1
210,32,1979-09-14 12:00:00,-37.8,40.2,0.0,34.4494,985.0,1
210,33,1979-09-14 18:00:00,-35.8,42.0,0.0,32.1527,988.0,1
210,34,1979-09-15 00:00:00,-34.0,43.4,0.0,29.8561,992.0,1
210,35,1979-09-15 06:00:00,-32.0,45.0,0.0,27.5595,994.0,1
211,1,1979-09-16 18:00:00,-93.1,21.3,0.0,20.6696,999.0,1
211,2,1979-09-17 00:00:00,-93.6,20.2,0.0,25.2629,995.0,1
211,3,1979-09-17 06:00:00,-94.0,20.2,0.0,29.8561,990.0,1
211,4,1979-09-17 12:00:00,-94.3,20.4,0.0,34.4494,983.0,1
211,5,1979-09-17 18:00:00,-94.6,20.8,0.0,32.1527,984.0,1
211,6,1979-09-18 00:00:00,-95.0,20.9,0.0,29.8561,992.0,1
211,7,1979-09-18 06:00:00,-95.4,21.0,0.0,27.5595,997.0,1
211,8,1979-09-18 12:00:00,-95.7,21.2,0.0,22.9662,1000.0,1
211,9,1979-09-18 18:00:00,-95.7,21.6,0.0,18.373,1000.0,1
211,10,1979-09-19 00:00:00,-95.7,21.5,0.0,18.373,1000.0,1
212,1,1979-10-24 06:00:00,-64.0,35.0,0.0,18.373,996.0,1
212,2,1979-10-24 12:00:00,-63.0,37.5,0.0,22.9662,990.0,1
212,3,1979-10-24 18:00:00,-62.0,40.5,0.0,29.8561,985.0,1
212,4,1979-10-25 00:00:00,-61.0,43.5,0.0,27.5595,980.0,1
212,5,1979-10-25 06:00:00,-58.4,47.5,0.0,22.9662,982.0,1
212,6,1979-10-25 12:00:00,-55.0,51.0,0.0,20.6696,987.0,1
213,1,1980-08-02 06:00:00,-44.8,11.4,0.0,20.6696,1000.0,1
213,2,1980-08-02 12:00:00,-46.9,11.9,0.0,25.2629,995.0,1
213,3,1980-08-02 18:00:00,-49.1,12.3,0.0,27.5595,990.0,1
213,4,1980-08-03 00:00:00,-51.4,12.4,0.0,29.8561,985.0,1
213,5,1980-08-03 06:00:00,-53.6,12.6,0.0,32.1527,980.0,1
213,6,1980-08-03 12:00:00,-55.6,12.8,0.0,36.746,975.0,1
213,7,1980-08-03 18:00:00,-57.5,12.9,0.0,43.6359,965.0,1
213,8,1980-08-04 00:00:00,-59.1,13.3,0.0,50.5258,950.0,1
213,9,1980-08-04 06:00:00,-61.0,13.6,0.0,52.8224,948.0,1
213,10,1980-08-04 12:00:00,-63.0,14.0,0.0,57.4156,945.0,1
213,11,1980-08-04 18:00:00,-64.9,14.4,0.0,59.7122,930.0,1
213,12,1980-08-05 00:00:00,-66.7,14.8,0.0,64.3055,911.0,1
213,13,1980-08-05 06:00:00,-68.6,15.4,0.0,66.6021,916.0,1
213,14,1980-08-05 12:00:00,-70.5,15.9,0.0,71.1954,932.0,1
213,15,1980-08-05 18:00:00,-72.3,16.5,0.0,68.8987,940.0,1
213,16,1980-08-06 00:00:00,-73.8,17.8,0.0,64.3055,945.0,1
213,17,1980-08-06 06:00:00,-75.9,18.3,0.0,52.8224,955.0,1
213,18,1980-08-06 12:00:00,-78.0,19.2,0.0,52.8224,955.0,1
213,19,1980-08-06 18:00:00,-80.1,20.0,0.0,57.4156,955.0,1
213,20,1980-08-07 00:00:00,-81.9,20.1,0.0,62.0089,945.0,1
213,21,1980-08-07 06:00:00,-83.6,20.4,0.0,66.6021,935.0,1
213,22,1980-08-07 12:00:00,-84.8,21.0,0.0,71.1954,910.0,1
213,23,1980-08-07 18:00:00,-86.4,21.8,0.0,75.7886,899.0,1
213,24,1980-08-08 00:00:00,-87.9,22.2,0.0,71.1954,920.0,1
213,25,1980-08-08 06:00:00,-89.2,22.8,0.0,59.7122,945.0,1
213,26,1980-08-08 12:00:00,-90.5,23.4,0.0,52.8224,960.0,1
213,27,1980-08-08 18:00:00,-91.8,23.9,0.0,59.7122,940.0,1
213,28,1980-08-09 00:00:00,-93.0,24.5,0.0,66.6021,912.0,1
213,29,1980-08-09 06:00:00,-94.2,25.0,0.0,71.1954,909.0,1
213,30,1980-08-09 12:00:00,-95.4,25.2,0.0,64.3055,916.0,1
213,31,1980-08-09 18:00:00,-96.1,25.4,0.0,57.4156,925.0,1
213,32,1980-08-10 00:00:00,-96.8,25.8,0.0,50.5258,935.0,1
213,33,1980-08-10 06:00:00,-97.2,26.1,0.0,45.9325,945.0,1
213,34,1980-08-10 12:00:00,-98.1,26.7,0.0,39.0426,960.0,1
213,35,1980-08-10 18:00:00,-99.0,27.3,0.0,32.1527,970.0,1
213,36,1980-08-11 00:00:00,-99.8,27.7,0.0,27.5595,990.0,1
213,37,1980-08-11 06:00:00,-100.9,28.0,0.0,20.6696,1000.0,1
214,1,1980-08-14 18:00:00,-37.5,15.7,0.0,20.6696,1000.0,1
214,2,1980-08-15 00:00:00,-37.8,16.7,0.0,20.6696,1000.0,1
214,3,1980-08-15 06:00:00,-37.9,17.7,0.0,20.6696,1000.0,1
214,4,1980-08-15 12:00:00,-38.1,18.8,0.0,20.6696,1000.0,1
214,5,1980-08-15 18:00:00,-38.5,20.4,0.0,25.2629,995.0,1
214,6,1980-08-16 00:00:00,-38.7,22.0,0.0,34.4494,985.0,1
214,7,1980-08-16 06:00:00,-38.9,23.7,0.0,39.0426,975.0,1
214,8,1980-08-16 12:00:00,-39.1,24.8,0.0,39.0426,975.0,1
214,9,1980-08-16 18:00:00,-39.4,25.8,0.0,39.0426,975.0,1
214,10,1980-08-17 00:00:00,-39.7,27.0,0.0,34.4494,985.0,1
214,11,1980-08-17 06:00:00,-40.0,28.0,0.0,29.8561,990.0,1
214,12,1980-08-17 12:00:00,-40.3,29.0,0.0,29.8561,990.0,1
214,13,1980-08-17 18:00:00,-40.5,30.0,0.0,29.8561,990.0,1
214,14,1980-08-18 00:00:00,-40.5,31.1,0.0,29.8561,990.0,1
214,15,1980-08-18 06:00:00,-40.5,32.4,0.0,29.8561,990.0,1
214,16,1980-08-18 12:00:00,-40.5,34.0,0.0,29.8561,990.0,1
214,17,1980-08-18 18:00:00,-40.5,35.9,0.0,29.8561,990.0,1
214,18,1980-08-19 00:00:00,-40.2,38.2,0.0,29.8561,990.0,1
214,19,1980-08-19 06:00:00,-39.8,41.9,0.0,29.8561,990.0,1
214,20,1980-08-19 12:00:00,-38.4,46.5,0.0,29.8561,995.0,1
214,21,1980-08-19 18:00:00,-36.0,51.0,0.0,20.6696,1000.0,1
215,1,1980-08-21 18:00:00,-66.8,34.8,0.0,18.373,1002.0,1
215,2,1980-08-22 00:00:00,-65.7,35.8,0.0,20.6696,1000.0,1
215,3,1980-08-22 06:00:00,-64.8,37.0,0.0,22.9662,998.0,1
215,4,1980-08-22 12:00:00,-64.7,38.3,0.0,25.2629,996.0,1
215,5,1980-08-22 18:00:00,-64.9,39.1,0.0,27.5595,994.0,1
215,6,1980-08-23 00:00:00,-65.9,39.6,0.0,29.8561,992.0,1
215,7,1980-08-23 06:00:00,-66.7,38.9,0.0,32.1527,990.0,1
215,8,1980-08-23 12:00:00,-66.0,38.2,0.0,32.1527,989.0,1
215,9,1980-08-23 18:00:00,-64.7,38.0,0.0,32.1527,990.0,1
215,10,1980-08-24 00:00:00,-63.1,38.0,0.0,29.8561,991.0,1
215,11,1980-08-24 06:00:00,-61.7,37.9,0.0,27.5595,994.0,1
215,12,1980-08-24 12:00:00,-60.2,37.9,0.0,25.2629,998.0,1
215,13,1980-08-24 18:00:00,-58.2,37.9,0.0,20.6696,1000.0,1
216,1,1980-09-07 00:00:00,-67.9,34.4,0.0,18.373,1004.0,1
216,2,1980-09-07 06:00:00,-65.9,35.9,0.0,20.6696,1002.0,1
216,3,1980-09-07 12:00:00,-63.7,37.3,0.0,22.9662,1000.0,1
216,4,1980-09-07 18:00:00,-61.5,38.6,0.0,25.2629,997.0,1
216,5,1980-09-08 00:00:00,-59.0,40.2,0.0,32.1527,993.0,1
216,6,1980-09-08 06:00:00,-55.1,42.9,0.0,32.1527,993.0,1
216,7,1980-09-08 12:00:00,-51.1,45.6,0.0,32.1527,993.0,1
216,8,1980-09-08 18:00:00,-46.9,48.0,0.0,29.8561,993.0,1
217,1,1980-09-05 06:00:00,-28.0,18.2,0.0,18.373,1000.0,1
217,2,1980-09-05 12:00:00,-29.5,18.8,0.0,18.373,999.0,1
217,3,1980-09-05 18:00:00,-31.0,19.2,0.0,18.373,999.0,1
217,4,1980-09-06 00:00:00,-32.0,19.7,0.0,18.373,999.0,1
217,5,1980-09-06 06:00:00,-33.8,20.3,0.0,18.373,999.0,1
217,6,1980-09-06 12:00:00,-35.5,21.0,0.0,20.6696,998.0,1
217,7,1980-09-06 18:00:00,-36.5,21.5,0.0,20.6696,997.0,1
217,8,1980-09-07 00:00:00,-37.8,22.2,0.0,20.6696,996.0,1
217,9,1980-09-07 06:00:00,-38.8,23.2,0.0,20.6696,996.0,1
217,10,1980-09-07 12:00:00,-39.7,25.0,0.0,20.6696,995.0,1
217,11,1980-09-07 18:00:00,-40.3,27.0,0.0,22.9662,993.0,1
217,12,1980-09-08 00:00:00,-41.2,29.0,0.0,27.5595,992.0,1
217,13,1980-09-08 06:00:00,-42.5,30.4,0.0,29.8561,988.0,1
217,14,1980-09-08 12:00:00,-43.5,32.0,0.0,29.8561,985.0,1
217,15,1980-09-08 18:00:00,-44.1,33.3,0.0,29.8561,986.0,1
217,16,1980-09-09 00:00:00,-44.3,34.7,0.0,29.8561,988.0,1
217,17,1980-09-09 06:00:00,-43.8,36.3,0.0,29.8561,990.0,1
217,18,1980-09-09 12:00:00,-43.1,38.0,0.0,29.8561,991.0,1
217,19,1980-09-09 18:00:00,-41.5,40.5,0.0,29.8561,992.0,1
217,20,1980-09-10 00:00:00,-39.0,43.0,0.0,29.8561,994.0,1
217,21,1980-09-10 06:00:00,-36.0,45.2,0.0,29.8561,995.0,1
217,22,1980-09-10 12:00:00,-32.5,47.5,0.0,25.2629,0.0,1
217,23,1980-09-10 18:00:00,-28.5,49.5,0.0,25.2629,0.0,1
217,24,1980-09-11 00:00:00,-23.5,51.5,0.0,25.2629,0.0,1
218,1,1980-09-05 18:00:00,-93.4,29.4,0.0,22.9662,1004.0,1
218,2,1980-09-06 00:00:00,-94.9,29.4,0.0,18.373,1004.0,1
219,1,1980-09-07 00:00:00,-22.5,12.8,0.0,18.373,1002.0,1
219,2,1980-09-07 06:00:00,-23.2,12.9,0.0,20.6696,998.0,1
219,3,1980-09-07 12:00:00,-24.0,13.0,0.0,25.2629,994.0,1
219,4,1980-09-07 18:00:00,-24.8,13.0,0.0,27.5595,990.0,1
219,5,1980-09-08 00:00:00,-25.6,13.0,0.0,29.8561,986.0,1
219,6,1980-09-08 06:00:00,-26.8,13.0,0.0,32.1527,978.0,1
219,7,1980-09-08 12:00:00,-28.0,12.9,0.0,36.746,970.0,1
219,8,1980-09-08 18:00:00,-29.0,12.8,0.0,41.3392,965.0,1
219,9,1980-09-09 00:00:00,-29.8,12.8,0.0,45.9325,960.0,1
219,10,1980-09-09 06:00:00,-30.5,12.9,0.0,45.9325,958.0,1
219,11,1980-09-09 12:00:00,-31.3,13.0,0.0,45.9325,960.0,1
219,12,1980-09-09 18:00:00,-32.1,13.2,0.0,41.3392,965.0,1
219,13,1980-09-10 00:00:00,-32.9,13.4,0.0,41.3392,966.0,1
219,14,1980-09-10 06:00:00,-33.5,13.8,0.0,41.3392,967.0,1
219,15,1980-09-10 12:00:00,-34.1,14.2,0.0,39.0426,968.0,1
219,16,1980-09-10 18:00:00,-34.6,14.9,0.0,36.746,970.0,1
219,17,1980-09-11 00:00:00,-34.9,15.4,0.0,39.0426,968.0,1
219,18,1980-09-11 06:00:00,-35.0,16.0,0.0,41.3392,965.0,1
219,19,1980-09-11 12:00:00,-35.3,16.3,0.0,41.3392,967.0,1
219,20,1980-09-11 18:00:00,-35.9,16.6,0.0,39.0426,968.0,1
219,21,1980-09-12 00:00:00,-36.1,17.0,0.0,36.746,970.0,1
219,22,1980-09-12 06:00:00,-36.9,17.2,0.0,36.746,970.0,1
219,23,1980-09-12 12:00:00,-37.8,17.8,0.0,36.746,970.0,1
219,24,1980-09-12 18:00:00,-38.5,18.3,0.0,36.746,970.0,1
219,25,1980-09-13 00:00:00,-39.6,18.6,0.0,36.746,970.0,1
219,26,1980-09-13 06:00:00,-40.6,18.8,0.0,39.0426,968.0,1
219,27,1980-09-13 12:00:00,-42.0,18.9,0.0,41.3392,965.0,1
219,28,1980-09-13 18:00:00,-43.4,19.3,0.0,41.3392,965.0,1
219,29,1980-09-14 00:00:00,-44.7,19.8,0.0,41.3392,965.0,1
219,30,1980-09-14 06:00:00,-45.9,20.2,0.0,41.3392,965.0,1
219,31,1980-09-14 12:00:00,-46.9,20.8,0.0,41.3392,965.0,1
219,32,1980-09-14 18:00:00,-48.0,21.6,0.0,41.3392,965.0,1
219,33,1980-09-15 00:00:00,-48.8,22.5,0.0,41.3392,965.0,1
219,34,1980-09-15 06:00:00,-49.6,23.3,0.0,41.3392,965.0,1
219,35,1980-09-15 12:00:00,-50.2,24.6,0.0,41.3392,965.0,1
219,36,1980-09-15 18:00:00,-50.8,25.8,0.0,41.3392,965.0,1
219,37,1980-09-16 00:00:00,-50.8,27.4,0.0,41.3392,965.0,1
219,38,1980-09-16 06:00:00,-50.6,28.8,0.0,41.3392,965.0,1
219,39,1980-09-16 12:00:00,-50.0,30.2,0.0,41.3392,965.0,1
219,40,1980-09-16 18:00:00,-49.2,31.8,0.0,41.3392,965.0,1
219,41,1980-09-17 00:00:00,-48.0,33.0,0.0,41.3392,965.0,1
219,42,1980-09-17 06:00:00,-47.2,33.9,0.0,39.0426,968.0,1
219,43,1980-09-17 12:00:00,-46.4,34.7,0.0,36.746,970.0,1
219,44,1980-09-17 18:00:00,-45.9,35.7,0.0,36.746,970.0,1
219,45,1980-09-18 00:00:00,-45.8,36.7,0.0,36.746,970.0,1
219,46,1980-09-18 06:00:00,-45.8,37.8,0.0,36.746,970.0,1
219,47,1980-09-18 12:00:00,-46.2,39.0,0.0,36.746,970.0,1
219,48,1980-09-18 18:00:00,-46.5,40.0,0.0,36.746,972.0,1
219,49,1980-09-19 00:00:00,-46.4,41.2,0.0,34.4494,974.0,1
219,50,1980-09-19 06:00:00,-45.8,42.4,0.0,32.1527,978.0,1
219,51,1980-09-19 12:00:00,-44.9,43.6,0.0,29.8561,986.0,1
219,52,1980-09-19 18:00:00,-43.2,44.5,0.0,29.8561,986.0,1
219,53,1980-09-20 00:00:00,-41.0,45.7,0.0,29.8561,988.0,1
219,54,1980-09-20 06:00:00,-39.0,47.0,0.0,27.5595,990.0,1
219,55,1980-09-20 12:00:00,-35.5,49.4,0.0,25.2629,994.0,1
219,56,1980-09-20 18:00:00,-32.0,51.2,0.0,22.9662,998.0,1
219,57,1980-09-21 00:00:00,-29.0,54.0,0.0,20.6696,1000.0,1
220,1,1980-09-21 12:00:00,-83.0,15.3,0.0,18.373,1000.0,1
220,2,1980-09-21 18:00:00,-84.2,15.8,0.0,20.6696,998.0,1
220,3,1980-09-22 00:00:00,-85.5,16.5,0.0,22.9662,996.0,1
220,4,1980-09-22 06:00:00,-86.7,17.1,0.0,25.2629,995.0,1
220,5,1980-09-22 12:00:00,-87.8,17.8,0.0,27.5595,994.0,1
220,6,1980-09-22 18:00:00,-88.9,18.4,0.0,25.2629,994.0,1
220,7,1980-09-23 00:00:00,-90.2,18.8,0.0,22.9662,995.0,1
220,8,1980-09-23 06:00:00,-91.3,19.1,0.0,20.6696,995.0,1
220,9,1980-09-23 12:00:00,-92.6,19.3,0.0,22.9662,995.0,1
220,10,1980-09-23 18:00:00,-93.2,19.3,0.0,25.2629,994.0,1
220,11,1980-09-24 00:00:00,-93.8,19.2,0.0,27.5595,993.0,1
220,12,1980-09-24 06:00:00,-94.4,18.8,0.0,27.5595,993.0,1
220,13,1980-09-24 12:00:00,-94.8,18.5,0.0,25.2629,994.0,1
220,14,1980-09-24 18:00:00,-95.1,18.1,0.0,22.9662,997.0,1
220,15,1980-09-25 00:00:00,-95.5,17.7,0.0,20.6696,1000.0,1
220,16,1980-09-25 06:00:00,-95.8,17.3,0.0,18.373,1003.0,1
221,1,1980-10-04 18:00:00,-24.6,35.6,0.0,18.373,998.0,1
221,2,1980-10-05 00:00:00,-25.7,34.4,0.0,22.9662,996.0,1
221,3,1980-10-05 06:00:00,-26.8,33.4,0.0,25.2629,995.0,1
221,4,1980-10-05 12:00:00,-28.3,32.4,0.0,27.5595,994.0,1
221,5,1980-10-05 18:00:00,-29.6,31.3,0.0,27.5595,993.0,1
221,6,1980-10-06 00:00:00,-30.5,30.1,0.0,29.8561,992.0,1
221,7,1980-10-06 06:00:00,-31.1,29.1,0.0,34.4494,985.0,1
221,8,1980-10-06 12:00:00,-31.3,28.4,0.0,39.0426,976.0,1
221,9,1980-10-06 18:00:00,-31.1,28.1,0.0,41.3392,970.0,1
221,10,1980-10-07 00:00:00,-30.7,28.0,0.0,41.3392,970.0,1
221,11,1980-10-07 06:00:00,-30.6,28.5,0.0,41.3392,970.0,1
221,12,1980-10-07 12:00:00,-31.7,29.5,0.0,41.3392,970.0,1
221,13,1980-10-07 18:00:00,-32.7,29.8,0.0,41.3392,970.0,1
221,14,1980-10-08 00:00:00,-34.4,30.0,0.0,41.3392,970.0,1
221,15,1980-10-08 06:00:00,-36.2,30.6,0.0,41.3392,970.0,1
221,16,1980-10-08 12:00:00,-37.4,31.3,0.0,41.3392,970.0,1
221,17,1980-10-08 18:00:00,-39.0,31.5,0.0,41.3392,970.0,1
221,18,1980-10-09 00:00:00,-40.5,31.7,0.0,41.3392,970.0,1
221,19,1980-10-09 06:00:00,-41.0,32.3,0.0,41.3392,971.0,1
221,20,1980-10-09 12:00:00,-41.1,33.2,0.0,41.3392,973.0,1
221,21,1980-10-09 18:00:00,-41.2,33.8,0.0,41.3392,975.0,1
221,22,1980-10-10 00:00:00,-40.7,34.9,0.0,41.3392,977.0,1
221,23,1980-10-10 06:00:00,-40.0,36.2,0.0,41.3392,978.0,1
221,24,1980-10-10 12:00:00,-39.1,37.8,0.0,41.3392,978.0,1
221,25,1980-10-10 18:00:00,-37.9,39.7,0.0,36.746,980.0,1
221,26,1980-10-11 00:00:00,-36.1,42.0,0.0,34.4494,985.0,1
221,27,1980-10-11 06:00:00,-34.1,44.4,0.0,32.1527,988.0,1
221,28,1980-10-11 12:00:00,-31.5,46.8,0.0,29.8561,990.0,1
221,29,1980-10-11 18:00:00,-27.5,49.7,0.0,29.8561,990.0,1
221,30,1980-10-12 00:00:00,-24.5,52.5,0.0,27.5595,990.0,1
222,1,1980-11-09 12:00:00,-85.1,20.8,0.0,18.373,1000.0,1
222,2,1980-11-09 18:00:00,-85.2,21.3,0.0,20.6696,999.0,1
222,3,1980-11-10 00:00:00,-85.3,21.6,0.0,22.9662,999.0,1
222,4,1980-11-10 06:00:00,-85.4,22.0,0.0,22.9662,999.0,1
222,5,1980-11-10 12:00:00,-85.5,22.5,0.0,22.9662,999.0,1
222,6,1980-11-10 18:00:00,-85.7,23.2,0.0,22.9662,999.0,1
222,7,1980-11-11 00:00:00,-86.1,23.7,0.0,25.2629,998.0,1
222,8,1980-11-11 06:00:00,-86.5,24.1,0.0,27.5595,997.0,1
222,9,1980-11-11 12:00:00,-87.0,24.1,0.0,29.8561,992.0,1
222,10,1980-11-11 18:00:00,-87.2,24.1,0.0,34.4494,986.0,1
222,11,1980-11-12 00:00:00,-87.4,24.1,0.0,39.0426,988.0,1
222,12,1980-11-12 06:00:00,-88.3,23.9,0.0,32.1527,992.0,1
222,13,1980-11-12 12:00:00,-89.0,23.8,0.0,29.8561,994.0,1
222,14,1980-11-12 18:00:00,-89.8,23.8,0.0,29.8561,995.0,1
222,15,1980-11-13 00:00:00,-90.3,24.0,0.0,25.2629,999.0,1
222,16,1980-11-13 06:00:00,-91.6,24.9,0.0,25.2629,997.0,1
222,17,1980-11-13 12:00:00,-92.8,25.6,0.0,27.5595,993.0,1
222,18,1980-11-13 18:00:00,-94.0,25.6,0.0,27.5595,994.0,1
222,19,1980-11-14 00:00:00,-95.0,25.5,0.0,25.2629,996.0,1
222,20,1980-11-14 06:00:00,-95.2,25.6,0.0,22.9662,998.0,1
222,21,1980-11-14 12:00:00,-95.2,25.8,0.0,22.9662,1002.0,1
222,22,1980-11-14 18:00:00,-94.8,26.0,0.0,18.373,1002.0,1
223,1,1980-11-25 00:00:00,-46.0,36.0,0.0,22.9662,988.0,1
223,2,1980-11-25 06:00:00,-44.8,36.8,0.0,22.9662,988.0,1
223,3,1980-11-25 12:00:00,-44.5,37.2,0.0,25.2629,988.0,1
223,4,1980-11-25 18:00:00,-44.7,37.7,0.0,29.8561,988.0,1
223,5,1980-11-26 00:00:00,-44.8,37.4,0.0,32.1527,988.0,1
223,6,1980-11-26 06:00:00,-44.2,37.0,0.0,34.4494,985.0,1
223,7,1980-11-26 12:00:00,-42.5,36.8,0.0,34.4494,985.0,1
223,8,1980-11-26 18:00:00,-40.5,37.1,0.0,34.4494,985.0,1
223,9,1980-11-27 00:00:00,-38.3,37.8,0.0,32.1527,988.0,1
223,10,1980-11-27 06:00:00,-36.5,38.9,0.0,29.8561,990.0,1
223,11,1980-11-27 12:00:00,-34.9,40.4,0.0,29.8561,990.0,1
223,12,1980-11-27 18:00:00,-33.1,42.3,0.0,29.8561,990.0,1
223,13,1980-11-28 00:00:00,-32.0,45.0,0.0,29.8561,990.0,1
224,1,1981-05-07 18:00:00,-79.7,19.6,0.0,18.373,1000.0,1
224,2,1981-05-08 00:00:00,-78.7,20.3,0.0,20.6696,999.0,1
224,3,1981-05-08 18:00:00,-74.5,23.0,0.0,22.9662,1004.0,1
225,1,1981-06-29 18:00:00,-67.0,36.0,0.0,20.6696,1007.0,1
225,2,1981-06-30 00:00:00,-69.0,36.0,0.0,25.2629,1003.0,1
225,3,1981-06-30 06:00:00,-71.0,36.0,0.0,27.5595,999.0,1
225,4,1981-06-30 12:00:00,-72.5,36.0,0.0,27.5595,996.0,1
225,5,1981-06-30 18:00:00,-73.8,36.2,0.0,27.5595,996.0,1
225,6,1981-07-01 00:00:00,-74.7,36.6,0.0,22.9662,1000.0,1
226,1,1981-08-03 18:00:00,-64.9,38.7,0.0,18.373,1003.0,1
226,2,1981-08-04 00:00:00,-63.8,39.0,0.0,22.9662,1002.0,1
226,3,1981-08-04 06:00:00,-62.2,39.4,0.0,22.9662,1002.0,1
226,4,1981-08-04 12:00:00,-60.7,40.4,0.0,22.9662,1003.0,1
226,5,1981-08-04 18:00:00,-58.4,41.3,0.0,22.9662,1004.0,1
226,6,1981-08-05 00:00:00,-55.7,42.2,0.0,20.6696,1005.0,1
226,7,1981-08-05 06:00:00,-52.7,43.3,0.0,18.373,1006.0,1
227,1,1981-08-08 18:00:00,-36.7,12.5,0.0,18.373,1003.0,1
227,2,1981-08-09 00:00:00,-38.7,12.8,0.0,18.373,1002.0,1
227,3,1981-08-09 06:00:00,-40.8,13.1,0.0,18.373,1001.0,1
227,4,1981-08-09 12:00:00,-43.0,13.3,0.0,18.373,1001.0,1
227,5,1981-08-09 18:00:00,-45.0,13.5,0.0,18.373,1001.0,1
227,6,1981-08-10 00:00:00,-47.0,13.5,0.0,18.373,1001.0,1
227,7,1981-08-10 06:00:00,-49.0,13.5,0.0,18.373,1002.0,1
227,8,1981-08-10 12:00:00,-51.0,13.5,0.0,18.373,1004.0,1
227,9,1981-08-19 06:00:00,-80.8,29.7,0.0,18.373,1003.0,1
227,10,1981-08-19 12:00:00,-80.8,31.0,0.0,18.373,1002.0,1
227,11,1981-08-19 18:00:00,-79.9,32.2,0.0,20.6696,1001.0,1
227,12,1981-08-20 00:00:00,-78.8,33.4,0.0,22.9662,999.0,1
227,13,1981-08-20 06:00:00,-77.0,34.7,0.0,25.2629,998.0,1
227,14,1981-08-20 12:00:00,-75.2,35.5,0.0,27.5595,997.0,1
227,15,1981-08-20 18:00:00,-73.0,36.3,0.0,29.8561,995.0,1
227,16,1981-08-21 00:00:00,-70.4,37.1,0.0,32.1527,995.0,1
227,17,1981-08-21 06:00:00,-68.0,37.8,0.0,25.2629,998.0,1
227,18,1981-08-21 12:00:00,-65.4,38.1,0.0,20.6696,1000.0,1
227,19,1981-08-21 18:00:00,-62.8,38.4,0.0,18.373,1003.0,1
228,1,1981-09-01 06:00:00,-68.4,30.1,0.0,18.373,1000.0,1
228,2,1981-09-01 12:00:00,-67.3,30.4,0.0,18.373,996.0,1
228,3,1981-09-01 18:00:00,-66.6,31.3,0.0,20.6696,994.0,1
228,4,1981-09-02 00:00:00,-65.9,31.9,0.0,22.9662,992.0,1
228,5,1981-09-02 06:00:00,-65.1,32.6,0.0,22.9662,990.0,1
228,6,1981-09-02 12:00:00,-64.4,33.3,0.0,22.9662,988.0,1
228,7,1981-09-02 18:00:00,-64.1,34.1,0.0,25.2629,986.0,1
228,8,1981-09-03 00:00:00,-64.0,35.0,0.0,25.2629,984.0,1
228,9,1981-09-03 06:00:00,-65.0,36.0,0.0,27.5595,982.0,1
228,10,1981-09-03 12:00:00,-65.8,35.0,0.0,27.5595,980.0,1
228,11,1981-09-03 18:00:00,-65.0,34.2,0.0,27.5595,978.0,1
228,12,1981-09-04 00:00:00,-63.6,34.6,0.0,29.8561,976.0,1
228,13,1981-09-04 06:00:00,-62.7,35.3,0.0,32.1527,974.0,1
228,14,1981-09-04 12:00:00,-61.9,36.2,0.0,32.1527,972.0,1
228,15,1981-09-04 18:00:00,-61.2,37.1,0.0,32.1527,971.0,1
228,16,1981-09-05 00:00:00,-60.9,38.2,0.0,34.4494,970.0,1
228,17,1981-09-05 06:00:00,-60.8,38.6,0.0,34.4494,968.0,1
228,18,1981-09-05 12:00:00,-60.8,39.0,0.0,34.4494,967.0,1
228,19,1981-09-05 18:00:00,-59.9,39.4,0.0,36.746,966.0,1
228,20,1981-09-06 00:00:00,-59.0,39.9,0.0,36.746,967.0,1
228,21,1981-09-06 06:00:00,-58.4,40.3,0.0,36.746,968.0,1
228,22,1981-09-06 12:00:00,-58.0,40.8,0.0,36.746,970.0,1
228,23,1981-09-06 18:00:00,-57.4,41.2,0.0,34.4494,971.0,1
228,24,1981-09-07 00:00:00,-56.8,41.6,0.0,34.4494,972.0,1
228,25,1981-09-07 06:00:00,-55.9,41.9,0.0,32.1527,974.0,1
228,26,1981-09-07 12:00:00,-55.0,42.0,0.0,32.1527,976.0,1
228,27,1981-09-07 18:00:00,-54.1,42.3,0.0,29.8561,978.0,1
228,28,1981-09-08 00:00:00,-53.4,42.7,0.0,27.5595,982.0,1
228,29,1981-09-08 06:00:00,-52.5,42.9,0.0,27.5595,984.0,1
228,30,1981-09-08 12:00:00,-51.9,42.2,0.0,25.2629,986.0,1
228,31,1981-09-08 18:00:00,-51.2,41.7,0.0,25.2629,988.0,1
228,32,1981-09-09 00:00:00,-50.2,41.0,0.0,25.2629,990.0,1
228,33,1981-09-09 06:00:00,-49.1,40.9,0.0,22.9662,991.0,1
228,34,1981-09-09 12:00:00,-47.9,40.9,0.0,22.9662,992.0,1
228,35,1981-09-09 18:00:00,-46.9,41.0,0.0,22.9662,993.0,1
228,36,1981-09-10 00:00:00,-45.9,41.2,0.0,20.6696,995.0,1
228,37,1981-09-10 06:00:00,-45.1,41.9,0.0,18.373,998.0,1
228,38,1981-09-10 12:00:00,-44.8,42.5,0.0,18.373,1000.0,1
228,39,1981-09-10 18:00:00,-44.0,42.7,0.0,18.373,1001.0,1
228,40,1981-09-11 00:00:00,-43.3,42.2,0.0,18.373,1002.0,1
229,1,1981-09-05 00:00:00,-64.7,19.5,0.0,20.6696,1002.0,1
229,2,1981-09-05 06:00:00,-65.5,20.1,0.0,22.9662,1000.0,1
229,3,1981-09-05 12:00:00,-66.2,20.9,0.0,27.5595,999.0,1
229,4,1981-09-05 18:00:00,-67.1,21.7,0.0,32.1527,997.0,1
229,5,1981-09-06 00:00:00,-67.7,22.6,0.0,36.746,994.0,1
229,6,1981-09-06 06:00:00,-68.6,23.6,0.0,39.0426,991.0,1
229,7,1981-09-06 12:00:00,-69.1,24.5,0.0,41.3392,988.0,1
229,8,1981-09-06 18:00:00,-69.1,25.5,0.0,43.6359,985.0,1
229,9,1981-09-07 00:00:00,-69.1,26.4,0.0,45.9325,981.0,1
229,10,1981-09-07 06:00:00,-68.9,27.5,0.0,45.9325,978.0,1
229,11,1981-09-07 12:00:00,-68.5,28.4,0.0,45.9325,975.0,1
229,12,1981-09-07 18:00:00,-67.8,29.3,0.0,45.9325,975.0,1
229,13,1981-09-08 00:00:00,-67.2,29.9,0.0,43.6359,989.0,1
229,14,1981-09-08 06:00:00,-66.5,30.6,0.0,41.3392,995.0,1
229,15,1981-09-08 12:00:00,-65.6,31.4,0.0,39.0426,998.0,1
229,16,1981-09-08 18:00:00,-64.7,32.0,0.0,27.5595,1003.0,1
229,17,1981-09-09 00:00:00,-63.0,32.9,0.0,22.9662,1005.0,1
229,18,1981-09-09 06:00:00,-60.7,33.7,0.0,20.6696,1007.0,1
229,19,1981-09-09 12:00:00,-58.5,34.2,0.0,20.6696,1007.0,1
229,20,1981-09-09 18:00:00,-56.3,33.8,0.0,18.373,1007.0,1
229,21,1981-09-10 00:00:00,-54.0,33.5,0.0,18.373,1007.0,1
229,22,1981-09-10 06:00:00,-51.3,33.6,0.0,18.373,1007.0,1
229,23,1981-09-10 12:00:00,-48.7,34.0,0.0,18.373,1008.0,1
229,24,1981-09-10 18:00:00,-46.4,34.0,0.0,18.373,1008.0,1
229,25,1981-09-11 00:00:00,-44.1,33.8,0.0,18.373,1008.0,1
229,26,1981-09-11 06:00:00,-41.7,34.5,0.0,18.373,1008.0,1
229,27,1981-09-11 12:00:00,-39.7,35.5,0.0,18.373,1008.0,1
229,28,1981-09-11 18:00:00,-38.3,36.6,0.0,18.373,1008.0,1
229,29,1981-09-12 00:00:00,-36.9,37.6,0.0,18.373,1009.0,1
229,30,1981-09-12 06:00:00,-35.2,39.0,0.0,18.373,1009.0,1
230,1,1981-09-08 00:00:00,-60.6,15.6,0.0,18.373,1008.0,1
230,2,1981-09-08 06:00:00,-62.3,16.1,0.0,20.6696,1005.0,1
230,3,1981-09-08 12:00:00,-64.0,16.8,0.0,22.9662,1002.0,1
230,4,1981-09-08 18:00:00,-65.4,17.8,0.0,22.9662,1004.0,1
230,5,1981-09-09 00:00:00,-66.9,18.9,0.0,20.6696,1006.0,1
230,6,1981-09-09 06:00:00,-68.3,19.6,0.0,18.373,1009.0,1
230,7,1981-09-10 00:00:00,-72.8,22.1,0.0,18.373,1010.0,1
230,8,1981-09-10 06:00:00,-73.7,22.7,0.0,22.9662,1008.0,1
230,9,1981-09-10 12:00:00,-74.5,23.7,0.0,27.5595,1001.0,1
230,10,1981-09-10 18:00:00,-74.4,24.8,0.0,32.1527,996.0,1
230,11,1981-09-11 00:00:00,-73.9,26.3,0.0,36.746,993.0,1
230,12,1981-09-11 06:00:00,-73.0,27.7,0.0,39.0426,990.0,1
230,13,1981-09-11 12:00:00,-72.0,29.0,0.0,41.3392,988.0,1
230,14,1981-09-11 18:00:00,-70.9,30.2,0.0,41.3392,988.0,1
230,15,1981-09-12 00:00:00,-69.6,31.5,0.0,41.3392,989.0,1
230,16,1981-09-12 06:00:00,-68.5,32.5,0.0,41.3392,990.0,1
230,17,1981-09-12 12:00:00,-67.1,33.4,0.0,39.0426,992.0,1
230,18,1981-09-12 18:00:00,-65.6,34.1,0.0,32.1527,997.0,1
230,19,1981-09-13 00:00:00,-63.5,34.9,0.0,27.5595,1002.0,1
230,20,1981-09-13 06:00:00,-60.7,35.8,0.0,25.2629,1006.0,1
230,21,1981-09-13 12:00:00,-57.0,36.8,0.0,22.9662,1008.0,1
230,22,1981-09-13 18:00:00,-53.2,37.7,0.0,20.6696,1010.0,1
230,23,1981-09-14 00:00:00,-49.4,38.3,0.0,18.373,1010.0,1
230,24,1981-09-14 06:00:00,-45.6,38.8,0.0,18.373,1011.0,1
231,1,1981-09-12 18:00:00,-56.3,19.4,0.0,18.373,995.0,1
231,2,1981-09-13 00:00:00,-57.8,20.2,0.0,32.1527,990.0,1
231,3,1981-09-13 06:00:00,-59.3,21.2,0.0,32.1527,985.0,1
231,4,1981-09-13 12:00:00,-60.6,22.2,0.0,34.4494,983.0,1
231,5,1981-09-13 18:00:00,-61.4,23.1,0.0,36.746,980.0,1
231,6,1981-09-14 00:00:00,-62.0,24.1,0.0,39.0426,978.0,1
231,7,1981-09-14 06:00:00,-62.5,25.2,0.0,41.3392,976.0,1
231,8,1981-09-14 12:00:00,-62.7,26.4,0.0,43.6359,960.0,1
231,9,1981-09-14 18:00:00,-62.8,27.6,0.0,50.5258,952.0,1
231,10,1981-09-15 00:00:00,-62.6,28.4,0.0,52.8224,946.0,1
231,11,1981-09-15 06:00:00,-62.3,29.5,0.0,50.5258,952.0,1
231,12,1981-09-15 12:00:00,-61.2,30.8,0.0,48.2291,958.0,1
231,13,1981-09-15 18:00:00,-60.3,32.1,0.0,45.9325,963.0,1
231,14,1981-09-16 00:00:00,-59.2,33.2,0.0,41.3392,970.0,1
231,15,1981-09-16 06:00:00,-58.0,34.2,0.0,39.0426,975.0,1
231,16,1981-09-16 12:00:00,-56.8,34.9,0.0,36.746,980.0,1
231,17,1981-09-16 18:00:00,-55.7,35.3,0.0,29.8561,990.0,1
231,18,1981-09-17 00:00:00,-54.8,35.7,0.0,29.8561,991.0,1
231,19,1981-09-17 06:00:00,-53.8,35.9,0.0,29.8561,992.0,1
231,20,1981-09-17 12:00:00,-52.7,36.2,0.0,29.8561,993.0,1
231,21,1981-09-17 18:00:00,-51.3,36.5,0.0,29.8561,995.0,1
231,22,1981-09-18 00:00:00,-49.9,37.1,0.0,29.8561,996.0,1
231,23,1981-09-18 06:00:00,-48.2,37.5,0.0,29.8561,997.0,1
231,24,1981-09-18 12:00:00,-46.8,37.9,0.0,25.2629,998.0,1
231,25,1981-09-18 18:00:00,-45.2,38.3,0.0,20.6696,1002.0,1
232,1,1981-09-23 12:00:00,-42.2,12.7,0.0,18.373,1003.0,1
232,2,1981-09-23 18:00:00,-43.8,13.0,0.0,20.6696,1001.0,1
232,3,1981-09-24 00:00:00,-45.3,13.3,0.0,20.6696,999.0,1
232,4,1981-09-24 06:00:00,-46.7,13.8,0.0,22.9662,996.0,1
232,5,1981-09-24 12:00:00,-47.8,14.3,0.0,25.2629,994.0,1
232,6,1981-09-24 18:00:00,-48.9,15.0,0.0,27.5595,991.0,1
232,7,1981-09-25 00:00:00,-50.1,15.6,0.0,29.8561,987.0,1
232,8,1981-09-25 06:00:00,-51.2,16.6,0.0,32.1527,983.0,1
232,9,1981-09-25 12:00:00,-52.0,17.4,0.0,36.746,980.0,1
232,10,1981-09-25 18:00:00,-52.8,18.2,0.0,41.3392,977.0,1
232,11,1981-09-26 00:00:00,-53.5,19.1,0.0,39.0426,976.0,1
232,12,1981-09-26 06:00:00,-54.3,19.7,0.0,36.746,976.0,1
232,13,1981-09-26 12:00:00,-55.1,20.3,0.0,36.746,980.0,1
232,14,1981-09-26 18:00:00,-55.7,21.0,0.0,39.0426,982.0,1
232,15,1981-09-27 00:00:00,-56.4,21.8,0.0,43.6359,968.0,1
232,16,1981-09-27 06:00:00,-56.8,22.4,0.0,41.3392,966.0,1
232,17,1981-09-27 12:00:00,-57.2,23.0,0.0,41.3392,970.0,1
232,18,1981-09-27 18:00:00,-57.2,23.8,0.0,43.6359,966.0,1
232,19,1981-09-28 00:00:00,-56.9,24.7,0.0,45.9325,962.0,1
232,20,1981-09-28 06:00:00,-56.8,25.8,0.0,48.2291,966.0,1
232,21,1981-09-28 12:00:00,-56.7,27.0,0.0,48.2291,959.0,1
232,22,1981-09-28 18:00:00,-56.2,28.4,0.0,48.2291,960.0,1
232,23,1981-09-29 00:00:00,-55.3,29.8,0.0,45.9325,962.0,1
232,24,1981-09-29 06:00:00,-54.0,31.3,0.0,45.9325,965.0,1
232,25,1981-09-29 12:00:00,-52.6,32.6,0.0,43.6359,968.0,1
232,26,1981-09-29 18:00:00,-50.4,34.1,0.0,41.3392,972.0,1
232,27,1981-09-30 00:00:00,-47.5,35.9,0.0,39.0426,976.0,1
232,28,1981-09-30 06:00:00,-45.1,37.5,0.0,36.746,980.0,1
232,29,1981-09-30 12:00:00,-42.4,38.9,0.0,34.4494,983.0,1
232,30,1981-09-30 18:00:00,-39.5,40.0,0.0,32.1527,986.0,1
232,31,1981-10-01 00:00:00,-36.1,41.3,0.0,29.8561,989.0,1
232,32,1981-10-01 06:00:00,-33.7,42.5,0.0,27.5595,991.0,1
232,33,1981-10-01 12:00:00,-32.0,43.7,0.0,27.5595,994.0,1
232,34,1981-10-01 18:00:00,-30.3,44.8,0.0,25.2629,996.0,1
232,35,1981-10-02 00:00:00,-28.5,45.1,0.0,22.9662,999.0,1
232,36,1981-10-02 06:00:00,-25.0,45.4,0.0,20.6696,0.0,1
232,37,1981-10-02 12:00:00,-21.0,45.2,0.0,20.6696,0.0,1
232,38,1981-10-02 18:00:00,-17.0,44.5,0.0,20.6696,0.0,1
232,39,1981-10-03 00:00:00,-11.5,43.6,0.0,20.6696,0.0,1
232,40,1981-10-03 06:00:00,-4.0,45.0,0.0,20.6696,0.0,1
233,1,1981-10-31 06:00:00,-43.1,31.1,0.0,18.373,1000.0,1
233,2,1981-10-31 12:00:00,-42.2,31.5,0.0,20.6696,998.0,1
233,3,1981-10-31 18:00:00,-40.8,31.9,0.0,20.6696,998.0,1
233,4,1981-11-01 00:00:00,-39.0,32.5,0.0,18.373,998.0,1
233,5,1981-11-01 06:00:00,-37.0,33.7,0.0,18.373,998.0,1
234,1,1981-11-04 12:00:00,-81.3,18.6,0.0,18.373,998.0,1
234,2,1981-11-04 18:00:00,-81.2,18.9,0.0,22.9662,996.0,1
234,3,1981-11-05 00:00:00,-81.1,19.2,0.0,27.5595,993.0,1
234,4,1981-11-05 06:00:00,-80.8,19.6,0.0,29.8561,988.0,1
234,5,1981-11-05 12:00:00,-80.5,20.0,0.0,34.4494,980.0,1
234,6,1981-11-05 18:00:00,-80.1,20.4,0.0,32.1527,988.0,1
234,7,1981-11-06 00:00:00,-79.5,20.9,0.0,29.8561,996.0,1
234,8,1981-11-06 06:00:00,-78.3,21.6,0.0,25.2629,999.0,1
234,9,1981-11-06 12:00:00,-77.0,22.4,0.0,22.9662,1001.0,1
234,10,1981-11-06 18:00:00,-75.5,23.2,0.0,20.6696,1001.0,1
234,11,1981-11-07 00:00:00,-73.3,24.0,0.0,18.373,1001.0,1
234,12,1981-11-07 06:00:00,-70.6,25.0,0.0,18.373,1002.0,1
234,13,1981-11-07 12:00:00,-67.5,25.9,0.0,18.373,1002.0,1
234,14,1981-11-07 18:00:00,-64.5,26.8,0.0,18.373,1002.0,1
235,1,1981-11-12 12:00:00,-74.0,31.0,0.0,20.6696,1004.0,1
235,2,1981-11-12 18:00:00,-73.1,31.4,0.0,20.6696,1003.0,1
235,3,1981-11-13 00:00:00,-72.3,31.8,0.0,22.9662,1001.0,1
235,4,1981-11-13 06:00:00,-71.6,32.2,0.0,25.2629,999.0,1
235,5,1981-11-13 12:00:00,-71.0,32.7,0.0,25.2629,997.0,1
235,6,1981-11-13 18:00:00,-70.6,33.2,0.0,25.2629,995.0,1
235,7,1981-11-14 00:00:00,-70.6,33.7,0.0,27.5595,993.0,1
235,8,1981-11-14 06:00:00,-70.8,34.3,0.0,27.5595,991.0,1
235,9,1981-11-14 12:00:00,-71.1,34.8,0.0,27.5595,989.0,1
235,10,1981-11-14 18:00:00,-71.4,35.3,0.0,27.5595,986.0,1
235,11,1981-11-15 00:00:00,-71.8,35.8,0.0,27.5595,984.0,1
235,12,1981-11-15 06:00:00,-71.9,36.5,0.0,27.5595,981.0,1
235,13,1981-11-15 12:00:00,-71.8,37.2,0.0,27.5595,979.0,1
235,14,1981-11-15 18:00:00,-71.4,37.9,0.0,27.5595,978.0,1
235,15,1981-11-16 00:00:00,-70.9,38.6,0.0,27.5595,978.0,1
235,16,1981-11-16 06:00:00,-70.2,39.3,0.0,25.2629,979.0,1
235,17,1981-11-16 12:00:00,-69.5,40.0,0.0,25.2629,981.0,1
235,18,1981-11-16 18:00:00,-68.5,40.7,0.0,25.2629,983.0,1
235,19,1981-11-17 00:00:00,-67.1,41.4,0.0,22.9662,985.0,1
235,20,1981-11-17 06:00:00,-65.8,42.9,0.0,20.6696,990.0,1
236,1,1982-06-03 06:00:00,-85.0,22.8,0.0,18.373,1001.0,1
236,2,1982-06-03 12:00:00,-84.2,23.2,0.0,22.9662,995.0,1
236,3,1982-06-03 18:00:00,-83.6,24.0,0.0,34.4494,985.0,1
236,4,1982-06-04 00:00:00,-83.4,24.8,0.0,29.8561,992.0,1
236,5,1982-06-04 06:00:00,-84.1,24.9,0.0,25.2629,998.0,1
236,6,1982-06-04 12:00:00,-84.8,24.9,0.0,20.6696,1002.0,1
236,7,1982-06-04 18:00:00,-84.2,25.0,0.0,18.373,1005.0,1
237,1,1982-06-18 12:00:00,-82.8,28.7,0.0,18.373,999.0,1
237,2,1982-06-18 18:00:00,-80.3,31.4,0.0,27.5595,992.0,1
237,3,1982-06-19 00:00:00,-79.2,32.5,0.0,27.5595,992.0,1
237,4,1982-06-19 06:00:00,-77.8,33.9,0.0,27.5595,992.0,1
237,5,1982-06-19 12:00:00,-76.0,35.3,0.0,27.5595,992.0,1
237,6,1982-06-19 18:00:00,-73.0,37.1,0.0,27.5595,992.0,1
237,7,1982-06-20 00:00:00,-70.0,39.5,0.0,27.5595,992.0,1
237,8,1982-06-20 06:00:00,-65.5,42.5,0.0,27.5595,988.0,1
237,9,1982-06-20 12:00:00,-60.0,44.5,0.0,27.5595,984.0,1
237,10,1982-06-20 18:00:00,-56.0,45.4,0.0,27.5595,990.0,1
238,1,1982-08-29 06:00:00,-24.9,14.5,0.0,18.373,1003.0,1
238,2,1982-08-29 12:00:00,-26.3,14.9,0.0,20.6696,1002.0,1
238,3,1982-08-29 18:00:00,-27.7,15.3,0.0,20.6696,1000.0,1
238,4,1982-08-30 00:00:00,-29.1,15.7,0.0,22.9662,999.0,1
238,5,1982-08-30 06:00:00,-30.6,16.0,0.0,22.9662,998.0,1
238,6,1982-08-30 12:00:00,-32.1,16.3,0.0,22.9662,996.0,1
238,7,1982-08-30 18:00:00,-33.6,16.7,0.0,25.2629,995.0,1
238,8,1982-08-31 00:00:00,-35.0,17.0,0.0,25.2629,993.0,1
238,9,1982-08-31 06:00:00,-36.4,17.2,0.0,27.5595,992.0,1
238,10,1982-08-31 12:00:00,-37.8,17.7,0.0,27.5595,991.0,1
238,11,1982-08-31 18:00:00,-39.0,18.0,0.0,27.5595,990.0,1
238,12,1982-09-01 00:00:00,-40.0,18.3,0.0,27.5595,989.0,1
238,13,1982-09-01 06:00:00,-40.9,18.6,0.0,27.5595,998.0,1
238,14,1982-09-01 12:00:00,-41.7,18.8,0.0,27.5595,998.0,1
238,15,1982-09-01 18:00:00,-42.4,19.0,0.0,27.5595,990.0,1
238,16,1982-09-02 00:00:00,-43.2,19.2,0.0,25.2629,994.0,1
238,17,1982-09-02 06:00:00,-44.1,19.4,0.0,20.6696,1000.0,1
239,1,1982-09-10 18:00:00,-94.1,27.9,0.0,20.6696,1001.0,1
239,2,1982-09-11 00:00:00,-94.1,28.4,0.0,22.9662,1000.0,1
239,3,1982-09-11 06:00:00,-94.0,29.0,0.0,22.9662,997.0,1
239,4,1982-09-11 12:00:00,-93.8,29.8,0.0,25.2629,994.0,1
239,5,1982-09-11 18:00:00,-93.4,30.8,0.0,18.373,999.0,1
240,1,1982-09-14 18:00:00,-71.8,24.6,0.0,25.2629,1000.0,1
240,2,1982-09-15 00:00:00,-71.0,25.6,0.0,29.8561,993.0,1
240,3,1982-09-15 06:00:00,-70.3,26.7,0.0,29.8561,990.0,1
240,4,1982-09-15 12:00:00,-69.6,27.8,0.0,34.4494,980.0,1
240,5,1982-09-15 18:00:00,-68.5,29.0,0.0,41.3392,969.0,1
240,6,1982-09-16 00:00:00,-67.5,30.5,0.0,43.6359,966.0,1
240,7,1982-09-16 06:00:00,-66.7,32.1,0.0,43.6359,966.0,1
240,8,1982-09-16 12:00:00,-65.8,33.6,0.0,43.6359,966.0,1
240,9,1982-09-16 18:00:00,-65.6,35.1,0.0,43.6359,966.0,1
240,10,1982-09-17 00:00:00,-65.6,36.4,0.0,43.6359,966.0,1
240,11,1982-09-17 06:00:00,-65.6,36.8,0.0,43.6359,966.0,1
240,12,1982-09-17 12:00:00,-65.0,37.1,0.0,43.6359,966.0,1
240,13,1982-09-17 18:00:00,-63.5,37.6,0.0,45.9325,960.0,1
240,14,1982-09-18 00:00:00,-62.3,38.8,0.0,52.8224,950.0,1
240,15,1982-09-18 06:00:00,-60.7,40.1,0.0,50.5258,952.0,1
240,16,1982-09-18 12:00:00,-58.5,41.6,0.0,50.5258,954.0,1
240,17,1982-09-18 18:00:00,-56.1,43.5,0.0,45.9325,960.0,1
240,18,1982-09-19 00:00:00,-53.5,45.3,0.0,41.3392,970.0,1
240,19,1982-09-19 06:00:00,-50.5,47.0,0.0,34.4494,979.0,1
240,20,1982-09-19 12:00:00,-47.1,48.5,0.0,32.1527,987.0,1
240,21,1982-09-19 18:00:00,-43.5,50.0,0.0,32.1527,987.0,1
240,22,1982-09-20 00:00:00,-39.0,50.8,0.0,32.1527,987.0,1
240,23,1982-09-20 06:00:00,-33.5,51.5,0.0,27.5595,993.0,1
240,24,1982-09-20 12:00:00,-26.6,51.8,0.0,22.9662,996.0,1
240,25,1982-09-20 18:00:00,-19.0,51.5,0.0,22.9662,996.0,1
241,1,1982-10-01 12:00:00,-67.7,27.3,0.0,18.373,1003.0,1
241,2,1982-10-01 18:00:00,-67.1,27.9,0.0,22.9662,1000.0,1
241,3,1982-10-02 00:00:00,-66.2,28.5,0.0,27.5595,997.0,1
241,4,1982-10-02 06:00:00,-65.1,29.1,0.0,25.2629,997.0,1
241,5,1982-10-02 12:00:00,-63.0,29.8,0.0,22.9662,998.0,1
241,6,1982-10-02 18:00:00,-60.5,30.5,0.0,20.6696,1001.0,1
241,7,1982-10-03 00:00:00,-58.0,32.0,0.0,18.373,1003.0,1
242,1,1983-08-15 18:00:00,-91.0,27.2,0.0,18.373,1006.0,1
242,2,1983-08-16 00:00:00,-91.5,27.1,0.0,20.6696,1005.0,1
242,3,1983-08-16 06:00:00,-92.0,27.0,0.0,22.9662,1004.0,1
242,4,1983-08-16 12:00:00,-92.4,27.1,0.0,25.2629,1002.0,1
242,5,1983-08-16 18:00:00,-92.8,27.3,0.0,27.5595,998.0,1
242,6,1983-08-17 00:00:00,-93.3,27.4,0.0,29.8561,991.0,1
242,7,1983-08-17 06:00:00,-93.7,27.7,0.0,32.1527,987.0,1
242,8,1983-08-17 12:00:00,-94.2,27.9,0.0,34.4494,983.0,1
242,9,1983-08-17 18:00:00,-94.5,28.1,0.0,41.3392,974.0,1
242,10,1983-08-18 00:00:00,-94.8,28.4,0.0,43.6359,969.0,1
242,11,1983-08-18 06:00:00,-95.0,28.9,0.0,45.9325,963.0,1
242,12,1983-08-18 12:00:00,-95.5,29.7,0.0,36.746,965.0,1
242,13,1983-08-18 18:00:00,-96.0,30.5,0.0,18.373,990.0,1
243,1,1983-08-24 06:00:00,-76.3,27.4,0.0,18.373,1010.0,1
243,2,1983-08-24 12:00:00,-76.8,28.1,0.0,22.9662,1011.0,1
243,3,1983-08-24 18:00:00,-77.6,28.1,0.0,22.9662,1011.0,1
243,4,1983-08-25 00:00:00,-78.9,28.1,0.0,20.6696,1011.0,1
243,5,1983-08-25 06:00:00,-79.8,28.0,0.0,18.373,1012.0,1
243,6,1983-08-27 18:00:00,-93.0,25.8,0.0,20.6696,1002.0,1
243,7,1983-08-28 00:00:00,-94.5,25.7,0.0,27.5595,999.0,1
243,8,1983-08-28 06:00:00,-95.5,25.5,0.0,27.5595,998.0,1
243,9,1983-08-28 12:00:00,-96.4,25.5,0.0,29.8561,993.0,1
243,10,1983-08-28 18:00:00,-97.5,25.4,0.0,32.1527,986.0,1
243,11,1983-08-29 00:00:00,-98.5,25.5,0.0,18.373,995.0,1
244,1,1983-09-11 06:00:00,-62.4,32.0,0.0,20.6696,1000.0,1
244,2,1983-09-11 12:00:00,-61.2,32.4,0.0,25.2629,996.0,1
244,3,1983-09-11 18:00:00,-60.0,32.8,0.0,29.8561,994.0,1
244,4,1983-09-12 00:00:00,-58.9,33.1,0.0,29.8561,994.0,1
244,5,1983-09-12 06:00:00,-57.6,33.6,0.0,29.8561,994.0,1
244,6,1983-09-12 12:00:00,-56.3,34.0,0.0,29.8561,994.0,1
244,7,1983-09-12 18:00:00,-55.5,34.4,0.0,29.8561,994.0,1
244,8,1983-09-13 00:00:00,-54.9,34.8,0.0,25.2629,1000.0,1
244,9,1983-09-13 06:00:00,-54.5,35.3,0.0,25.2629,1000.0,1
244,10,1983-09-13 12:00:00,-54.2,35.9,0.0,20.6696,1005.0,1
244,11,1983-09-13 18:00:00,-53.9,36.3,0.0,18.373,1005.0,1
244,12,1983-09-14 00:00:00,-53.8,36.8,0.0,18.373,1005.0,1
244,13,1983-09-14 06:00:00,-53.8,37.4,0.0,18.373,1006.0,1
245,1,1983-09-27 06:00:00,-72.8,29.0,0.0,18.373,1006.0,1
245,2,1983-09-27 12:00:00,-72.6,29.5,0.0,18.373,1003.0,1
245,3,1983-09-27 18:00:00,-72.1,30.3,0.0,18.373,1000.0,1
245,4,1983-09-28 00:00:00,-71.7,31.2,0.0,20.6696,999.0,1
245,5,1983-09-28 06:00:00,-71.1,32.2,0.0,20.6696,999.0,1
245,6,1983-09-28 12:00:00,-70.7,33.1,0.0,22.9662,1000.0,1
245,7,1983-09-28 18:00:00,-70.7,34.0,0.0,22.9662,1001.0,1
245,8,1983-09-29 00:00:00,-70.8,34.5,0.0,25.2629,1003.0,1
245,9,1983-09-29 06:00:00,-71.0,34.8,0.0,25.2629,1005.0,1
245,10,1983-09-29 12:00:00,-71.5,35.1,0.0,25.2629,1006.0,1
245,11,1983-09-29 18:00:00,-73.0,35.8,0.0,25.2629,1007.0,1
245,12,1983-09-30 00:00:00,-74.0,36.4,0.0,25.2629,1008.0,1
245,13,1983-09-30 06:00:00,-74.9,37.0,0.0,25.2629,1009.0,1
245,14,1983-09-30 12:00:00,-75.8,37.5,0.0,18.373,1010.0,1
246,1,1984-08-20 00:00:00,-53.2,41.2,0.0,18.373,1000.0,1
246,2,1984-08-20 06:00:00,-50.8,42.5,0.0,20.6696,1000.0,1
246,3,1984-08-20 12:00:00,-48.3,43.7,0.0,22.9662,1001.0,1
246,4,1984-08-20 18:00:00,-46.0,45.1,0.0,22.9662,1002.0,1
246,5,1984-08-21 00:00:00,-44.0,46.8,0.0,20.6696,1004.0,1
246,6,1984-08-21 06:00:00,-41.1,47.9,0.0,18.373,1006.0,1
247,1,1984-08-29 18:00:00,-55.8,11.8,0.0,20.6696,1004.0,1
247,2,1984-08-30 00:00:00,-56.3,12.4,0.0,20.6696,1004.0,1
247,3,1984-08-30 06:00:00,-57.0,13.0,0.0,18.373,1005.0,1
248,1,1984-09-01 00:00:00,-61.1,40.6,0.0,18.373,999.0,1
248,2,1984-09-01 06:00:00,-59.0,41.7,0.0,18.373,998.0,1
248,3,1984-09-01 12:00:00,-56.9,42.9,0.0,18.373,998.0,1
248,4,1984-09-01 18:00:00,-54.9,44.0,0.0,18.373,998.0,1
248,5,1984-09-02 00:00:00,-53.3,44.9,0.0,20.6696,998.0,1
248,6,1984-09-02 06:00:00,-51.8,45.5,0.0,20.6696,997.0,1
248,7,1984-09-02 12:00:00,-50.4,46.0,0.0,22.9662,994.0,1
248,8,1984-09-02 18:00:00,-48.9,46.2,0.0,22.9662,989.0,1
249,1,1984-09-08 18:00:00,-78.3,28.6,0.0,18.373,1006.0,1
249,2,1984-09-09 00:00:00,-79.2,28.5,0.0,20.6696,1004.0,1
249,3,1984-09-09 06:00:00,-79.7,28.6,0.0,22.9662,1002.0,1
249,4,1984-09-09 12:00:00,-79.9,29.0,0.0,25.2629,1000.0,1
249,5,1984-09-09 18:00:00,-80.1,29.4,0.0,27.5595,995.0,1
249,6,1984-09-10 00:00:00,-80.4,29.7,0.0,27.5595,994.0,1
249,7,1984-09-10 06:00:00,-80.3,30.1,0.0,27.5595,995.0,1
249,8,1984-09-10 12:00:00,-80.0,30.5,0.0,29.8561,991.0,1
249,9,1984-09-10 18:00:00,-79.6,30.8,0.0,32.1527,986.0,1
249,10,1984-09-11 00:00:00,-79.1,31.3,0.0,36.746,980.0,1
249,11,1984-09-11 06:00:00,-78.7,31.8,0.0,39.0426,973.0,1
249,12,1984-09-11 12:00:00,-78.4,32.6,0.0,45.9325,960.0,1
249,13,1984-09-11 18:00:00,-78.0,33.4,0.0,50.5258,952.0,1
249,14,1984-09-12 00:00:00,-77.7,33.9,0.0,52.8224,949.0,1
249,15,1984-09-12 06:00:00,-77.4,34.0,0.0,43.6359,963.0,1
249,16,1984-09-12 12:00:00,-77.2,34.0,0.0,43.6359,967.0,1
249,17,1984-09-12 18:00:00,-77.1,33.9,0.0,41.3392,970.0,1
249,18,1984-09-13 00:00:00,-77.4,33.8,0.0,39.0426,972.0,1
249,19,1984-09-13 06:00:00,-77.9,33.9,0.0,36.746,978.0,1
249,20,1984-09-13 12:00:00,-78.3,34.0,0.0,29.8561,990.0,1
249,21,1984-09-13 18:00:00,-78.5,34.3,0.0,25.2629,999.0,1
249,22,1984-09-14 00:00:00,-78.5,34.6,0.0,20.6696,1003.0,1
249,23,1984-09-14 06:00:00,-78.0,35.0,0.0,18.373,1005.0,1
249,24,1984-09-14 12:00:00,-77.1,35.3,0.0,20.6696,1003.0,1
249,25,1984-09-14 18:00:00,-76.0,35.6,0.0,22.9662,1000.0,1
249,26,1984-09-15 00:00:00,-74.4,36.2,0.0,25.2629,997.0,1
249,27,1984-09-15 06:00:00,-72.7,37.2,0.0,27.5595,994.0,1
249,28,1984-09-15 12:00:00,-70.3,38.5,0.0,27.5595,992.0,1
249,29,1984-09-15 18:00:00,-66.0,41.0,0.0,27.5595,992.0,1
249,30,1984-09-16 00:00:00,-61.9,43.5,0.0,27.5595,994.0,1
249,31,1984-09-16 06:00:00,-57.8,46.0,0.0,27.5595,995.0,1
250,1,1984-09-14 12:00:00,-96.1,20.7,0.0,18.373,1000.0,1
250,2,1984-09-14 18:00:00,-96.0,20.5,0.0,20.6696,1001.0,1
250,3,1984-09-15 00:00:00,-95.8,20.3,0.0,25.2629,998.0,1
251,1,1984-09-17 00:00:00,-25.3,15.3,0.0,20.6696,1000.0,1
251,2,1984-09-17 06:00:00,-26.0,16.3,0.0,22.9662,998.0,1
251,3,1984-09-17 12:00:00,-26.5,17.3,0.0,22.9662,996.0,1
251,4,1984-09-17 18:00:00,-27.1,18.4,0.0,25.2629,995.0,1
251,5,1984-09-18 00:00:00,-28.0,19.5,0.0,25.2629,994.0,1
251,6,1984-09-18 06:00:00,-29.6,20.2,0.0,25.2629,994.0,1
251,7,1984-09-18 12:00:00,-31.0,20.9,0.0,25.2629,994.0,1
251,8,1984-09-18 18:00:00,-32.8,21.1,0.0,22.9662,995.0,1
251,9,1984-09-19 00:00:00,-34.3,21.1,0.0,22.9662,996.0,1
251,10,1984-09-19 06:00:00,-36.0,21.0,0.0,22.9662,1000.0,1
251,11,1984-09-19 12:00:00,-37.9,20.9,0.0,20.6696,1005.0,1
251,12,1984-09-19 18:00:00,-39.5,20.8,0.0,18.373,1005.0,1
252,1,1984-09-18 18:00:00,-64.7,32.1,0.0,20.6696,1006.0,1
252,2,1984-09-19 00:00:00,-63.6,33.2,0.0,20.6696,1006.0,1
252,3,1984-09-19 06:00:00,-62.6,34.6,0.0,20.6696,1006.0,1
253,1,1984-09-24 12:00:00,-59.8,28.4,0.0,18.373,999.0,1
253,2,1984-09-24 18:00:00,-60.1,28.5,0.0,18.373,999.0,1
253,3,1984-09-25 00:00:00,-60.3,28.7,0.0,20.6696,999.0,1
253,4,1984-09-25 06:00:00,-60.4,28.9,0.0,25.2629,998.0,1
253,5,1984-09-25 12:00:00,-60.6,29.3,0.0,27.5595,997.0,1
253,6,1984-09-25 18:00:00,-60.8,29.7,0.0,29.8561,996.0,1
253,7,1984-09-26 00:00:00,-61.1,30.2,0.0,29.8561,993.0,1
253,8,1984-09-26 06:00:00,-61.0,30.8,0.0,27.5595,994.0,1
253,9,1984-09-26 12:00:00,-60.7,31.3,0.0,22.9662,995.0,1
253,10,1984-09-26 18:00:00,-60.9,32.0,0.0,20.6696,996.0,1
253,11,1984-09-27 00:00:00,-60.8,32.4,0.0,18.373,996.0,1
253,12,1984-09-27 06:00:00,-60.5,32.8,0.0,18.373,995.0,1
253,13,1984-09-28 12:00:00,-61.0,31.7,0.0,18.373,996.0,1
253,14,1984-09-28 18:00:00,-61.7,31.1,0.0,18.373,997.0,1
253,15,1984-09-29 00:00:00,-62.4,30.6,0.0,20.6696,998.0,1
253,16,1984-09-29 06:00:00,-63.2,30.5,0.0,20.6696,999.0,1
253,17,1984-09-29 12:00:00,-64.0,30.6,0.0,20.6696,1001.0,1
253,18,1984-09-29 18:00:00,-64.7,30.9,0.0,18.373,1002.0,1
253,19,1984-09-30 00:00:00,-65.0,31.4,0.0,18.373,1004.0,1
253,20,1984-10-01 00:00:00,-59.8,37.4,0.0,18.373,1004.0,1
253,21,1984-10-01 06:00:00,-57.0,38.8,0.0,20.6696,1001.0,1
253,22,1984-10-01 12:00:00,-54.0,40.0,0.0,22.9662,998.0,1
253,23,1984-10-01 18:00:00,-50.4,40.9,0.0,22.9662,996.0,1
253,24,1984-10-02 00:00:00,-46.8,41.7,0.0,22.9662,995.0,1
253,25,1984-10-02 06:00:00,-43.0,42.3,0.0,22.9662,995.0,1
253,26,1984-10-02 12:00:00,-39.0,42.8,0.0,22.9662,995.0,1
253,27,1984-10-02 18:00:00,-35.0,43.2,0.0,20.6696,996.0,1
254,1,1984-09-26 12:00:00,-77.0,24.7,0.0,18.373,1001.0,1
254,2,1984-09-26 18:00:00,-77.7,25.0,0.0,20.6696,1000.0,1
254,3,1984-09-27 00:00:00,-78.4,25.4,0.0,20.6696,999.0,1
254,4,1984-09-27 06:00:00,-79.1,25.8,0.0,22.9662,1000.0,1
254,5,1984-09-27 12:00:00,-79.8,26.4,0.0,22.9662,1000.0,1
254,6,1984-09-27 18:00:00,-80.5,27.3,0.0,20.6696,1001.0,1
254,7,1984-09-28 00:00:00,-81.5,27.8,0.0,20.6696,1002.0,1
254,8,1984-09-28 06:00:00,-82.3,28.5,0.0,20.6696,1002.0,1
254,9,1984-09-28 12:00:00,-82.1,29.5,0.0,20.6696,1002.0,1
254,10,1984-09-28 18:00:00,-81.9,30.1,0.0,20.6696,1001.0,1
254,11,1984-09-29 00:00:00,-81.4,30.7,0.0,20.6696,1004.0,1
254,12,1984-09-29 06:00:00,-80.5,31.3,0.0,20.6696,1005.0,1
254,13,1984-09-29 12:00:00,-79.3,32.2,0.0,20.6696,1004.0,1
254,14,1984-09-29 18:00:00,-77.8,32.8,0.0,20.6696,1002.0,1
254,15,1984-09-30 00:00:00,-76.2,33.6,0.0,22.9662,1000.0,1
254,16,1984-09-30 06:00:00,-74.4,34.3,0.0,18.373,1005.0,1
254,17,1984-09-30 12:00:00,-72.5,34.8,0.0,18.373,1007.0,1
254,18,1984-09-30 18:00:00,-70.4,35.3,0.0,18.373,1007.0,1
255,1,1984-10-08 12:00:00,-71.4,24.1,0.0,18.373,1002.0,1
255,2,1984-10-08 18:00:00,-71.9,24.3,0.0,22.9662,998.0,1
255,3,1984-10-09 00:00:00,-72.2,24.6,0.0,25.2629,995.0,1
255,4,1984-10-09 06:00:00,-72.2,25.2,0.0,27.5595,994.0,1
255,5,1984-10-09 12:00:00,-72.1,25.8,0.0,27.5595,995.0,1
255,6,1984-10-09 18:00:00,-72.1,26.4,0.0,27.5595,993.0,1
255,7,1984-10-10 00:00:00,-72.2,26.9,0.0,27.5595,990.0,1
255,8,1984-10-10 06:00:00,-72.4,27.2,0.0,29.8561,987.0,1
255,9,1984-10-10 12:00:00,-72.5,27.5,0.0,32.1527,987.0,1
255,10,1984-10-10 18:00:00,-72.6,28.0,0.0,32.1527,985.0,1
255,11,1984-10-11 00:00:00,-72.5,28.6,0.0,34.4494,983.0,1
255,12,1984-10-11 06:00:00,-72.4,29.3,0.0,36.746,979.0,1
255,13,1984-10-11 12:00:00,-72.1,30.0,0.0,39.0426,974.0,1
255,14,1984-10-11 18:00:00,-71.9,30.7,0.0,39.0426,971.0,1
255,15,1984-10-12 00:00:00,-71.7,31.4,0.0,41.3392,970.0,1
255,16,1984-10-12 06:00:00,-71.7,32.2,0.0,41.3392,973.0,1
255,17,1984-10-12 12:00:00,-71.8,33.0,0.0,41.3392,977.0,1
255,18,1984-10-12 18:00:00,-71.7,33.7,0.0,41.3392,976.0,1
255,19,1984-10-13 00:00:00,-71.4,34.3,0.0,39.0426,971.0,1
255,20,1984-10-13 06:00:00,-71.2,34.8,0.0,39.0426,973.0,1
255,21,1984-10-13 12:00:00,-71.3,35.4,0.0,36.746,975.0,1
255,22,1984-10-13 18:00:00,-71.7,36.0,0.0,32.1527,973.0,1
255,23,1984-10-14 00:00:00,-71.9,36.6,0.0,29.8561,977.0,1
255,24,1984-10-14 06:00:00,-71.7,36.8,0.0,29.8561,975.0,1
255,25,1984-10-14 12:00:00,-71.4,36.6,0.0,32.1527,971.0,1
255,26,1984-10-14 18:00:00,-70.8,36.3,0.0,32.1527,968.0,1
255,27,1984-10-15 00:00:00,-69.8,35.9,0.0,32.1527,965.0,1
255,28,1984-10-15 06:00:00,-68.4,36.2,0.0,29.8561,966.0,1
255,29,1984-10-15 12:00:00,-66.6,36.8,0.0,29.8561,973.0,1
255,30,1984-10-15 18:00:00,-64.8,37.6,0.0,29.8561,971.0,1
255,31,1984-10-16 00:00:00,-63.0,38.3,0.0,29.8561,973.0,1
255,32,1984-10-16 06:00:00,-61.4,39.2,0.0,29.8561,977.0,1
255,33,1984-10-16 12:00:00,-59.7,39.9,0.0,29.8561,982.0,1
255,34,1984-10-16 18:00:00,-58.2,40.6,0.0,29.8561,986.0,1
255,35,1984-10-17 00:00:00,-56.6,41.3,0.0,29.8561,988.0,1
255,36,1984-10-17 06:00:00,-54.9,42.0,0.0,27.5595,990.0,1
255,37,1984-10-17 12:00:00,-53.9,43.0,0.0,27.5595,992.0,1
255,38,1984-10-17 18:00:00,-54.1,43.6,0.0,25.2629,993.0,1
255,39,1984-10-18 00:00:00,-54.4,44.0,0.0,22.9662,994.0,1
255,40,1984-10-18 06:00:00,-55.1,44.0,0.0,22.9662,994.0,1
255,41,1984-10-18 12:00:00,-56.0,44.1,0.0,22.9662,995.0,1
255,42,1984-10-18 18:00:00,-57.1,44.0,0.0,20.6696,995.0,1
255,43,1984-10-19 00:00:00,-57.7,42.8,0.0,20.6696,995.0,1
255,44,1984-10-19 06:00:00,-56.8,41.2,0.0,20.6696,995.0,1
255,45,1984-10-19 12:00:00,-55.1,40.6,0.0,18.373,995.0,1
255,46,1984-10-19 18:00:00,-53.1,40.7,0.0,18.373,995.0,1
256,1,1984-11-07 00:00:00,-66.2,17.4,0.0,18.373,1000.0,1
256,2,1984-11-07 06:00:00,-65.8,18.0,0.0,20.6696,998.0,1
256,3,1984-11-07 12:00:00,-65.2,18.5,0.0,22.9662,997.0,1
256,4,1984-11-07 18:00:00,-64.7,19.1,0.0,27.5595,995.0,1
256,5,1984-11-08 00:00:00,-64.0,19.4,0.0,29.8561,992.0,1
256,6,1984-11-08 06:00:00,-63.1,19.6,0.0,32.1527,989.0,1
256,7,1984-11-08 12:00:00,-62.2,19.7,0.0,34.4494,986.0,1
256,8,1984-11-08 18:00:00,-61.4,19.9,0.0,36.746,984.0,1
256,9,1984-11-09 00:00:00,-60.8,20.4,0.0,36.746,982.0,1
256,10,1984-11-09 06:00:00,-60.1,21.1,0.0,36.746,981.0,1
256,11,1984-11-09 12:00:00,-59.5,21.8,0.0,36.746,980.0,1
256,12,1984-11-09 18:00:00,-58.7,22.7,0.0,36.746,980.0,1
256,13,1984-11-10 00:00:00,-57.8,23.8,0.0,36.746,979.0,1
256,14,1984-11-10 06:00:00,-56.6,24.8,0.0,34.4494,978.0,1
256,15,1984-11-10 12:00:00,-55.2,26.2,0.0,34.4494,977.0,1
256,16,1984-11-10 18:00:00,-54.0,28.0,0.0,34.4494,975.0,1
256,17,1984-11-11 00:00:00,-53.0,29.5,0.0,34.4494,971.0,1
256,18,1984-11-11 06:00:00,-52.5,31.0,0.0,32.1527,975.0,1
256,19,1984-11-11 12:00:00,-52.4,32.2,0.0,32.1527,977.0,1
256,20,1984-11-11 18:00:00,-52.7,33.4,0.0,32.1527,980.0,1
256,21,1984-11-12 00:00:00,-53.4,34.6,0.0,32.1527,982.0,1
256,22,1984-11-12 06:00:00,-54.2,34.8,0.0,32.1527,983.0,1
256,23,1984-11-12 12:00:00,-55.0,35.0,0.0,29.8561,984.0,1
256,24,1984-11-12 18:00:00,-54.2,35.5,0.0,27.5595,985.0,1
256,25,1984-11-13 00:00:00,-52.8,36.5,0.0,27.5595,986.0,1
256,26,1984-11-13 06:00:00,-51.0,38.0,0.0,25.2629,987.0,1
256,27,1984-11-13 12:00:00,-49.0,40.0,0.0,25.2629,988.0,1
256,28,1984-11-13 18:00:00,-47.0,42.0,0.0,22.9662,989.0,1
257,1,1984-12-12 12:00:00,-60.5,34.5,0.0,22.9662,995.0,1
257,2,1984-12-12 18:00:00,-60.0,35.5,0.0,22.9662,995.0,1
257,3,1984-12-13 00:00:00,-60.0,35.5,0.0,25.2629,993.0,1
257,4,1984-12-13 06:00:00,-60.0,35.5,0.0,25.2629,994.0,1
257,5,1984-12-13 12:00:00,-59.8,34.9,0.0,25.2629,994.0,1
257,6,1984-12-13 18:00:00,-59.5,33.8,0.0,25.2629,994.0,1
257,7,1984-12-14 00:00:00,-59.0,32.7,0.0,25.2629,994.0,1
257,8,1984-12-14 06:00:00,-58.0,32.0,0.0,25.2629,994.0,1
257,9,1984-12-14 12:00:00,-57.0,31.4,0.0,25.2629,994.0,1
257,10,1984-12-14 18:00:00,-56.2,30.5,0.0,25.2629,994.0,1
257,11,1984-12-15 00:00:00,-55.9,28.9,0.0,25.2629,994.0,1
257,12,1984-12-15 06:00:00,-55.8,27.2,0.0,25.2629,994.0,1
257,13,1984-12-15 12:00:00,-56.0,25.8,0.0,25.2629,994.0,1
257,14,1984-12-15 18:00:00,-56.3,24.5,0.0,25.2629,994.0,1
257,15,1984-12-16 00:00:00,-56.2,23.4,0.0,25.2629,994.0,1
257,16,1984-12-16 06:00:00,-55.4,22.4,0.0,25.2629,994.0,1
257,17,1984-12-16 12:00:00,-54.0,22.4,0.0,25.2629,994.0,1
257,18,1984-12-16 18:00:00,-52.7,23.2,0.0,25.2629,994.0,1
257,19,1984-12-17 00:00:00,-50.8,24.8,0.0,25.2629,994.0,1
257,20,1984-12-17 06:00:00,-49.6,28.0,0.0,25.2629,994.0,1
257,21,1984-12-17 12:00:00,-49.9,31.2,0.0,25.2629,994.0,1
257,22,1984-12-17 18:00:00,-51.0,33.0,0.0,25.2629,994.0,1
257,23,1984-12-18 00:00:00,-53.0,34.5,0.0,25.2629,994.0,1
257,24,1984-12-18 06:00:00,-53.6,34.0,0.0,25.2629,994.0,1
257,25,1984-12-18 12:00:00,-53.7,33.1,0.0,27.5595,990.0,1
257,26,1984-12-18 18:00:00,-53.5,32.8,0.0,27.5595,990.0,1
257,27,1984-12-19 00:00:00,-53.3,32.5,0.0,27.5595,990.0,1
257,28,1984-12-19 06:00:00,-53.2,32.4,0.0,27.5595,990.0,1
257,29,1984-12-19 12:00:00,-53.1,32.3,0.0,27.5595,990.0,1
257,30,1984-12-19 18:00:00,-53.0,32.2,0.0,27.5595,990.0,1
257,31,1984-12-20 00:00:00,-52.9,32.0,0.0,27.5595,989.0,1
257,32,1984-12-20 06:00:00,-52.5,31.6,0.0,27.5595,988.0,1
257,33,1984-12-20 12:00:00,-52.4,31.1,0.0,32.1527,980.0,1
257,34,1984-12-20 18:00:00,-52.3,30.5,0.0,32.1527,980.0,1
257,35,1984-12-21 00:00:00,-52.2,30.0,0.0,32.1527,980.0,1
257,36,1984-12-21 06:00:00,-52.1,29.5,0.0,32.1527,980.0,1
257,37,1984-12-21 12:00:00,-52.0,29.0,0.0,32.1527,980.0,1
257,38,1984-12-21 18:00:00,-52.0,28.5,0.0,32.1527,980.0,1
257,39,1984-12-22 00:00:00,-52.2,27.8,0.0,32.1527,980.0,1
257,40,1984-12-22 06:00:00,-52.9,27.0,0.0,32.1527,980.0,1
257,41,1984-12-22 12:00:00,-54.0,26.0,0.0,32.1527,980.0,1
257,42,1984-12-22 18:00:00,-55.6,24.8,0.0,32.1527,980.0,1
257,43,1984-12-23 00:00:00,-57.1,23.6,0.0,29.8561,987.0,1
257,44,1984-12-23 06:00:00,-58.9,22.7,0.0,25.2629,994.0,1
257,45,1984-12-23 12:00:00,-61.0,22.0,0.0,22.9662,1001.0,1
257,46,1984-12-23 18:00:00,-63.1,21.2,0.0,20.6696,1007.0,1
258,1,1985-07-17 06:00:00,-67.2,33.3,0.0,18.373,1008.0,1
258,2,1985-07-17 12:00:00,-67.3,34.4,0.0,18.373,1007.0,1
258,3,1985-07-17 18:00:00,-67.3,35.6,0.0,20.6696,1006.0,1
258,4,1985-07-18 00:00:00,-66.8,37.2,0.0,20.6696,1004.0,1
258,5,1985-07-18 06:00:00,-65.9,39.1,0.0,20.6696,1004.0,1
258,6,1985-07-18 12:00:00,-64.4,40.8,0.0,22.9662,1000.0,1
258,7,1985-07-18 18:00:00,-63.5,42.5,0.0,25.2629,996.0,1
258,8,1985-07-19 00:00:00,-60.3,44.2,0.0,27.5595,996.0,1
258,9,1985-07-19 06:00:00,-57.6,46.0,0.0,25.2629,996.0,1
258,10,1985-07-19 12:00:00,-54.5,48.0,0.0,22.9662,996.0,1
259,1,1985-07-23 06:00:00,-82.9,26.6,0.0,18.373,1004.0,1
259,2,1985-07-23 12:00:00,-82.3,26.4,0.0,18.373,1005.0,1
259,3,1985-07-23 18:00:00,-81.1,26.4,0.0,18.373,1006.0,1
259,4,1985-07-24 00:00:00,-80.3,27.2,0.0,18.373,1006.0,1
259,5,1985-07-24 06:00:00,-80.4,28.3,0.0,22.9662,1005.0,1
259,6,1985-07-24 12:00:00,-80.4,29.4,0.0,27.5595,1004.0,1
259,7,1985-07-24 18:00:00,-80.5,30.5,0.0,29.8561,1003.0,1
259,8,1985-07-25 00:00:00,-80.5,31.6,0.0,29.8561,1002.0,1
259,9,1985-07-25 06:00:00,-80.7,32.9,0.0,25.2629,1004.0,1
259,10,1985-07-25 12:00:00,-80.5,34.8,0.0,20.6696,1006.0,1
260,1,1985-08-11 18:00:00,-70.3,34.7,0.0,18.373,1002.0,1
260,2,1985-08-12 00:00:00,-69.1,34.8,0.0,18.373,1001.0,1
260,3,1985-08-12 06:00:00,-67.7,34.7,0.0,20.6696,1000.0,1
260,4,1985-08-12 12:00:00,-66.4,34.5,0.0,20.6696,999.0,1
260,5,1985-08-12 18:00:00,-64.9,34.4,0.0,22.9662,997.0,1
260,6,1985-08-13 00:00:00,-63.2,34.5,0.0,22.9662,995.0,1
260,7,1985-08-13 06:00:00,-61.5,35.1,0.0,25.2629,993.0,1
260,8,1985-08-13 12:00:00,-59.5,35.5,0.0,25.2629,991.0,1
260,9,1985-08-13 18:00:00,-57.5,35.3,0.0,27.5595,989.0,1
260,10,1985-08-14 00:00:00,-55.0,35.1,0.0,27.5595,988.0,1
260,11,1985-08-14 06:00:00,-52.5,35.2,0.0,29.8561,988.0,1
260,12,1985-08-14 12:00:00,-50.1,35.3,0.0,29.8561,987.0,1
260,13,1985-08-14 18:00:00,-47.8,35.5,0.0,29.8561,986.0,1
260,14,1985-08-15 00:00:00,-45.2,35.6,0.0,32.1527,985.0,1
260,15,1985-08-15 06:00:00,-42.6,35.7,0.0,32.1527,981.0,1
260,16,1985-08-15 12:00:00,-40.0,35.8,0.0,34.4494,980.0,1
260,17,1985-08-15 18:00:00,-37.0,36.4,0.0,34.4494,981.0,1
260,18,1985-08-16 00:00:00,-34.5,37.5,0.0,27.5595,993.0,1
260,19,1985-08-16 06:00:00,-31.6,39.2,0.0,20.6696,998.0,1
260,20,1985-08-16 12:00:00,-28.7,40.7,0.0,18.373,1001.0,1
260,21,1985-08-16 18:00:00,-25.7,42.6,0.0,18.373,1003.0,1
260,22,1985-08-17 00:00:00,-22.5,44.5,0.0,18.373,1005.0,1
261,1,1985-08-14 06:00:00,-88.8,24.4,0.0,20.6696,1007.0,1
261,2,1985-08-14 12:00:00,-89.8,25.1,0.0,22.9662,1004.0,1
261,3,1985-08-14 18:00:00,-90.7,25.9,0.0,27.5595,1001.0,1
261,4,1985-08-15 00:00:00,-91.5,26.8,0.0,32.1527,997.0,1
261,5,1985-08-15 06:00:00,-92.2,27.8,0.0,34.4494,995.0,1
261,6,1985-08-15 12:00:00,-92.6,28.9,0.0,36.746,988.0,1
261,7,1985-08-15 18:00:00,-92.7,30.0,0.0,32.1527,988.0,1
261,8,1985-08-16 00:00:00,-92.4,31.0,0.0,22.9662,992.0,1
261,9,1985-08-16 06:00:00,-92.0,32.0,0.0,18.373,997.0,1
262,1,1985-08-28 18:00:00,-80.0,22.6,0.0,20.6696,1006.0,1
262,2,1985-08-29 00:00:00,-81.8,23.2,0.0,22.9662,1004.0,1
262,3,1985-08-29 06:00:00,-83.5,24.0,0.0,25.2629,1000.0,1
262,4,1985-08-29 12:00:00,-85.0,25.0,0.0,29.8561,994.0,1
262,5,1985-08-29 18:00:00,-85.8,25.9,0.0,32.1527,990.0,1
262,6,1985-08-30 00:00:00,-86.6,26.6,0.0,34.4494,986.0,1
262,7,1985-08-30 06:00:00,-87.2,27.3,0.0,36.746,980.0,1
262,8,1985-08-30 12:00:00,-87.3,27.9,0.0,41.3392,974.0,1
262,9,1985-08-30 18:00:00,-86.8,28.3,0.0,41.3392,978.0,1
262,10,1985-08-31 00:00:00,-86.0,28.4,0.0,41.3392,977.0,1
262,11,1985-08-31 06:00:00,-85.3,28.6,0.0,41.3392,976.0,1
262,12,1985-08-31 12:00:00,-84.4,28.8,0.0,41.3392,975.0,1
262,13,1985-08-31 18:00:00,-84.0,28.8,0.0,41.3392,974.0,1
262,14,1985-09-01 00:00:00,-83.8,28.8,0.0,43.6359,971.0,1
262,15,1985-09-01 06:00:00,-83.9,28.6,0.0,45.9325,965.0,1
262,16,1985-09-01 12:00:00,-84.2,28.6,0.0,48.2291,961.0,1
262,17,1985-09-01 18:00:00,-84.8,28.9,0.0,50.5258,954.0,1
262,18,1985-09-02 00:00:00,-85.9,29.4,0.0,50.5258,953.0,1
262,19,1985-09-02 06:00:00,-87.3,29.7,0.0,48.2291,957.0,1
262,20,1985-09-02 12:00:00,-88.8,30.2,0.0,45.9325,959.0,1
262,21,1985-09-02 18:00:00,-90.4,31.0,0.0,27.5595,990.0,1
262,22,1985-09-03 00:00:00,-91.8,31.9,0.0,20.6696,1000.0,1
263,1,1985-09-16 18:00:00,-66.5,26.0,0.0,18.373,1003.0,1
263,2,1985-09-17 00:00:00,-64.8,26.7,0.0,20.6696,1001.0,1
263,3,1985-09-17 06:00:00,-63.1,27.3,0.0,22.9662,996.0,1
263,4,1985-09-17 12:00:00,-61.2,28.1,0.0,25.2629,994.0,1
263,5,1985-09-17 18:00:00,-59.8,28.9,0.0,25.2629,994.0,1
263,6,1985-09-18 00:00:00,-58.0,29.7,0.0,25.2629,994.0,1
263,7,1985-09-18 06:00:00,-56.1,30.2,0.0,25.2629,994.0,1
263,8,1985-09-18 12:00:00,-54.4,30.8,0.0,25.2629,994.0,1
263,9,1985-09-18 18:00:00,-52.4,31.1,0.0,25.2629,994.0,1
263,10,1985-09-19 00:00:00,-50.4,31.5,0.0,25.2629,994.0,1
263,11,1985-09-19 06:00:00,-47.0,31.8,0.0,25.2629,994.0,1
263,12,1985-09-19 12:00:00,-42.5,32.1,0.0,25.2629,994.0,1
264,1,1985-09-20 06:00:00,-46.7,17.4,0.0,18.373,1004.0,1
264,2,1985-09-20 12:00:00,-48.1,17.5,0.0,20.6696,1003.0,1
264,3,1985-09-20 18:00:00,-49.8,17.6,0.0,20.6696,1002.0,1
264,4,1985-09-21 00:00:00,-51.2,17.7,0.0,22.9662,1001.0,1
264,5,1985-09-21 06:00:00,-52.8,17.7,0.0,25.2629,1001.0,1
264,6,1985-09-21 12:00:00,-54.2,17.7,0.0,27.5595,1000.0,1
264,7,1985-09-21 18:00:00,-55.3,17.7,0.0,29.8561,1000.0,1
264,8,1985-09-22 00:00:00,-56.3,17.8,0.0,29.8561,1000.0,1
264,9,1985-09-22 06:00:00,-57.1,17.8,0.0,32.1527,996.0,1
264,10,1985-09-22 12:00:00,-58.2,17.8,0.0,32.1527,992.0,1
264,11,1985-09-22 18:00:00,-59.0,18.4,0.0,29.8561,990.0,1
264,12,1985-09-23 00:00:00,-60.2,19.0,0.0,29.8561,990.0,1
264,13,1985-09-23 06:00:00,-61.5,19.7,0.0,29.8561,989.0,1
264,14,1985-09-23 12:00:00,-62.9,20.4,0.0,29.8561,987.0,1
264,15,1985-09-23 18:00:00,-64.2,21.0,0.0,34.4494,980.0,1
264,16,1985-09-24 00:00:00,-65.5,21.5,0.0,43.6359,956.0,1
264,17,1985-09-24 06:00:00,-66.8,21.9,0.0,45.9325,952.0,1
264,18,1985-09-24 12:00:00,-67.9,22.5,0.0,45.9325,950.0,1
264,19,1985-09-24 18:00:00,-69.0,23.2,0.0,48.2291,935.0,1
264,20,1985-09-25 00:00:00,-70.0,24.2,0.0,55.119,920.0,1
264,21,1985-09-25 06:00:00,-70.9,25.1,0.0,57.4156,920.0,1
264,22,1985-09-25 12:00:00,-72.0,26.1,0.0,52.8224,926.0,1
264,23,1985-09-25 18:00:00,-73.0,26.9,0.0,43.6359,933.0,1
264,24,1985-09-26 00:00:00,-74.0,27.8,0.0,39.0426,940.0,1
264,25,1985-09-26 06:00:00,-75.0,28.9,0.0,36.746,944.0,1
264,26,1985-09-26 12:00:00,-75.5,30.0,0.0,36.746,946.0,1
264,27,1985-09-26 18:00:00,-76.2,31.4,0.0,39.0426,944.0,1
264,28,1985-09-27 00:00:00,-76.0,33.2,0.0,41.3392,942.0,1
264,29,1985-09-27 06:00:00,-75.5,35.5,0.0,41.3392,942.0,1
264,30,1985-09-27 12:00:00,-74.5,38.4,0.0,39.0426,951.0,1
264,31,1985-09-27 18:00:00,-72.8,41.9,0.0,34.4494,964.0,1
264,32,1985-09-28 00:00:00,-70.0,45.5,0.0,22.9662,986.0,1
264,33,1985-09-28 06:00:00,-67.8,48.1,0.0,22.9662,987.0,1
264,34,1985-09-28 12:00:00,-64.5,49.5,0.0,22.9662,987.0,1
264,35,1985-09-28 18:00:00,-61.2,50.8,0.0,22.9662,987.0,1
264,36,1985-09-29 00:00:00,-57.5,51.5,0.0,22.9662,990.0,1
264,37,1985-09-29 06:00:00,-53.8,52.1,0.0,22.9662,990.0,1
264,38,1985-09-29 12:00:00,-50.0,52.4,0.0,22.9662,990.0,1
264,39,1985-09-29 18:00:00,-47.5,52.5,0.0,22.9662,990.0,1
264,40,1985-09-30 00:00:00,-45.0,52.5,0.0,22.9662,990.0,1
264,41,1985-09-30 06:00:00,-42.5,52.5,0.0,22.9662,990.0,1
264,42,1985-09-30 12:00:00,-40.0,52.5,0.0,22.9662,990.0,1
264,43,1985-09-30 18:00:00,-37.9,52.9,0.0,22.9662,990.0,1
264,44,1985-10-01 00:00:00,-35.9,53.3,0.0,22.9662,990.0,1
264,45,1985-10-01 06:00:00,-34.0,53.8,0.0,22.9662,990.0,1
264,46,1985-10-01 12:00:00,-32.0,54.5,0.0,22.9662,990.0,1
264,47,1985-10-01 18:00:00,-30.0,55.5,0.0,22.9662,990.0,1
264,48,1985-10-02 00:00:00,-29.0,56.6,0.0,22.9662,960.0,1
265,1,1985-09-23 12:00:00,-74.1,36.0,0.0,22.9662,996.0,1
265,2,1985-09-23 18:00:00,-74.0,36.7,0.0,20.6696,1000.0,1
265,3,1985-09-24 00:00:00,-74.0,37.4,0.0,18.373,1004.0,1
266,1,1985-10-07 12:00:00,-71.2,19.8,0.0,18.373,1006.0,1
266,2,1985-10-07 18:00:00,-71.5,21.1,0.0,18.373,1005.0,1
266,3,1985-10-08 00:00:00,-71.2,22.4,0.0,20.6696,1005.0,1
266,4,1985-10-08 06:00:00,-71.1,24.1,0.0,22.9662,1005.0,1
266,5,1985-10-08 12:00:00,-71.5,25.2,0.0,25.2629,1003.0,1
266,6,1985-10-08 18:00:00,-72.0,26.3,0.0,27.5595,1002.0,1
266,7,1985-10-09 00:00:00,-72.8,27.3,0.0,27.5595,997.0,1
266,8,1985-10-09 06:00:00,-73.9,27.9,0.0,27.5595,1001.0,1
266,9,1985-10-09 12:00:00,-75.2,28.1,0.0,27.5595,1003.0,1
266,10,1985-10-09 18:00:00,-76.6,28.2,0.0,27.5595,1004.0,1
266,11,1985-10-10 00:00:00,-77.8,29.0,0.0,25.2629,1005.0,1
266,12,1985-10-10 06:00:00,-79.2,29.1,0.0,20.6696,1004.0,1
266,13,1985-10-10 12:00:00,-80.3,29.6,0.0,18.373,1006.0,1
267,1,1985-10-26 18:00:00,-92.8,24.4,0.0,18.373,996.0,1
267,2,1985-10-27 00:00:00,-92.0,24.6,0.0,20.6696,993.0,1
267,3,1985-10-27 06:00:00,-92.2,25.3,0.0,22.9662,990.0,1
267,4,1985-10-27 12:00:00,-91.5,25.7,0.0,25.2629,986.0,1
267,5,1985-10-27 18:00:00,-91.1,26.4,0.0,27.5595,984.0,1
267,6,1985-10-28 00:00:00,-91.2,27.8,0.0,29.8561,982.0,1
267,7,1985-10-28 06:00:00,-91.5,28.6,0.0,32.1527,975.0,1
267,8,1985-10-28 12:00:00,-92.0,29.4,0.0,34.4494,972.0,1
267,9,1985-10-28 18:00:00,-93.0,29.3,0.0,34.4494,971.0,1
267,10,1985-10-29 00:00:00,-92.5,28.9,0.0,34.4494,973.0,1
267,11,1985-10-29 06:00:00,-91.9,29.0,0.0,32.1527,975.0,1
267,12,1985-10-29 12:00:00,-91.3,29.6,0.0,29.8561,974.0,1
267,13,1985-10-29 18:00:00,-91.9,30.3,0.0,27.5595,978.0,1
267,14,1985-10-30 00:00:00,-92.3,30.1,0.0,27.5595,980.0,1
267,15,1985-10-30 06:00:00,-92.2,29.8,0.0,25.2629,982.0,1
267,16,1985-10-30 12:00:00,-92.1,29.6,0.0,25.2629,982.0,1
267,17,1985-10-30 18:00:00,-91.8,29.3,0.0,25.2629,982.0,1
267,18,1985-10-31 00:00:00,-91.3,29.1,0.0,25.2629,982.0,1
267,19,1985-10-31 06:00:00,-90.3,28.9,0.0,25.2629,980.0,1
267,20,1985-10-31 12:00:00,-89.1,29.3,0.0,27.5595,978.0,1
267,21,1985-10-31 18:00:00,-87.7,30.3,0.0,25.2629,982.0,1
267,22,1985-11-01 00:00:00,-87.0,31.8,0.0,18.373,984.0,1
268,1,1985-11-16 00:00:00,-63.9,21.6,0.0,20.6696,998.0,1
268,2,1985-11-16 06:00:00,-64.2,21.7,0.0,22.9662,996.0,1
268,3,1985-11-16 12:00:00,-64.8,21.5,0.0,25.2629,993.0,1
268,4,1985-11-16 18:00:00,-65.3,21.1,0.0,32.1527,987.0,1
268,5,1985-11-17 00:00:00,-66.0,20.7,0.0,34.4494,981.0,1
268,6,1985-11-17 06:00:00,-66.4,20.4,0.0,34.4494,984.0,1
268,7,1985-11-17 12:00:00,-67.3,20.7,0.0,34.4494,982.0,1
268,8,1985-11-17 18:00:00,-68.8,21.1,0.0,36.746,977.0,1
268,9,1985-11-18 00:00:00,-70.0,21.4,0.0,36.746,976.0,1
268,10,1985-11-18 06:00:00,-71.8,21.6,0.0,36.746,975.0,1
268,11,1985-11-18 12:00:00,-73.3,21.6,0.0,36.746,975.0,1
268,12,1985-11-18 18:00:00,-75.1,21.9,0.0,39.0426,972.0,1
268,13,1985-11-19 00:00:00,-76.8,22.1,0.0,43.6359,967.0,1
268,14,1985-11-19 06:00:00,-78.4,22.1,0.0,43.6359,968.0,1
268,15,1985-11-19 12:00:00,-80.2,22.7,0.0,41.3392,971.0,1
268,16,1985-11-19 18:00:00,-81.9,23.2,0.0,36.746,976.0,1
268,17,1985-11-20 00:00:00,-83.5,23.9,0.0,39.0426,972.0,1
268,18,1985-11-20 06:00:00,-84.5,24.6,0.0,43.6359,968.0,1
268,19,1985-11-20 12:00:00,-85.3,25.2,0.0,48.2291,956.0,1
268,20,1985-11-20 18:00:00,-86.0,26.0,0.0,48.2291,955.0,1
268,21,1985-11-21 00:00:00,-86.5,26.8,0.0,48.2291,954.0,1
268,22,1985-11-21 06:00:00,-86.6,27.5,0.0,45.9325,961.0,1
268,23,1985-11-21 12:00:00,-86.5,28.3,0.0,43.6359,965.0,1
268,24,1985-11-21 18:00:00,-86.1,29.2,0.0,39.0426,967.0,1
268,25,1985-11-22 00:00:00,-85.1,30.2,0.0,36.746,975.0,1
268,26,1985-11-22 06:00:00,-83.5,31.5,0.0,29.8561,983.0,1
268,27,1985-11-22 12:00:00,-81.5,32.5,0.0,22.9662,990.0,1
268,28,1985-11-22 18:00:00,-79.2,33.7,0.0,20.6696,996.0,1
268,29,1985-11-23 00:00:00,-76.2,34.7,0.0,18.373,1003.0,1
269,1,1986-06-06 06:00:00,-77.8,30.2,0.0,18.373,1003.0,1
269,2,1986-06-06 12:00:00,-78.0,30.7,0.0,20.6696,1005.0,1
269,3,1986-06-06 18:00:00,-77.9,31.4,0.0,20.6696,1004.0,1
269,4,1986-06-07 00:00:00,-77.8,31.9,0.0,20.6696,1003.0,1
269,5,1986-06-07 06:00:00,-76.9,32.8,0.0,20.6696,1001.0,1
269,6,1986-06-07 12:00:00,-76.0,33.6,0.0,20.6696,999.0,1
269,7,1986-06-07 18:00:00,-75.0,34.3,0.0,20.6696,1000.0,1
269,8,1986-06-08 00:00:00,-73.9,35.2,0.0,20.6696,1002.0,1
269,9,1986-06-08 06:00:00,-72.7,36.3,0.0,20.6696,1002.0,1
269,10,1986-06-08 12:00:00,-71.0,37.9,0.0,18.373,1002.0,1
270,1,1986-06-24 18:00:00,-89.5,26.6,0.0,18.373,1006.0,1
270,2,1986-06-25 00:00:00,-90.3,26.7,0.0,20.6696,1001.0,1
270,3,1986-06-25 06:00:00,-91.0,26.8,0.0,22.9662,1002.0,1
270,4,1986-06-25 12:00:00,-91.7,27.2,0.0,25.2629,997.0,1
270,5,1986-06-25 18:00:00,-92.2,27.7,0.0,29.8561,1001.0,1
270,6,1986-06-26 00:00:00,-92.9,28.2,0.0,32.1527,999.0,1
270,7,1986-06-26 06:00:00,-93.7,29.0,0.0,34.4494,995.0,1
270,8,1986-06-26 12:00:00,-94.3,29.9,0.0,29.8561,992.0,1
271,1,1986-08-16 00:00:00,-78.1,32.3,0.0,18.373,1004.0,1
271,2,1986-08-16 06:00:00,-77.9,32.4,0.0,18.373,1002.0,1
271,3,1986-08-16 12:00:00,-77.6,32.6,0.0,20.6696,999.0,1
271,4,1986-08-16 18:00:00,-77.4,32.9,0.0,22.9662,997.0,1
271,5,1986-08-17 00:00:00,-77.1,33.2,0.0,25.2629,995.0,1
271,6,1986-08-17 06:00:00,-76.9,33.7,0.0,27.5595,993.0,1
271,7,1986-08-17 12:00:00,-76.6,34.4,0.0,29.8561,991.0,1
271,8,1986-08-17 18:00:00,-76.2,35.4,0.0,29.8561,988.0,1
271,9,1986-08-18 00:00:00,-75.8,36.5,0.0,32.1527,987.0,1
271,10,1986-08-18 06:00:00,-75.2,37.4,0.0,29.8561,990.0,1
271,11,1986-08-18 12:00:00,-74.1,38.2,0.0,27.5595,992.0,1
271,12,1986-08-18 18:00:00,-72.6,39.0,0.0,27.5595,994.0,1
271,13,1986-08-19 00:00:00,-70.9,39.7,0.0,25.2629,997.0,1
271,14,1986-08-19 06:00:00,-69.1,40.4,0.0,22.9662,999.0,1
271,15,1986-08-19 12:00:00,-67.5,40.9,0.0,20.6696,1000.0,1
271,16,1986-08-19 18:00:00,-65.8,41.3,0.0,20.6696,1002.0,1
271,17,1986-08-20 00:00:00,-64.0,41.5,0.0,18.373,1003.0,1
271,18,1986-08-20 06:00:00,-62.5,41.6,0.0,18.373,1004.0,1
271,19,1986-08-20 12:00:00,-60.2,41.7,0.0,18.373,1005.0,1
271,20,1986-08-20 18:00:00,-58.4,41.7,0.0,18.373,1005.0,1
271,21,1986-08-21 00:00:00,-56.6,41.6,0.0,18.373,1000.0,1
271,22,1986-08-21 06:00:00,-54.8,41.5,0.0,18.373,997.0,1
271,23,1986-08-21 12:00:00,-53.2,41.4,0.0,18.373,992.0,1
271,24,1986-08-21 18:00:00,-51.2,41.3,0.0,20.6696,991.0,1
271,25,1986-08-22 00:00:00,-49.4,41.3,0.0,20.6696,990.0,1
271,26,1986-08-22 06:00:00,-47.6,41.3,0.0,20.6696,989.0,1
271,27,1986-08-22 12:00:00,-46.2,41.4,0.0,20.6696,989.0,1
271,28,1986-08-22 18:00:00,-44.8,41.5,0.0,20.6696,989.0,1
271,29,1986-08-23 00:00:00,-43.2,41.8,0.0,20.6696,988.0,1
271,30,1986-08-23 06:00:00,-41.6,42.3,0.0,20.6696,989.0,1
271,31,1986-08-23 12:00:00,-39.6,43.0,0.0,20.6696,989.0,1
271,32,1986-08-23 18:00:00,-37.2,43.9,0.0,20.6696,989.0,1
271,33,1986-08-24 00:00:00,-34.4,44.9,0.0,20.6696,990.0,1
271,34,1986-08-24 06:00:00,-31.6,46.0,0.0,18.373,992.0,1
271,35,1986-08-24 12:00:00,-28.8,47.0,0.0,18.373,995.0,1
271,36,1986-08-24 18:00:00,-26.0,48.2,0.0,18.373,997.0,1
271,37,1986-08-25 00:00:00,-21.6,49.2,0.0,18.373,999.0,1
271,38,1986-08-25 06:00:00,-16.4,50.0,0.0,18.373,1000.0,1
271,39,1986-08-25 12:00:00,-11.4,50.7,0.0,18.373,994.0,1
271,40,1986-08-25 18:00:00,-7.2,51.4,0.0,22.9662,988.0,1
271,41,1986-08-26 00:00:00,-4.4,52.2,0.0,20.6696,981.0,1
271,42,1986-08-26 06:00:00,-2.0,52.9,0.0,20.6696,980.0,1
271,43,1986-08-26 12:00:00,0.0,53.6,0.0,20.6696,982.0,1
271,44,1986-08-26 18:00:00,2.0,54.3,0.0,20.6696,986.0,1
271,45,1986-08-27 00:00:00,3.7,55.0,0.0,20.6696,984.0,1
271,46,1986-08-27 06:00:00,5.0,55.5,0.0,20.6696,983.0,1
272,1,1986-09-08 00:00:00,-57.5,11.8,0.0,20.6696,1000.0,1
272,2,1986-09-08 06:00:00,-59.4,12.2,0.0,22.9662,1000.0,1
272,3,1986-09-08 12:00:00,-61.2,12.5,0.0,22.9662,1002.0,1
272,4,1986-09-08 18:00:00,-63.0,13.0,0.0,22.9662,1002.0,1
272,5,1986-09-09 00:00:00,-64.8,13.4,0.0,20.6696,1004.0,1
272,6,1986-09-09 06:00:00,-66.5,13.8,0.0,18.373,1006.0,1
273,1,1986-09-11 06:00:00,-52.3,23.2,0.0,20.6696,1006.0,1
273,2,1986-09-11 12:00:00,-52.9,24.1,0.0,25.2629,1002.0,1
273,3,1986-09-11 18:00:00,-53.4,25.0,0.0,32.1527,999.0,1
273,4,1986-09-12 00:00:00,-53.8,25.6,0.0,34.4494,996.0,1
273,5,1986-09-12 06:00:00,-54.3,26.3,0.0,36.746,993.0,1
273,6,1986-09-12 12:00:00,-54.8,26.8,0.0,39.0426,988.0,1
273,7,1986-09-12 18:00:00,-55.4,27.2,0.0,41.3392,985.0,1
273,8,1986-09-13 00:00:00,-55.5,28.1,0.0,41.3392,983.0,1
273,9,1986-09-13 06:00:00,-55.3,28.8,0.0,41.3392,983.0,1
273,10,1986-09-13 12:00:00,-54.9,29.5,0.0,41.3392,983.0,1
273,11,1986-09-13 18:00:00,-54.7,30.1,0.0,41.3392,983.0,1
273,12,1986-09-14 00:00:00,-53.8,30.4,0.0,41.3392,982.0,1
273,13,1986-09-14 06:00:00,-53.1,30.5,0.0,41.3392,980.0,1
273,14,1986-09-14 12:00:00,-52.4,30.6,0.0,41.3392,979.0,1
273,15,1986-09-14 18:00:00,-51.7,30.6,0.0,41.3392,979.0,1
273,16,1986-09-15 00:00:00,-51.1,30.4,0.0,41.3392,980.0,1
273,17,1986-09-15 06:00:00,-50.6,30.0,0.0,41.3392,980.0,1
273,18,1986-09-15 12:00:00,-50.1,29.6,0.0,41.3392,981.0,1
273,19,1986-09-15 18:00:00,-49.6,29.2,0.0,39.0426,982.0,1
273,20,1986-09-16 00:00:00,-49.0,29.0,0.0,36.746,983.0,1
273,21,1986-09-16 06:00:00,-48.5,28.7,0.0,36.746,983.0,1
273,22,1986-09-16 12:00:00,-48.9,29.1,0.0,34.4494,984.0,1
273,23,1986-09-16 18:00:00,-49.3,29.5,0.0,34.4494,984.0,1
273,24,1986-09-17 00:00:00,-49.9,29.9,0.0,34.4494,985.0,1
273,25,1986-09-17 06:00:00,-50.3,30.6,0.0,32.1527,985.0,1
273,26,1986-09-17 12:00:00,-50.9,31.4,0.0,32.1527,986.0,1
273,27,1986-09-17 18:00:00,-50.7,32.6,0.0,32.1527,986.0,1
273,28,1986-09-18 00:00:00,-50.4,34.0,0.0,32.1527,987.0,1
273,29,1986-09-18 06:00:00,-49.6,36.0,0.0,29.8561,988.0,1
273,30,1986-09-18 12:00:00,-48.4,38.3,0.0,29.8561,989.0,1
273,31,1986-09-18 18:00:00,-47.5,41.0,0.0,29.8561,990.0,1
273,32,1986-09-19 00:00:00,-46.3,43.5,0.0,27.5595,992.0,1
273,33,1986-09-19 06:00:00,-44.8,46.2,0.0,27.5595,993.0,1
273,34,1986-09-19 12:00:00,-42.0,49.0,0.0,25.2629,995.0,1
273,35,1986-09-19 18:00:00,-39.5,52.0,0.0,25.2629,996.0,1
273,36,1986-09-20 00:00:00,-34.0,56.0,0.0,25.2629,997.0,1
274,1,1986-11-19 12:00:00,-62.8,24.4,0.0,18.373,1006.0,1
274,2,1986-11-19 18:00:00,-62.7,24.8,0.0,22.9662,1004.0,1
274,3,1986-11-20 00:00:00,-62.1,25.8,0.0,25.2629,1002.0,1
274,4,1986-11-20 06:00:00,-61.0,27.0,0.0,29.8561,1001.0,1
274,5,1986-11-20 12:00:00,-59.6,27.8,0.0,34.4494,1000.0,1
274,6,1986-11-20 18:00:00,-58.7,28.5,0.0,34.4494,1000.0,1
274,7,1986-11-21 00:00:00,-58.2,29.1,0.0,32.1527,1001.0,1
274,8,1986-11-21 06:00:00,-58.0,29.7,0.0,29.8561,1002.0,1
274,9,1986-11-21 12:00:00,-57.9,30.4,0.0,25.2629,1003.0,1
274,10,1986-11-21 18:00:00,-57.9,31.1,0.0,20.6696,1005.0,1
275,1,1987-08-12 00:00:00,-73.2,30.7,0.0,18.373,1002.0,1
275,2,1987-08-12 06:00:00,-72.3,31.4,0.0,18.373,1001.0,1
275,3,1987-08-12 12:00:00,-71.0,32.0,0.0,20.6696,1000.0,1
275,4,1987-08-12 18:00:00,-69.7,32.4,0.0,20.6696,999.0,1
275,5,1987-08-13 00:00:00,-68.3,32.6,0.0,25.2629,997.0,1
275,6,1987-08-13 06:00:00,-67.0,32.9,0.0,25.2629,997.0,1
275,7,1987-08-13 12:00:00,-65.5,33.0,0.0,25.2629,998.0,1
275,8,1987-08-13 18:00:00,-64.5,33.0,0.0,25.2629,999.0,1
275,9,1987-08-14 00:00:00,-63.6,33.0,0.0,22.9662,1002.0,1
275,10,1987-08-14 06:00:00,-62.8,32.9,0.0,20.6696,1003.0,1
275,11,1987-08-14 12:00:00,-62.3,32.8,0.0,22.9662,996.0,1
275,12,1987-08-14 18:00:00,-61.8,32.6,0.0,25.2629,994.0,1
275,13,1987-08-15 00:00:00,-61.3,32.4,0.0,25.2629,994.0,1
275,14,1987-08-15 06:00:00,-60.8,32.2,0.0,25.2629,995.0,1
275,15,1987-08-15 12:00:00,-60.3,31.7,0.0,22.9662,996.0,1
275,16,1987-08-15 18:00:00,-60.0,31.3,0.0,20.6696,998.0,1
275,17,1987-08-16 00:00:00,-59.6,30.9,0.0,20.6696,999.0,1
275,18,1987-08-16 06:00:00,-59.3,30.5,0.0,20.6696,1000.0,1
275,19,1987-08-16 12:00:00,-59.0,30.2,0.0,20.6696,1000.0,1
275,20,1987-08-16 18:00:00,-58.7,29.9,0.0,20.6696,1000.0,1
275,21,1987-08-17 00:00:00,-58.2,29.8,0.0,20.6696,1000.0,1
275,22,1987-08-17 06:00:00,-57.8,29.8,0.0,20.6696,1001.0,1
275,23,1987-08-17 12:00:00,-57.3,29.9,0.0,18.373,1002.0,1
275,24,1987-08-17 18:00:00,-56.8,30.2,0.0,18.373,1003.0,1
275,25,1987-08-20 06:00:00,-44.5,34.5,0.0,18.373,1002.0,1
275,26,1987-08-20 12:00:00,-43.5,34.0,0.0,18.373,1000.0,1
275,27,1987-08-20 18:00:00,-43.0,33.8,0.0,22.9662,997.0,1
275,28,1987-08-21 00:00:00,-42.7,33.7,0.0,25.2629,995.0,1
275,29,1987-08-21 06:00:00,-42.3,33.6,0.0,25.2629,994.0,1
275,30,1987-08-21 12:00:00,-42.0,33.5,0.0,25.2629,993.0,1
275,31,1987-08-21 18:00:00,-42.5,34.5,0.0,27.5595,991.0,1
275,32,1987-08-22 00:00:00,-43.0,35.5,0.0,27.5595,989.0,1
275,33,1987-08-22 06:00:00,-43.0,36.5,0.0,29.8561,988.0,1
275,34,1987-08-22 12:00:00,-43.0,38.0,0.0,29.8561,987.0,1
275,35,1987-08-22 18:00:00,-42.5,39.5,0.0,29.8561,987.0,1
275,36,1987-08-23 00:00:00,-41.0,41.5,0.0,29.8561,987.0,1
275,37,1987-08-23 06:00:00,-39.0,44.0,0.0,29.8561,987.0,1
275,38,1987-08-23 12:00:00,-36.5,46.5,0.0,29.8561,988.0,1
275,39,1987-08-23 18:00:00,-33.0,48.5,0.0,29.8561,988.0,1
275,40,1987-08-24 00:00:00,-30.0,50.0,0.0,27.5595,989.0,1
275,41,1987-08-24 06:00:00,-27.0,50.5,0.0,27.5595,991.0,1
275,42,1987-08-24 12:00:00,-23.5,50.5,0.0,27.5595,992.0,1
275,43,1987-08-24 18:00:00,-20.0,50.0,0.0,25.2629,995.0,1
275,44,1987-08-25 00:00:00,-18.0,48.0,0.0,22.9662,998.0,1
275,45,1987-08-25 06:00:00,-17.0,46.0,0.0,20.6696,1002.0,1
276,1,1987-08-10 00:00:00,-94.4,28.4,0.0,18.373,1008.0,1
276,2,1987-08-10 06:00:00,-94.5,29.5,0.0,18.373,1009.0,1
276,3,1987-08-10 12:00:00,-94.5,30.5,0.0,18.373,1009.0,1
277,1,1987-08-19 18:00:00,-32.4,15.5,0.0,18.373,1002.0,1
277,2,1987-08-20 00:00:00,-34.0,15.6,0.0,18.373,1002.0,1
277,3,1987-08-20 06:00:00,-35.5,15.7,0.0,20.6696,1000.0,1
277,4,1987-08-20 12:00:00,-37.0,15.8,0.0,20.6696,1000.0,1
277,5,1987-08-20 18:00:00,-38.4,15.9,0.0,20.6696,1000.0,1
277,6,1987-08-21 00:00:00,-39.8,16.0,0.0,18.373,1002.0,1
277,7,1987-08-21 06:00:00,-41.0,16.4,0.0,18.373,1002.0,1
278,1,1987-09-07 18:00:00,-39.3,26.4,0.0,18.373,1003.0,1
278,2,1987-09-08 00:00:00,-39.4,28.2,0.0,20.6696,1000.0,1
278,3,1987-09-08 06:00:00,-39.5,30.0,0.0,20.6696,1000.0,1
278,4,1987-09-08 12:00:00,-39.5,31.1,0.0,20.6696,1000.0,1
278,5,1987-09-08 18:00:00,-39.4,32.2,0.0,18.373,1003.0,1
279,1,1987-09-11 00:00:00,-26.3,11.3,0.0,18.373,1003.0,1
279,2,1987-09-11 06:00:00,-27.0,11.8,0.0,18.373,1002.0,1
279,3,1987-09-11 12:00:00,-27.7,12.3,0.0,20.6696,1001.0,1
279,4,1987-09-11 18:00:00,-28.5,12.8,0.0,20.6696,1000.0,1
279,5,1987-09-12 00:00:00,-29.5,13.2,0.0,20.6696,1000.0,1
279,6,1987-09-12 06:00:00,-30.5,13.5,0.0,18.373,1001.0,1
279,7,1987-09-12 12:00:00,-31.5,13.8,0.0,18.373,1002.0,1
280,1,1987-09-21 00:00:00,-58.0,12.0,0.0,18.373,1004.0,1
280,2,1987-09-21 06:00:00,-59.7,12.4,0.0,18.373,1004.0,1
280,3,1987-09-21 12:00:00,-61.3,13.1,0.0,20.6696,1004.0,1
280,4,1987-09-21 18:00:00,-63.1,13.7,0.0,22.9662,1002.0,1
280,5,1987-09-22 00:00:00,-64.7,14.5,0.0,27.5595,992.0,1
280,6,1987-09-22 06:00:00,-66.3,15.1,0.0,36.746,978.0,1
280,7,1987-09-22 12:00:00,-67.7,15.9,0.0,41.3392,971.0,1
280,8,1987-09-22 18:00:00,-69.1,16.7,0.0,50.5258,958.0,1
280,9,1987-09-23 00:00:00,-70.4,17.8,0.0,48.2291,960.0,1
280,10,1987-09-23 06:00:00,-71.5,19.0,0.0,32.1527,984.0,1
280,11,1987-09-23 12:00:00,-72.3,20.0,0.0,25.2629,1004.0,1
280,12,1987-09-23 18:00:00,-72.8,20.9,0.0,18.373,1003.0,1
280,13,1987-09-24 00:00:00,-73.0,22.0,0.0,18.373,1000.0,1
280,14,1987-09-24 06:00:00,-73.0,23.2,0.0,20.6696,1001.0,1
280,15,1987-09-24 12:00:00,-72.7,24.4,0.0,20.6696,1002.0,1
280,16,1987-09-24 18:00:00,-72.0,26.0,0.0,20.6696,1002.0,1
280,17,1987-09-25 00:00:00,-70.5,28.0,0.0,20.6696,999.0,1
280,18,1987-09-25 06:00:00,-68.0,30.2,0.0,32.1527,985.0,1
280,19,1987-09-25 12:00:00,-64.6,32.4,0.0,36.746,974.0,1
280,20,1987-09-25 18:00:00,-60.0,35.0,0.0,36.746,974.0,1
280,21,1987-09-26 00:00:00,-55.0,38.0,0.0,34.4494,976.0,1
280,22,1987-09-26 06:00:00,-49.0,41.2,0.0,32.1527,979.0,1
280,23,1987-09-26 12:00:00,-42.5,44.8,0.0,29.8561,983.0,1
280,24,1987-09-26 18:00:00,-36.0,49.0,0.0,25.2629,994.0,1
281,1,1987-10-11 00:00:00,-83.9,17.6,0.0,18.373,999.0,1
281,2,1987-10-11 06:00:00,-84.2,18.4,0.0,18.373,998.0,1
281,3,1987-10-11 12:00:00,-84.5,19.4,0.0,20.6696,997.0,1
281,4,1987-10-11 18:00:00,-84.5,20.5,0.0,22.9662,996.0,1
281,5,1987-10-12 00:00:00,-84.3,21.7,0.0,25.2629,995.0,1
281,6,1987-10-12 06:00:00,-84.0,23.0,0.0,27.5595,994.0,1
281,7,1987-10-12 12:00:00,-82.9,24.0,0.0,29.8561,993.0,1
281,8,1987-10-12 18:00:00,-81.5,24.7,0.0,29.8561,993.0,1
281,9,1987-10-13 00:00:00,-79.9,25.3,0.0,27.5595,993.0,1
281,10,1987-10-13 06:00:00,-78.3,26.0,0.0,22.9662,994.0,1
281,11,1987-10-13 12:00:00,-76.9,27.0,0.0,20.6696,996.0,1
281,12,1987-10-13 18:00:00,-75.4,28.1,0.0,18.373,997.0,1
281,13,1987-10-14 00:00:00,-74.0,29.5,0.0,18.373,998.0,1
282,1,1988-08-08 18:00:00,-89.2,29.4,0.0,18.373,1005.0,1
282,2,1988-08-09 00:00:00,-89.1,29.3,0.0,20.6696,1002.0,1
282,3,1988-08-09 06:00:00,-89.5,29.6,0.0,20.6696,1001.0,1
282,4,1988-08-09 12:00:00,-90.4,30.1,0.0,20.6696,1002.0,1
282,5,1988-08-09 18:00:00,-90.9,30.1,0.0,18.373,1005.0,1
283,1,1988-08-28 06:00:00,-80.0,28.2,0.0,18.373,1008.0,1
283,2,1988-08-28 12:00:00,-80.8,30.8,0.0,20.6696,1005.0,1
284,1,1988-09-02 06:00:00,-95.2,20.7,0.0,18.373,1001.0,1
284,2,1988-09-02 12:00:00,-95.9,20.8,0.0,22.9662,998.0,1
284,3,1988-09-02 18:00:00,-96.6,20.8,0.0,29.8561,992.0,1
284,4,1988-09-03 00:00:00,-97.3,20.7,0.0,29.8561,987.0,1
284,5,1988-09-03 06:00:00,-98.1,20.5,0.0,22.9662,995.0,1
285,1,1988-09-04 00:00:00,-49.5,35.9,0.0,18.373,1001.0,1
285,2,1988-09-04 06:00:00,-44.4,36.6,0.0,20.6696,999.0,1
285,3,1988-09-04 12:00:00,-39.5,38.0,0.0,22.9662,997.0,1
285,4,1988-09-04 18:00:00,-35.0,40.2,0.0,22.9662,996.0,1
285,5,1988-09-05 00:00:00,-29.7,43.1,0.0,25.2629,994.0,1
286,1,1988-09-08 00:00:00,-19.1,15.3,0.0,18.373,1005.0,1
286,2,1988-09-08 06:00:00,-19.8,16.4,0.0,18.373,1003.0,1
286,3,1988-09-08 12:00:00,-20.5,17.5,0.0,22.9662,1002.0,1
286,4,1988-09-08 18:00:00,-21.0,18.8,0.0,22.9662,999.0,1
286,5,1988-09-09 00:00:00,-21.6,19.9,0.0,22.9662,994.0,1
286,6,1988-09-09 06:00:00,-22.0,21.4,0.0,22.9662,996.0,1
287,1,1988-09-07 18:00:00,-90.2,22.7,0.0,18.373,996.0,1
287,2,1988-09-08 00:00:00,-89.6,22.6,0.0,20.6696,993.0,1
287,3,1988-09-08 06:00:00,-89.8,22.7,0.0,20.6696,990.0,1
287,4,1988-09-08 12:00:00,-89.7,23.1,0.0,20.6696,990.0,1
287,5,1988-09-08 18:00:00,-89.5,23.4,0.0,20.6696,992.0,1
287,6,1988-09-09 00:00:00,-89.2,24.2,0.0,22.9662,992.0,1
287,7,1988-09-09 06:00:00,-89.2,25.0,0.0,22.9662,991.0,1
287,8,1988-09-09 12:00:00,-89.2,26.1,0.0,25.2629,998.0,1
287,9,1988-09-09 18:00:00,-89.2,27.4,0.0,29.8561,985.0,1
287,10,1988-09-10 00:00:00,-89.3,28.7,0.0,32.1527,983.0,1
287,11,1988-09-10 06:00:00,-89.7,29.7,0.0,27.5595,988.0,1
288,1,1988-09-10 00:00:00,-61.5,14.8,0.0,18.373,1002.0,1
288,2,1988-09-10 06:00:00,-62.8,15.0,0.0,20.6696,998.0,1
288,3,1988-09-10 12:00:00,-64.1,15.3,0.0,22.9662,995.0,1
288,4,1988-09-10 18:00:00,-65.4,15.7,0.0,25.2629,992.0,1
288,5,1988-09-11 00:00:00,-66.8,15.9,0.0,29.8561,989.0,1
288,6,1988-09-11 06:00:00,-68.0,16.2,0.0,36.746,982.0,1
288,7,1988-09-11 12:00:00,-69.5,16.1,0.0,43.6359,975.0,1
288,8,1988-09-11 18:00:00,-70.7,16.2,0.0,45.9325,970.0,1
288,9,1988-09-12 00:00:00,-72.0,16.8,0.0,48.2291,964.0,1
288,10,1988-09-12 06:00:00,-73.7,17.3,0.0,50.5258,962.0,1
288,11,1988-09-12 12:00:00,-75.3,17.6,0.0,50.5258,960.0,1
288,12,1988-09-12 18:00:00,-76.9,17.9,0.0,50.5258,960.0,1
288,13,1988-09-13 00:00:00,-78.5,18.2,0.0,50.5258,960.0,1
288,14,1988-09-13 06:00:00,-79.7,18.5,0.0,52.8224,952.0,1
288,15,1988-09-13 12:00:00,-81.1,18.8,0.0,57.4156,934.0,1
288,16,1988-09-13 18:00:00,-82.5,19.4,0.0,64.3055,905.0,1
288,17,1988-09-14 00:00:00,-83.8,19.7,0.0,73.492,888.0,1
288,18,1988-09-14 06:00:00,-85.3,19.9,0.0,71.1954,889.0,1
288,19,1988-09-14 12:00:00,-86.5,20.4,0.0,66.6021,892.0,1
288,20,1988-09-14 18:00:00,-87.8,20.9,0.0,59.7122,925.0,1
288,21,1988-09-15 00:00:00,-89.5,21.3,0.0,45.9325,944.0,1
288,22,1988-09-15 06:00:00,-90.7,21.6,0.0,41.3392,949.0,1
288,23,1988-09-15 12:00:00,-91.7,21.9,0.0,39.0426,950.0,1
288,24,1988-09-15 18:00:00,-92.8,22.1,0.0,41.3392,950.0,1
288,25,1988-09-16 00:00:00,-93.8,22.5,0.0,45.9325,949.0,1
288,26,1988-09-16 06:00:00,-94.8,22.9,0.0,50.5258,946.0,1
288,27,1988-09-16 12:00:00,-95.9,23.7,0.0,52.8224,948.0,1
288,28,1988-09-16 18:00:00,-97.0,23.9,0.0,52.8224,950.0,1
288,29,1988-09-17 00:00:00,-98.2,24.4,0.0,36.746,964.0,1
288,30,1988-09-17 06:00:00,-99.3,24.8,0.0,22.9662,988.0,1
289,1,1988-09-20 12:00:00,-34.8,13.0,0.0,18.373,1004.0,1
289,2,1988-09-20 18:00:00,-35.7,12.4,0.0,20.6696,1002.0,1
289,3,1988-09-21 00:00:00,-36.7,12.2,0.0,22.9662,998.0,1
289,4,1988-09-21 06:00:00,-37.7,12.0,0.0,27.5595,993.0,1
289,5,1988-09-21 12:00:00,-38.8,12.1,0.0,32.1527,998.0,1
289,6,1988-09-21 18:00:00,-39.9,12.4,0.0,34.4494,983.0,1
289,7,1988-09-22 00:00:00,-40.6,12.7,0.0,36.746,978.0,1
289,8,1988-09-22 06:00:00,-41.5,13.0,0.0,41.3392,972.0,1
289,9,1988-09-22 12:00:00,-42.3,13.2,0.0,43.6359,965.0,1
289,10,1988-09-22 18:00:00,-43.1,13.5,0.0,45.9325,959.0,1
289,11,1988-09-23 00:00:00,-44.0,13.9,0.0,50.5258,953.0,1
289,12,1988-09-23 06:00:00,-44.9,14.1,0.0,52.8224,945.0,1
289,13,1988-09-23 12:00:00,-45.5,14.7,0.0,55.119,939.0,1
289,14,1988-09-23 18:00:00,-46.1,15.3,0.0,57.4156,938.0,1
289,15,1988-09-24 00:00:00,-46.9,15.9,0.0,55.119,940.0,1
289,16,1988-09-24 06:00:00,-47.5,16.6,0.0,55.119,944.0,1
289,17,1988-09-24 12:00:00,-48.0,17.4,0.0,52.8224,948.0,1
289,18,1988-09-24 18:00:00,-48.5,18.1,0.0,50.5258,954.0,1
289,19,1988-09-25 00:00:00,-48.9,18.7,0.0,45.9325,959.0,1
289,20,1988-09-25 06:00:00,-49.0,19.4,0.0,45.9325,963.0,1
289,21,1988-09-25 12:00:00,-49.1,20.0,0.0,43.6359,966.0,1
289,22,1988-09-25 18:00:00,-49.3,20.9,0.0,41.3392,968.0,1
289,23,1988-09-26 00:00:00,-49.5,22.2,0.0,39.0426,971.0,1
289,24,1988-09-26 06:00:00,-49.7,23.4,0.0,39.0426,973.0,1
289,25,1988-09-26 12:00:00,-49.9,24.5,0.0,36.746,975.0,1
289,26,1988-09-26 18:00:00,-50.3,25.8,0.0,36.746,976.0,1
289,27,1988-09-27 00:00:00,-51.1,27.1,0.0,34.4494,977.0,1
289,28,1988-09-27 06:00:00,-51.9,28.2,0.0,34.4494,979.0,1
289,29,1988-09-27 12:00:00,-52.0,29.8,0.0,34.4494,979.0,1
289,30,1988-09-27 18:00:00,-51.9,30.9,0.0,34.4494,979.0,1
289,31,1988-09-28 00:00:00,-51.5,31.9,0.0,34.4494,979.0,1
289,32,1988-09-28 06:00:00,-51.0,32.8,0.0,36.746,977.0,1
289,33,1988-09-28 12:00:00,-50.3,33.5,0.0,36.746,975.0,1
289,34,1988-09-28 18:00:00,-49.5,34.7,0.0,39.0426,972.0,1
289,35,1988-09-29 00:00:00,-48.5,36.1,0.0,41.3392,970.0,1
289,36,1988-09-29 06:00:00,-46.5,38.0,0.0,41.3392,970.0,1
289,37,1988-09-29 12:00:00,-44.4,40.2,0.0,39.0426,973.0,1
289,38,1988-09-29 18:00:00,-42.0,42.9,0.0,34.4494,979.0,1
289,39,1988-09-30 00:00:00,-38.8,46.2,0.0,29.8561,985.0,1
289,40,1988-09-30 06:00:00,-34.5,50.2,0.0,29.8561,990.0,1
289,41,1988-09-30 12:00:00,-30.0,55.0,0.0,27.5595,992.0,1
290,1,1988-10-01 00:00:00,-57.7,11.8,0.0,18.373,1005.0,1
291,1,1988-10-11 12:00:00,-46.4,10.7,0.0,18.373,1003.0,1
291,2,1988-10-11 18:00:00,-47.9,11.2,0.0,20.6696,1000.0,1
291,3,1988-10-12 00:00:00,-49.0,11.5,0.0,22.9662,999.0,1
291,4,1988-10-12 06:00:00,-50.1,11.8,0.0,20.6696,1000.0,1
291,5,1988-10-12 12:00:00,-51.3,12.1,0.0,20.6696,1003.0,1
291,6,1988-10-12 18:00:00,-52.5,12.3,0.0,18.373,1006.0,1
291,7,1988-10-13 00:00:00,-53.8,12.4,0.0,18.373,1007.0,1
291,8,1988-10-13 06:00:00,-54.9,12.5,0.0,18.373,1007.0,1
291,9,1988-10-13 12:00:00,-56.0,12.6,0.0,18.373,1006.0,1
291,10,1988-10-13 18:00:00,-57.1,12.7,0.0,18.373,1005.0,1
291,11,1988-10-14 00:00:00,-58.3,12.6,0.0,18.373,1003.0,1
291,12,1988-10-14 06:00:00,-59.4,12.4,0.0,18.373,1002.0,1
291,13,1988-10-14 12:00:00,-60.0,12.2,0.0,20.6696,1001.0,1
291,14,1988-10-14 18:00:00,-60.8,12.0,0.0,20.6696,1001.0,1
291,15,1988-10-15 00:00:00,-61.5,12.1,0.0,20.6696,1003.0,1
291,16,1988-10-15 06:00:00,-62.8,12.1,0.0,20.6696,1004.0,1
291,17,1988-10-15 12:00:00,-63.8,12.0,0.0,20.6696,1004.0,1
291,18,1988-10-15 18:00:00,-64.9,11.9,0.0,20.6696,1003.0,1
291,19,1988-10-16 00:00:00,-66.1,12.0,0.0,20.6696,1002.0,1
291,20,1988-10-16 06:00:00,-67.2,12.0,0.0,22.9662,1001.0,1
291,21,1988-10-16 12:00:00,-68.2,11.9,0.0,22.9662,1000.0,1
291,22,1988-10-16 18:00:00,-69.2,12.0,0.0,22.9662,999.0,1
291,23,1988-10-17 00:00:00,-70.2,12.0,0.0,25.2629,998.0,1
291,24,1988-10-17 06:00:00,-71.2,12.0,0.0,25.2629,997.0,1
291,25,1988-10-17 12:00:00,-72.1,11.9,0.0,27.5595,995.0,1
291,26,1988-10-17 18:00:00,-73.0,11.8,0.0,27.5595,993.0,1
291,27,1988-10-18 00:00:00,-74.0,11.8,0.0,29.8561,990.0,1
291,28,1988-10-18 06:00:00,-75.0,11.7,0.0,32.1527,987.0,1
291,29,1988-10-18 12:00:00,-75.8,11.5,0.0,34.4494,984.0,1
291,30,1988-10-18 18:00:00,-76.5,11.3,0.0,36.746,980.0,1
291,31,1988-10-19 00:00:00,-77.2,11.2,0.0,41.3392,976.0,1
291,32,1988-10-19 06:00:00,-77.8,11.3,0.0,43.6359,970.0,1
291,33,1988-10-19 12:00:00,-78.3,11.4,0.0,48.2291,960.0,1
291,34,1988-10-19 18:00:00,-78.9,11.3,0.0,50.5258,953.0,1
291,35,1988-10-20 00:00:00,-79.3,11.3,0.0,48.2291,956.0,1
291,36,1988-10-20 06:00:00,-79.8,11.1,0.0,39.0426,967.0,1
291,37,1988-10-20 12:00:00,-79.5,11.1,0.0,32.1527,971.0,1
291,38,1988-10-20 18:00:00,-79.9,11.3,0.0,32.1527,973.0,1
291,39,1988-10-21 00:00:00,-80.3,11.5,0.0,34.4494,972.0,1
291,40,1988-10-21 06:00:00,-80.7,11.5,0.0,41.3392,970.0,1
291,41,1988-10-21 12:00:00,-81.2,11.6,0.0,45.9325,964.0,1
291,42,1988-10-21 18:00:00,-81.8,11.8,0.0,50.5258,952.0,1
291,43,1988-10-22 00:00:00,-82.5,11.9,0.0,55.119,937.0,1
291,44,1988-10-22 06:00:00,-83.2,11.9,0.0,57.4156,932.0,1
291,45,1988-10-22 12:00:00,-83.9,11.9,0.0,55.119,936.0,1
291,46,1988-10-22 18:00:00,-85.0,12.0,0.0,32.1527,983.0,1
291,47,1988-10-23 00:00:00,-85.9,12.1,0.0,25.2629,993.0,1
291,48,1988-10-23 06:00:00,-86.8,12.2,0.0,20.6696,1000.0,1
291,49,1988-10-23 12:00:00,-87.8,12.5,0.0,22.9662,994.0,1
291,50,1988-10-23 18:00:00,-88.7,12.8,0.0,25.2629,998.0,1
291,51,1988-10-24 00:00:00,-89.5,13.1,0.0,27.5595,986.0,1
291,52,1988-10-24 06:00:00,-90.2,13.4,0.0,27.5595,987.0,1
291,53,1988-10-24 12:00:00,-90.9,13.6,0.0,25.2629,991.0,1
291,54,1988-10-24 18:00:00,-91.5,13.8,0.0,22.9662,994.0,1
291,55,1988-10-25 00:00:00,-92.1,14.0,0.0,22.9662,997.0,1
291,56,1988-10-25 06:00:00,-92.7,14.1,0.0,20.6696,1000.0,1
291,57,1988-10-25 12:00:00,-93.4,14.0,0.0,18.373,1002.0,1
292,1,1988-11-20 12:00:00,-84.5,17.8,0.0,18.373,1002.0,1
292,2,1988-11-20 18:00:00,-85.4,19.1,0.0,20.6696,997.0,1
292,3,1988-11-21 00:00:00,-86.1,19.8,0.0,27.5595,985.0,1
292,4,1988-11-21 06:00:00,-86.6,20.7,0.0,27.5595,993.0,1
292,5,1988-11-21 12:00:00,-87.0,21.8,0.0,27.5595,993.0,1
292,6,1988-11-21 18:00:00,-87.2,22.4,0.0,27.5595,990.0,1
292,7,1988-11-22 00:00:00,-87.0,23.1,0.0,27.5595,993.0,1
292,8,1988-11-22 06:00:00,-86.8,23.8,0.0,25.2629,995.0,1
292,9,1988-11-22 12:00:00,-86.2,24.4,0.0,25.2629,995.0,1
292,10,1988-11-22 18:00:00,-85.1,25.5,0.0,25.2629,993.0,1
292,11,1988-11-23 00:00:00,-84.2,26.5,0.0,25.2629,994.0,1
292,12,1988-11-23 06:00:00,-82.8,27.3,0.0,25.2629,995.0,1
292,13,1988-11-23 18:00:00,-79.8,28.9,0.0,18.373,998.0,1
292,14,1988-11-24 00:00:00,-77.7,29.7,0.0,22.9662,995.0,1
292,15,1988-11-24 06:00:00,-75.2,31.0,0.0,25.2629,992.0,1
292,16,1988-11-24 12:00:00,-70.5,32.5,0.0,27.5595,990.0,1
292,17,1988-11-24 18:00:00,-66.0,34.0,0.0,25.2629,985.0,1
292,18,1988-11-25 00:00:00,-60.0,36.0,0.0,22.9662,982.0,1
292,19,1988-11-25 06:00:00,-54.0,39.0,0.0,22.9662,976.0,1
292,20,1988-11-25 12:00:00,-49.0,40.0,0.0,22.9662,964.0,1
292,21,1988-11-25 18:00:00,-45.0,44.0,0.0,25.2629,960.0,1
292,22,1988-11-26 00:00:00,-43.0,48.0,0.0,29.8561,950.0,1
292,23,1988-11-26 06:00:00,-42.0,52.0,0.0,29.8561,945.0,1
292,24,1988-11-26 12:00:00,-44.0,52.5,0.0,29.8561,945.0,1
292,25,1988-11-26 18:00:00,-46.0,52.0,0.0,29.8561,950.0,1
293,1,1989-06-26 12:00:00,-95.7,28.6,0.0,18.373,1003.0,1
293,2,1989-06-26 18:00:00,-95.7,29.1,0.0,20.6696,1001.0,1
293,3,1989-06-27 00:00:00,-95.7,29.7,0.0,20.6696,999.0,1
294,1,1989-07-11 06:00:00,-49.2,18.8,0.0,18.373,1011.0,1
294,2,1989-07-11 12:00:00,-50.4,19.8,0.0,18.373,1010.0,1
294,3,1989-07-11 18:00:00,-51.8,20.7,0.0,18.373,1007.0,1
294,4,1989-07-12 00:00:00,-53.1,21.4,0.0,20.6696,1005.0,1
294,5,1989-07-12 06:00:00,-53.9,22.1,0.0,20.6696,1005.0,1
294,6,1989-07-12 12:00:00,-54.4,22.8,0.0,20.6696,1005.0,1
294,7,1989-07-12 18:00:00,-54.9,23.5,0.0,18.373,1008.0,1
294,8,1989-07-13 00:00:00,-55.4,23.8,0.0,18.373,1012.0,1
295,1,1989-08-01 12:00:00,-51.1,16.1,0.0,18.373,1002.0,1
295,2,1989-08-01 18:00:00,-52.9,16.4,0.0,20.6696,1000.0,1
295,3,1989-08-02 00:00:00,-54.6,16.6,0.0,22.9662,998.0,1
295,4,1989-08-02 06:00:00,-56.4,16.9,0.0,27.5595,996.0,1
295,5,1989-08-02 12:00:00,-58.1,17.3,0.0,29.8561,994.0,1
295,6,1989-08-02 18:00:00,-59.5,17.9,0.0,32.1527,992.0,1
295,7,1989-08-03 00:00:00,-60.7,18.5,0.0,32.1527,990.0,1
295,8,1989-08-03 06:00:00,-61.7,18.9,0.0,32.1527,987.0,1
295,9,1989-08-03 12:00:00,-62.7,19.3,0.0,34.4494,985.0,1
295,10,1989-08-03 18:00:00,-63.4,19.7,0.0,34.4494,985.0,1
295,11,1989-08-04 00:00:00,-63.8,20.1,0.0,34.4494,986.0,1
295,12,1989-08-04 06:00:00,-63.9,20.4,0.0,34.4494,986.0,1
295,13,1989-08-04 12:00:00,-63.9,20.9,0.0,34.4494,985.0,1
295,14,1989-08-04 18:00:00,-63.8,21.6,0.0,34.4494,984.0,1
295,15,1989-08-05 00:00:00,-63.8,22.5,0.0,34.4494,983.0,1
295,16,1989-08-05 06:00:00,-63.8,23.5,0.0,34.4494,983.0,1
295,17,1989-08-05 12:00:00,-63.9,24.7,0.0,34.4494,980.0,1
295,18,1989-08-05 18:00:00,-64.0,26.0,0.0,34.4494,980.0,1
295,19,1989-08-06 00:00:00,-64.3,27.6,0.0,34.4494,979.0,1
295,20,1989-08-06 06:00:00,-64.6,29.2,0.0,36.746,978.0,1
295,21,1989-08-06 12:00:00,-65.0,30.8,0.0,36.746,975.0,1
295,22,1989-08-06 18:00:00,-65.1,32.4,0.0,39.0426,971.0,1
295,23,1989-08-07 00:00:00,-64.9,34.0,0.0,41.3392,968.0,1
295,24,1989-08-07 06:00:00,-64.5,35.6,0.0,41.3392,969.0,1
295,25,1989-08-07 12:00:00,-64.0,37.5,0.0,39.0426,979.0,1
295,26,1989-08-07 18:00:00,-63.4,39.4,0.0,36.746,972.0,1
295,27,1989-08-08 00:00:00,-62.1,41.7,0.0,34.4494,975.0,1
295,28,1989-08-08 06:00:00,-59.7,44.1,0.0,29.8561,978.0,1
295,29,1989-08-08 12:00:00,-56.5,46.5,0.0,25.2629,991.0,1
295,30,1989-08-08 18:00:00,-53.2,48.8,0.0,20.6696,995.0,1
295,31,1989-08-09 00:00:00,-48.1,50.8,0.0,18.373,1000.0,1
296,1,1989-07-31 12:00:00,-91.7,26.2,0.0,22.9662,995.0,1
296,2,1989-07-31 18:00:00,-92.2,27.1,0.0,25.2629,993.0,1
296,3,1989-08-01 00:00:00,-92.8,27.9,0.0,29.8561,991.0,1
296,4,1989-08-01 06:00:00,-93.5,28.7,0.0,32.1527,987.0,1
296,5,1989-08-01 12:00:00,-94.3,29.5,0.0,32.1527,984.0,1
296,6,1989-08-01 18:00:00,-95.2,30.2,0.0,22.9662,993.0,1
297,1,1989-08-20 06:00:00,-35.6,19.6,0.0,18.373,1003.0,1
297,2,1989-08-20 12:00:00,-36.9,20.1,0.0,18.373,1002.0,1
297,3,1989-08-20 18:00:00,-38.3,20.6,0.0,18.373,1001.0,1
297,4,1989-08-21 00:00:00,-39.7,21.1,0.0,20.6696,1000.0,1
297,5,1989-08-21 06:00:00,-41.1,22.0,0.0,20.6696,998.0,1
297,6,1989-08-21 12:00:00,-42.1,23.3,0.0,20.6696,997.0,1
297,7,1989-08-21 18:00:00,-42.8,24.7,0.0,22.9662,994.0,1
297,8,1989-08-22 00:00:00,-43.3,26.2,0.0,25.2629,992.0,1
297,9,1989-08-22 06:00:00,-43.8,27.6,0.0,27.5595,989.0,1
297,10,1989-08-22 12:00:00,-44.5,28.8,0.0,29.8561,986.0,1
297,11,1989-08-22 18:00:00,-45.2,29.7,0.0,32.1527,983.0,1
297,12,1989-08-23 00:00:00,-45.9,30.3,0.0,32.1527,981.0,1
297,13,1989-08-23 06:00:00,-46.3,30.9,0.0,34.4494,979.0,1
297,14,1989-08-23 12:00:00,-46.2,31.5,0.0,36.746,977.0,1
297,15,1989-08-23 18:00:00,-46.0,32.0,0.0,36.746,975.0,1
297,16,1989-08-24 00:00:00,-45.6,32.6,0.0,39.0426,973.0,1
297,17,1989-08-24 06:00:00,-45.2,33.3,0.0,39.0426,971.0,1
297,18,1989-08-24 12:00:00,-44.5,34.1,0.0,41.3392,970.0,1
297,19,1989-08-24 18:00:00,-43.6,35.1,0.0,41.3392,969.0,1
297,20,1989-08-25 00:00:00,-42.4,36.3,0.0,41.3392,968.0,1
297,21,1989-08-25 06:00:00,-41.1,37.6,0.0,41.3392,969.0,1
297,22,1989-08-25 12:00:00,-39.7,39.0,0.0,41.3392,971.0,1
297,23,1989-08-25 18:00:00,-38.3,40.6,0.0,39.0426,973.0,1
297,24,1989-08-26 00:00:00,-37.2,42.3,0.0,36.746,976.0,1
297,25,1989-08-26 06:00:00,-36.2,44.4,0.0,34.4494,980.0,1
297,26,1989-08-26 12:00:00,-35.1,47.0,0.0,32.1527,983.0,1
297,27,1989-08-26 18:00:00,-33.5,49.5,0.0,29.8561,986.0,1
297,28,1989-08-27 00:00:00,-31.8,51.9,0.0,27.5595,991.0,1
298,1,1989-08-27 06:00:00,-23.9,17.8,0.0,18.373,1001.0,1
298,2,1989-08-27 12:00:00,-24.0,18.2,0.0,20.6696,1000.0,1
298,3,1989-08-27 18:00:00,-24.3,18.7,0.0,22.9662,998.0,1
298,4,1989-08-28 00:00:00,-24.6,19.1,0.0,22.9662,996.0,1
298,5,1989-08-28 06:00:00,-24.8,19.7,0.0,25.2629,995.0,1
298,6,1989-08-28 12:00:00,-24.9,20.0,0.0,22.9662,995.0,1
298,7,1989-08-28 18:00:00,-24.9,20.5,0.0,22.9662,995.0,1
298,8,1989-08-29 00:00:00,-25.3,20.8,0.0,20.6696,1000.0,1
298,9,1989-09-04 00:00:00,-45.2,34.0,0.0,18.373,1004.0,1
298,10,1989-09-04 06:00:00,-46.3,34.3,0.0,18.373,1003.0,1
298,11,1989-09-04 12:00:00,-47.5,34.9,0.0,20.6696,1002.0,1
298,12,1989-09-04 18:00:00,-48.1,35.3,0.0,20.6696,1000.0,1
298,13,1989-09-05 00:00:00,-48.8,35.7,0.0,25.2629,995.0,1
298,14,1989-09-05 06:00:00,-48.7,36.0,0.0,29.8561,988.0,1
298,15,1989-09-05 12:00:00,-48.6,36.3,0.0,32.1527,982.0,1
298,16,1989-09-05 18:00:00,-48.3,36.7,0.0,34.4494,979.0,1
298,17,1989-09-06 00:00:00,-48.2,36.9,0.0,34.4494,979.0,1
298,18,1989-09-06 06:00:00,-48.1,37.2,0.0,34.4494,979.0,1
298,19,1989-09-06 12:00:00,-48.0,37.4,0.0,32.1527,982.0,1
298,20,1989-09-06 18:00:00,-47.9,37.6,0.0,32.1527,984.0,1
298,21,1989-09-07 00:00:00,-47.8,38.0,0.0,29.8561,988.0,1
298,22,1989-09-07 06:00:00,-47.7,38.5,0.0,27.5595,990.0,1
298,23,1989-09-07 12:00:00,-47.6,39.3,0.0,25.2629,992.0,1
298,24,1989-09-07 18:00:00,-47.0,40.4,0.0,22.9662,994.0,1
298,25,1989-09-08 00:00:00,-46.7,41.3,0.0,22.9662,995.0,1
298,26,1989-09-08 06:00:00,-45.8,42.4,0.0,20.6696,998.0,1
298,27,1989-09-08 12:00:00,-44.8,43.6,0.0,20.6696,1000.0,1
298,28,1989-09-08 18:00:00,-42.8,45.0,0.0,18.373,1002.0,1
298,29,1989-09-09 06:00:00,-38.0,46.5,0.0,18.373,1002.0,1
298,30,1989-09-09 12:00:00,-35.5,46.5,0.0,18.373,1000.0,1
298,31,1989-09-09 18:00:00,-33.5,45.5,0.0,20.6696,997.0,1
298,32,1989-09-10 00:00:00,-31.5,44.5,0.0,22.9662,995.0,1
298,33,1989-09-10 06:00:00,-30.2,43.5,0.0,22.9662,995.0,1
298,34,1989-09-10 12:00:00,-29.0,42.5,0.0,22.9662,995.0,1
299,1,1989-08-31 12:00:00,-28.3,11.5,0.0,20.6696,1000.0,1
299,2,1989-08-31 18:00:00,-30.0,11.5,0.0,25.2629,994.0,1
299,3,1989-09-01 00:00:00,-31.7,11.5,0.0,29.8561,987.0,1
299,4,1989-09-01 06:00:00,-33.4,11.8,0.0,29.8561,987.0,1
299,5,1989-09-01 12:00:00,-35.1,12.3,0.0,29.8561,987.0,1
299,6,1989-09-01 18:00:00,-36.8,12.8,0.0,29.8561,987.0,1
299,7,1989-09-02 00:00:00,-38.6,13.4,0.0,34.4494,980.0,1
299,8,1989-09-02 06:00:00,-40.3,13.9,0.0,36.746,977.0,1
299,9,1989-09-02 12:00:00,-42.0,14.4,0.0,39.0426,974.0,1
299,10,1989-09-02 18:00:00,-43.8,14.8,0.0,41.3392,970.0,1
299,11,1989-09-03 00:00:00,-45.5,15.2,0.0,43.6359,966.0,1
299,12,1989-09-03 06:00:00,-47.2,15.6,0.0,45.9325,960.0,1
299,13,1989-09-03 12:00:00,-48.8,16.1,0.0,48.2291,948.0,1
299,14,1989-09-03 18:00:00,-50.3,16.5,0.0,48.2291,937.0,1
299,15,1989-09-04 00:00:00,-51.5,17.0,0.0,48.2291,937.0,1
299,16,1989-09-04 06:00:00,-52.7,17.4,0.0,50.5258,940.0,1
299,17,1989-09-04 12:00:00,-53.8,18.0,0.0,52.8224,942.0,1
299,18,1989-09-04 18:00:00,-54.8,18.6,0.0,55.119,942.0,1
299,19,1989-09-05 00:00:00,-55.7,19.3,0.0,57.4156,944.0,1
299,20,1989-09-05 06:00:00,-56.5,19.9,0.0,57.4156,941.0,1
299,21,1989-09-05 12:00:00,-57.2,20.6,0.0,57.4156,941.0,1
299,22,1989-09-05 18:00:00,-57.8,21.4,0.0,57.4156,941.0,1
299,23,1989-09-06 00:00:00,-58.3,22.2,0.0,57.4156,944.0,1
299,24,1989-09-06 06:00:00,-58.8,23.1,0.0,55.119,942.0,1
299,25,1989-09-06 12:00:00,-59.3,24.0,0.0,55.119,944.0,1
299,26,1989-09-06 18:00:00,-59.8,25.1,0.0,55.119,944.0,1
299,27,1989-09-07 00:00:00,-60.0,26.4,0.0,55.119,943.0,1
299,28,1989-09-07 06:00:00,-60.0,27.7,0.0,48.2291,948.0,1
299,29,1989-09-07 12:00:00,-59.9,29.0,0.0,43.6359,950.0,1
299,30,1989-09-07 18:00:00,-59.8,30.5,0.0,43.6359,951.0,1
299,31,1989-09-08 00:00:00,-59.6,32.1,0.0,43.6359,951.0,1
299,32,1989-09-08 06:00:00,-59.6,33.7,0.0,41.3392,955.0,1
299,33,1989-09-08 12:00:00,-59.6,35.1,0.0,39.0426,961.0,1
299,34,1989-09-08 18:00:00,-59.7,36.4,0.0,36.746,970.0,1
299,35,1989-09-09 00:00:00,-59.8,37.2,0.0,34.4494,979.0,1
299,36,1989-09-09 06:00:00,-59.9,38.0,0.0,32.1527,987.0,1
299,37,1989-09-09 12:00:00,-60.0,38.5,0.0,29.8561,988.0,1
299,38,1989-09-09 18:00:00,-60.1,38.9,0.0,29.8561,990.0,1
299,39,1989-09-10 00:00:00,-60.3,39.1,0.0,29.8561,990.0,1
299,40,1989-09-10 06:00:00,-60.4,39.1,0.0,27.5595,994.0,1
299,41,1989-09-10 12:00:00,-60.6,39.1,0.0,27.5595,996.0,1
299,42,1989-09-10 18:00:00,-61.1,39.1,0.0,25.2629,998.0,1
299,43,1989-09-11 00:00:00,-61.6,39.1,0.0,22.9662,1000.0,1
299,44,1989-09-11 06:00:00,-62.0,39.0,0.0,20.6696,1002.0,1
299,45,1989-09-11 12:00:00,-62.0,39.4,0.0,18.373,1003.0,1
300,1,1989-09-12 00:00:00,-31.0,12.5,0.0,18.373,1002.0,1
300,2,1989-09-12 06:00:00,-32.9,12.5,0.0,20.6696,1000.0,1
300,3,1989-09-12 12:00:00,-34.8,12.5,0.0,20.6696,998.0,1
300,4,1989-09-12 18:00:00,-36.7,12.6,0.0,22.9662,996.0,1
300,5,1989-09-13 00:00:00,-38.2,12.6,0.0,25.2629,994.0,1
300,6,1989-09-13 06:00:00,-40.0,12.7,0.0,25.2629,992.0,1
300,7,1989-09-13 12:00:00,-41.8,12.8,0.0,27.5595,990.0,1
300,8,1989-09-13 18:00:00,-43.5,12.8,0.0,29.8561,987.0,1
300,9,1989-09-14 00:00:00,-44.9,12.9,0.0,32.1527,984.0,1
300,10,1989-09-14 06:00:00,-46.3,13.0,0.0,36.746,980.0,1
300,11,1989-09-14 12:00:00,-47.8,13.2,0.0,39.0426,975.0,1
300,12,1989-09-14 18:00:00,-49.1,13.6,0.0,41.3392,970.0,1
300,13,1989-09-15 00:00:00,-50.5,13.8,0.0,45.9325,962.0,1
300,14,1989-09-15 06:00:00,-51.9,14.0,0.0,50.5258,957.0,1
300,15,1989-09-15 12:00:00,-53.3,14.2,0.0,57.4156,940.0,1
300,16,1989-09-15 18:00:00,-54.6,14.6,0.0,64.3055,918.0,1
300,17,1989-09-16 00:00:00,-56.1,14.8,0.0,62.0089,923.0,1
300,18,1989-09-16 06:00:00,-57.3,15.1,0.0,59.7122,927.0,1
300,19,1989-09-16 12:00:00,-58.4,15.4,0.0,55.119,940.0,1
300,20,1989-09-16 18:00:00,-59.4,15.8,0.0,55.119,941.0,1
300,21,1989-09-17 00:00:00,-60.4,16.1,0.0,55.119,941.0,1
300,22,1989-09-17 06:00:00,-61.5,16.4,0.0,55.119,943.0,1
300,23,1989-09-17 12:00:00,-62.5,16.6,0.0,57.4156,949.0,1
300,24,1989-09-17 18:00:00,-63.5,16.9,0.0,57.4156,945.0,1
300,25,1989-09-18 00:00:00,-64.1,17.2,0.0,59.7122,934.0,1
300,26,1989-09-18 06:00:00,-64.8,17.7,0.0,55.119,940.0,1
300,27,1989-09-18 12:00:00,-65.5,18.2,0.0,50.5258,945.0,1
300,28,1989-09-18 18:00:00,-66.4,19.1,0.0,48.2291,958.0,1
300,29,1989-09-19 00:00:00,-66.8,19.7,0.0,45.9325,959.0,1
300,30,1989-09-19 06:00:00,-67.3,20.7,0.0,41.3392,962.0,1
300,31,1989-09-19 12:00:00,-68.0,21.6,0.0,41.3392,964.0,1
300,32,1989-09-19 18:00:00,-68.6,22.6,0.0,41.3392,966.0,1
300,33,1989-09-20 00:00:00,-69.3,23.5,0.0,41.3392,957.0,1
300,34,1989-09-20 06:00:00,-70.1,24.4,0.0,41.3392,957.0,1
300,35,1989-09-20 12:00:00,-71.0,25.2,0.0,43.6359,958.0,1
300,36,1989-09-20 18:00:00,-72.2,26.3,0.0,43.6359,953.0,1
300,37,1989-09-21 00:00:00,-73.4,27.2,0.0,45.9325,950.0,1
300,38,1989-09-21 06:00:00,-74.9,28.0,0.0,45.9325,950.0,1
300,39,1989-09-21 12:00:00,-76.1,29.0,0.0,50.5258,948.0,1
300,40,1989-09-21 18:00:00,-77.5,30.2,0.0,55.119,944.0,1
300,41,1989-09-22 00:00:00,-78.8,31.7,0.0,55.119,935.0,1
300,42,1989-09-22 06:00:00,-80.3,33.5,0.0,39.0426,952.0,1
300,43,1989-09-22 12:00:00,-81.7,35.9,0.0,25.2629,975.0,1
300,44,1989-09-22 18:00:00,-81.8,38.5,0.0,18.373,987.0,1
300,45,1989-09-23 06:00:00,-74.5,46.0,0.0,18.373,990.0,1
300,46,1989-09-23 12:00:00,-69.0,49.0,0.0,18.373,992.0,1
300,47,1989-09-23 18:00:00,-65.0,51.0,0.0,18.373,993.0,1
300,48,1989-09-24 00:00:00,-62.0,52.0,0.0,18.373,994.0,1
300,49,1989-09-24 06:00:00,-60.5,52.5,0.0,18.373,993.0,1
300,50,1989-09-24 12:00:00,-59.5,53.0,0.0,18.373,991.0,1
300,51,1989-09-24 18:00:00,-58.5,53.5,0.0,18.373,989.0,1
300,52,1989-09-25 00:00:00,-57.0,54.0,0.0,18.373,983.0,1
300,53,1989-09-25 06:00:00,-52.0,56.0,0.0,18.373,979.0,1
300,54,1989-09-25 12:00:00,-46.0,58.0,0.0,18.373,974.0,1
301,1,1989-09-18 12:00:00,-55.5,14.0,0.0,18.373,1003.0,1
301,2,1989-09-18 18:00:00,-56.1,15.6,0.0,20.6696,1002.0,1
301,3,1989-09-19 00:00:00,-56.8,17.0,0.0,22.9662,1001.0,1
301,4,1989-09-19 06:00:00,-57.5,18.1,0.0,25.2629,1001.0,1
301,5,1989-09-19 12:00:00,-58.2,19.2,0.0,27.5595,1001.0,1
301,6,1989-09-19 18:00:00,-59.2,20.0,0.0,27.5595,1001.0,1
301,7,1989-09-20 00:00:00,-60.3,20.5,0.0,22.9662,1002.0,1
301,8,1989-09-20 06:00:00,-61.3,20.9,0.0,18.373,1003.0,1
302,1,1989-10-13 06:00:00,-93.2,21.0,0.0,18.373,1001.0,1
302,2,1989-10-13 12:00:00,-93.3,21.7,0.0,20.6696,997.0,1
302,3,1989-10-13 18:00:00,-93.4,22.6,0.0,22.9662,995.0,1
302,4,1989-10-14 00:00:00,-93.5,23.5,0.0,25.2629,991.0,1
302,5,1989-10-14 06:00:00,-93.3,24.2,0.0,25.2629,992.0,1
302,6,1989-10-14 12:00:00,-93.1,24.6,0.0,25.2629,992.0,1
302,7,1989-10-14 18:00:00,-92.8,25.0,0.0,25.2629,994.0,1
302,8,1989-10-15 00:00:00,-93.1,25.8,0.0,25.2629,994.0,1
302,9,1989-10-15 06:00:00,-93.4,26.5,0.0,25.2629,994.0,1
302,10,1989-10-15 12:00:00,-94.0,27.3,0.0,27.5595,991.0,1
302,11,1989-10-15 18:00:00,-94.6,28.1,0.0,29.8561,986.0,1
302,12,1989-10-16 00:00:00,-95.0,29.1,0.0,34.4494,983.0,1
302,13,1989-10-16 00:30:00,-95.0,29.2,0.0,34.4494,983.0,1
303,1,1989-11-30 06:00:00,-83.6,20.8,0.0,20.6696,1003.0,1
303,2,1989-11-30 12:00:00,-83.4,20.8,0.0,22.9662,1001.0,1
303,3,1989-11-30 18:00:00,-83.1,20.5,0.0,22.9662,1000.0,1
303,4,1989-12-01 00:00:00,-83.1,19.9,0.0,20.6696,1001.0,1
303,5,1989-12-01 06:00:00,-83.2,19.3,0.0,18.373,1002.0,1
303,6,1989-12-03 06:00:00,-85.3,17.4,0.0,18.373,1005.0,1
303,7,1989-12-03 12:00:00,-85.0,17.2,0.0,18.373,1004.0,1
303,8,1989-12-03 18:00:00,-84.5,17.0,0.0,18.373,1001.0,1
304,1,1990-07-25 00:00:00,-60.0,11.1,0.0,18.373,1004.0,1
304,2,1990-07-25 06:00:00,-61.3,11.7,0.0,20.6696,1003.0,1
304,3,1990-07-25 12:00:00,-62.5,12.4,0.0,22.9662,1001.0,1
304,4,1990-07-25 18:00:00,-63.7,13.1,0.0,27.5595,995.0,1
304,5,1990-07-26 00:00:00,-65.0,13.7,0.0,27.5595,997.0,1
304,6,1990-07-26 06:00:00,-66.4,14.2,0.0,22.9662,1000.0,1
304,7,1990-07-26 12:00:00,-67.9,14.8,0.0,20.6696,1002.0,1
304,8,1990-07-26 18:00:00,-69.8,15.6,0.0,18.373,1007.0,1
305,1,1990-07-28 06:00:00,-75.4,28.8,0.0,18.373,1003.0,1
305,2,1990-07-28 12:00:00,-74.8,29.1,0.0,20.6696,1000.0,1
305,3,1990-07-28 18:00:00,-74.2,29.6,0.0,25.2629,995.0,1
305,4,1990-07-29 00:00:00,-73.6,30.2,0.0,29.8561,990.0,1
305,5,1990-07-29 06:00:00,-73.0,30.8,0.0,29.8561,988.0,1
305,6,1990-07-29 12:00:00,-72.2,31.3,0.0,29.8561,989.0,1
305,7,1990-07-29 18:00:00,-71.2,31.9,0.0,27.5595,990.0,1
305,8,1990-07-30 00:00:00,-70.2,32.7,0.0,27.5595,989.0,1
305,9,1990-07-30 06:00:00,-69.2,33.7,0.0,27.5595,987.0,1
305,10,1990-07-30 12:00:00,-68.3,34.7,0.0,29.8561,985.0,1
305,11,1990-07-30 18:00:00,-67.5,35.7,0.0,29.8561,979.0,1
305,12,1990-07-31 00:00:00,-67.0,36.6,0.0,32.1527,974.0,1
305,13,1990-07-31 06:00:00,-66.5,37.5,0.0,29.8561,975.0,1
305,14,1990-07-31 12:00:00,-65.9,38.3,0.0,29.8561,976.0,1
305,15,1990-07-31 18:00:00,-65.3,39.0,0.0,29.8561,977.0,1
305,16,1990-08-01 00:00:00,-64.5,39.6,0.0,29.8561,977.0,1
305,17,1990-08-01 06:00:00,-63.7,40.3,0.0,29.8561,977.0,1
305,18,1990-08-01 12:00:00,-62.7,41.1,0.0,29.8561,977.0,1
305,19,1990-08-01 18:00:00,-61.5,42.4,0.0,29.8561,975.0,1
305,20,1990-08-02 00:00:00,-60.5,44.2,0.0,32.1527,973.0,1
305,21,1990-08-02 06:00:00,-60.0,46.0,0.0,27.5595,978.0,1
305,22,1990-08-02 12:00:00,-60.0,48.4,0.0,25.2629,982.0,1
306,1,1990-08-02 06:00:00,-33.5,16.1,0.0,20.6696,1002.0,1
306,2,1990-08-02 12:00:00,-34.7,16.7,0.0,20.6696,1000.0,1
306,3,1990-08-02 18:00:00,-35.9,17.4,0.0,20.6696,1000.0,1
306,4,1990-08-03 00:00:00,-37.1,18.1,0.0,20.6696,1000.0,1
306,5,1990-08-03 06:00:00,-38.4,18.8,0.0,20.6696,1000.0,1
306,6,1990-08-03 12:00:00,-39.7,19.3,0.0,20.6696,1000.0,1
306,7,1990-08-03 18:00:00,-40.8,19.8,0.0,20.6696,1000.0,1
306,8,1990-08-04 00:00:00,-41.9,20.4,0.0,20.6696,1000.0,1
306,9,1990-08-04 06:00:00,-42.8,21.2,0.0,20.6696,1000.0,1
306,10,1990-08-04 12:00:00,-43.5,22.0,0.0,20.6696,1000.0,1
306,11,1990-08-04 18:00:00,-44.0,22.8,0.0,20.6696,1000.0,1
306,12,1990-08-05 00:00:00,-44.5,23.6,0.0,20.6696,1000.0,1
306,13,1990-08-05 06:00:00,-45.1,24.4,0.0,20.6696,1000.0,1
306,14,1990-08-05 12:00:00,-45.7,25.3,0.0,20.6696,1000.0,1
306,15,1990-08-05 18:00:00,-46.3,26.1,0.0,18.373,1002.0,1
306,16,1990-08-06 00:00:00,-46.7,26.6,0.0,18.373,1004.0,1
307,1,1990-08-03 18:00:00,-23.9,39.5,0.0,18.373,1006.0,1
307,2,1990-08-04 00:00:00,-25.3,39.7,0.0,18.373,1005.0,1
307,3,1990-08-09 06:00:00,-29.6,38.5,0.0,18.373,1003.0,1
308,1,1990-08-05 06:00:00,-84.8,17.4,0.0,18.373,1003.0,1
308,2,1990-08-05 12:00:00,-86.3,18.3,0.0,20.6696,1000.0,1
308,3,1990-08-05 18:00:00,-87.6,19.1,0.0,25.2629,994.0,1
308,4,1990-08-06 00:00:00,-88.7,19.7,0.0,20.6696,1000.0,1
308,5,1990-08-06 06:00:00,-90.0,20.2,0.0,20.6696,1000.0,1
308,6,1990-08-06 12:00:00,-91.1,20.5,0.0,20.6696,1000.0,1
308,7,1990-08-06 18:00:00,-92.3,20.6,0.0,22.9662,1000.0,1
308,8,1990-08-07 00:00:00,-93.6,20.6,0.0,27.5595,998.0,1
308,9,1990-08-07 06:00:00,-94.7,20.7,0.0,29.8561,990.0,1
308,10,1990-08-07 12:00:00,-95.8,20.8,0.0,34.4494,986.0,1
308,11,1990-08-07 18:00:00,-96.8,20.9,0.0,39.0426,980.0,1
308,12,1990-08-08 00:00:00,-98.1,20.8,0.0,25.2629,1000.0,1
308,13,1990-08-08 06:00:00,-99.4,20.7,0.0,22.9662,1005.0,1
309,1,1990-08-25 06:00:00,-50.1,13.5,0.0,18.373,1004.0,1
309,2,1990-08-25 12:00:00,-51.2,13.7,0.0,20.6696,1002.0,1
309,3,1990-08-25 18:00:00,-52.3,13.8,0.0,22.9662,1000.0,1
309,4,1990-08-26 00:00:00,-53.3,14.0,0.0,25.2629,997.0,1
309,5,1990-08-26 06:00:00,-54.4,14.2,0.0,27.5595,993.0,1
309,6,1990-08-26 12:00:00,-55.5,14.5,0.0,29.8561,990.0,1
309,7,1990-08-26 18:00:00,-56.4,15.0,0.0,32.1527,984.0,1
309,8,1990-08-27 00:00:00,-57.0,15.3,0.0,34.4494,980.0,1
309,9,1990-08-27 06:00:00,-57.7,15.9,0.0,39.0426,973.0,1
309,10,1990-08-27 12:00:00,-58.0,16.6,0.0,41.3392,967.0,1
309,11,1990-08-27 18:00:00,-58.2,17.3,0.0,43.6359,965.0,1
309,12,1990-08-28 00:00:00,-58.2,18.1,0.0,43.6359,966.0,1
309,13,1990-08-28 06:00:00,-58.1,19.0,0.0,41.3392,969.0,1
309,14,1990-08-28 12:00:00,-58.0,20.0,0.0,39.0426,973.0,1
309,15,1990-08-28 18:00:00,-58.0,21.1,0.0,36.746,978.0,1
309,16,1990-08-29 00:00:00,-57.8,22.2,0.0,34.4494,981.0,1
309,17,1990-08-29 06:00:00,-57.8,22.9,0.0,32.1527,984.0,1
309,18,1990-08-29 12:00:00,-57.8,23.7,0.0,34.4494,982.0,1
309,19,1990-08-29 18:00:00,-57.8,24.4,0.0,34.4494,979.0,1
309,20,1990-08-30 00:00:00,-57.8,25.2,0.0,36.746,975.0,1
309,21,1990-08-30 06:00:00,-57.8,26.0,0.0,39.0426,972.0,1
309,22,1990-08-30 12:00:00,-57.8,27.0,0.0,41.3392,968.0,1
309,23,1990-08-30 18:00:00,-57.8,27.8,0.0,43.6359,963.0,1
309,24,1990-08-31 00:00:00,-57.7,28.9,0.0,45.9325,958.0,1
309,25,1990-08-31 06:00:00,-57.5,30.3,0.0,48.2291,956.0,1
309,26,1990-08-31 12:00:00,-57.2,31.7,0.0,45.9325,959.0,1
309,27,1990-08-31 18:00:00,-56.5,33.0,0.0,45.9325,961.0,1
309,28,1990-09-01 00:00:00,-55.6,34.4,0.0,43.6359,964.0,1
309,29,1990-09-01 06:00:00,-54.5,35.6,0.0,41.3392,967.0,1
309,30,1990-09-01 12:00:00,-53.2,36.8,0.0,39.0426,970.0,1
309,31,1990-09-01 18:00:00,-52.0,38.0,0.0,36.746,974.0,1
309,32,1990-09-02 00:00:00,-50.9,39.4,0.0,34.4494,978.0,1
309,33,1990-09-02 06:00:00,-49.8,40.7,0.0,32.1527,982.0,1
309,34,1990-09-02 12:00:00,-48.6,42.1,0.0,29.8561,985.0,1
309,35,1990-09-02 18:00:00,-48.0,43.8,0.0,27.5595,988.0,1
309,36,1990-09-03 00:00:00,-46.5,46.0,0.0,25.2629,993.0,1
309,37,1990-09-03 06:00:00,-44.5,48.5,0.0,25.2629,997.0,1
310,1,1990-08-26 18:00:00,-40.3,16.5,0.0,18.373,1003.0,1
310,2,1990-08-27 00:00:00,-40.5,17.4,0.0,18.373,1002.0,1
310,3,1990-08-27 06:00:00,-41.0,18.1,0.0,20.6696,1001.0,1
310,4,1990-08-27 12:00:00,-41.7,18.9,0.0,20.6696,999.0,1
310,5,1990-08-27 18:00:00,-42.5,20.0,0.0,22.9662,997.0,1
310,6,1990-08-28 00:00:00,-43.2,21.0,0.0,22.9662,996.0,1
310,7,1990-08-28 06:00:00,-43.6,21.7,0.0,25.2629,994.0,1
310,8,1990-08-28 12:00:00,-44.1,22.3,0.0,25.2629,993.0,1
310,9,1990-08-28 18:00:00,-44.9,22.8,0.0,25.2629,994.0,1
310,10,1990-08-29 00:00:00,-45.7,23.5,0.0,25.2629,994.0,1
310,11,1990-08-29 06:00:00,-46.6,24.4,0.0,22.9662,995.0,1
310,12,1990-08-29 12:00:00,-47.6,25.4,0.0,20.6696,999.0,1
311,1,1990-09-05 18:00:00,-33.8,10.4,0.0,18.373,1005.0,1
311,2,1990-09-06 00:00:00,-34.7,11.3,0.0,20.6696,1004.0,1
311,3,1990-09-06 06:00:00,-35.4,12.4,0.0,22.9662,1003.0,1
311,4,1990-09-06 12:00:00,-36.0,13.5,0.0,25.2629,1000.0,1
311,5,1990-09-06 18:00:00,-36.4,14.7,0.0,27.5595,997.0,1
311,6,1990-09-07 00:00:00,-36.8,15.9,0.0,29.8561,994.0,1
311,7,1990-09-07 06:00:00,-37.3,17.2,0.0,34.4494,983.0,1
311,8,1990-09-07 12:00:00,-37.6,18.5,0.0,39.0426,978.0,1
311,9,1990-09-07 18:00:00,-37.9,19.9,0.0,36.746,979.0,1
311,10,1990-09-08 00:00:00,-38.2,21.1,0.0,34.4494,979.0,1
311,11,1990-09-08 06:00:00,-38.7,22.2,0.0,32.1527,985.0,1
311,12,1990-09-08 12:00:00,-39.3,23.2,0.0,29.8561,994.0,1
311,13,1990-09-08 18:00:00,-40.0,24.3,0.0,27.5595,996.0,1
311,14,1990-09-09 00:00:00,-40.7,25.6,0.0,25.2629,999.0,1
311,15,1990-09-09 06:00:00,-41.7,26.8,0.0,22.9662,1000.0,1
311,16,1990-09-09 12:00:00,-43.0,27.9,0.0,25.2629,995.0,1
311,17,1990-09-09 18:00:00,-44.2,28.6,0.0,29.8561,990.0,1
311,18,1990-09-10 00:00:00,-45.1,29.0,0.0,29.8561,987.0,1
311,19,1990-09-10 06:00:00,-45.6,29.4,0.0,29.8561,987.0,1
311,20,1990-09-10 12:00:00,-46.1,29.8,0.0,29.8561,987.0,1
311,21,1990-09-10 18:00:00,-46.6,30.1,0.0,29.8561,987.0,1
311,22,1990-09-11 00:00:00,-47.0,30.6,0.0,29.8561,987.0,1
311,23,1990-09-11 06:00:00,-47.4,31.2,0.0,34.4494,984.0,1
311,24,1990-09-11 12:00:00,-48.0,31.9,0.0,36.746,980.0,1
311,25,1990-09-11 18:00:00,-48.7,32.6,0.0,36.746,979.0,1
311,26,1990-09-12 00:00:00,-49.5,33.1,0.0,34.4494,979.0,1
311,27,1990-09-12 06:00:00,-50.1,33.4,0.0,34.4494,980.0,1
311,28,1990-09-12 12:00:00,-50.4,33.6,0.0,32.1527,986.0,1
311,29,1990-09-12 18:00:00,-50.6,33.8,0.0,29.8561,987.0,1
311,30,1990-09-13 00:00:00,-50.7,34.1,0.0,29.8561,987.0,1
311,31,1990-09-13 06:00:00,-50.8,34.4,0.0,29.8561,987.0,1
311,32,1990-09-13 12:00:00,-50.8,34.9,0.0,29.8561,987.0,1
311,33,1990-09-13 18:00:00,-50.6,35.4,0.0,29.8561,987.0,1
311,34,1990-09-14 00:00:00,-50.1,35.8,0.0,29.8561,987.0,1
311,35,1990-09-14 06:00:00,-49.4,36.2,0.0,29.8561,987.0,1
311,36,1990-09-14 12:00:00,-48.7,36.6,0.0,29.8561,987.0,1
311,37,1990-09-14 18:00:00,-47.9,37.1,0.0,29.8561,987.0,1
311,38,1990-09-15 00:00:00,-47.4,37.8,0.0,29.8561,987.0,1
311,39,1990-09-15 06:00:00,-47.2,38.7,0.0,29.8561,987.0,1
311,40,1990-09-15 12:00:00,-47.5,39.6,0.0,29.8561,987.0,1
311,41,1990-09-15 18:00:00,-48.0,40.3,0.0,29.8561,987.0,1
311,42,1990-09-16 00:00:00,-48.5,40.5,0.0,29.8561,987.0,1
311,43,1990-09-16 06:00:00,-47.9,41.8,0.0,27.5595,990.0,1
311,44,1990-09-16 12:00:00,-47.0,43.5,0.0,25.2629,995.0,1
311,45,1990-09-16 18:00:00,-45.5,45.0,0.0,20.6696,997.0,1
311,46,1990-09-17 00:00:00,-43.5,46.5,0.0,20.6696,1000.0,1
312,1,1990-09-25 00:00:00,-34.6,19.5,0.0,18.373,1003.0,1
312,2,1990-09-25 06:00:00,-34.8,19.7,0.0,18.373,1002.0,1
312,3,1990-09-25 12:00:00,-35.2,19.9,0.0,18.373,1003.0,1
312,4,1990-10-02 12:00:00,-39.2,29.8,0.0,18.373,1003.0,1
312,5,1990-10-03 18:00:00,-41.4,28.3,0.0,18.373,1003.0,1
312,6,1990-10-04 00:00:00,-42.1,28.2,0.0,20.6696,1000.0,1
312,7,1990-10-04 06:00:00,-42.5,28.5,0.0,22.9662,997.0,1
312,8,1990-10-04 12:00:00,-42.6,29.0,0.0,25.2629,994.0,1
312,9,1990-10-04 18:00:00,-42.3,29.5,0.0,27.5595,990.0,1
312,10,1990-10-05 00:00:00,-41.5,30.0,0.0,29.8561,987.0,1
312,11,1990-10-05 06:00:00,-40.5,30.7,0.0,29.8561,986.0,1
312,12,1990-10-05 12:00:00,-39.3,32.1,0.0,32.1527,984.0,1
312,13,1990-10-05 18:00:00,-38.4,34.1,0.0,34.4494,980.0,1
312,14,1990-10-06 00:00:00,-38.5,36.5,0.0,32.1527,984.0,1
312,15,1990-10-06 06:00:00,-40.0,38.9,0.0,32.1527,985.0,1
312,16,1990-10-06 12:00:00,-42.9,41.0,0.0,27.5595,990.0,1
313,1,1990-10-04 00:00:00,-59.8,16.4,0.0,20.6696,1005.0,1
313,2,1990-10-04 06:00:00,-60.1,16.5,0.0,22.9662,997.0,1
313,3,1990-10-04 12:00:00,-60.4,16.6,0.0,22.9662,997.0,1
313,4,1990-10-04 18:00:00,-60.7,16.8,0.0,25.2629,997.0,1
313,5,1990-10-05 00:00:00,-60.9,16.9,0.0,25.2629,996.0,1
313,6,1990-10-05 06:00:00,-61.1,17.0,0.0,27.5595,993.0,1
313,7,1990-10-05 12:00:00,-61.2,17.2,0.0,32.1527,985.0,1
313,8,1990-10-05 18:00:00,-61.4,17.4,0.0,32.1527,991.0,1
313,9,1990-10-06 00:00:00,-61.6,17.7,0.0,29.8561,992.0,1
313,10,1990-10-06 06:00:00,-61.8,18.1,0.0,27.5595,994.0,1
313,11,1990-10-06 12:00:00,-62.1,18.3,0.0,27.5595,995.0,1
313,12,1990-10-06 18:00:00,-62.3,18.6,0.0,25.2629,996.0,1
313,13,1990-10-07 00:00:00,-62.7,18.7,0.0,25.2629,998.0,1
313,14,1990-10-07 06:00:00,-63.1,18.8,0.0,25.2629,1000.0,1
313,15,1990-10-07 12:00:00,-63.8,18.9,0.0,22.9662,1001.0,1
313,16,1990-10-07 18:00:00,-64.9,19.2,0.0,18.373,1004.0,1
313,17,1990-10-08 12:00:00,-68.9,21.1,0.0,18.373,1005.0,1
313,18,1990-10-08 18:00:00,-70.1,21.9,0.0,20.6696,1004.0,1
313,19,1990-10-09 00:00:00,-71.2,22.6,0.0,20.6696,1004.0,1
313,20,1990-10-09 06:00:00,-72.3,23.4,0.0,20.6696,1006.0,1
314,1,1990-10-06 06:00:00,-44.0,36.0,0.0,20.6696,1000.0,1
314,2,1990-10-06 12:00:00,-44.1,35.7,0.0,22.9662,999.0,1
314,3,1990-10-06 18:00:00,-44.2,35.3,0.0,22.9662,998.0,1
314,4,1990-10-07 00:00:00,-44.4,35.0,0.0,22.9662,998.0,1
314,5,1990-10-07 06:00:00,-44.5,34.7,0.0,20.6696,999.0,1
314,6,1990-10-07 12:00:00,-44.6,34.4,0.0,20.6696,1000.0,1
314,7,1990-10-07 18:00:00,-44.8,34.1,0.0,20.6696,1000.0,1
314,8,1990-10-08 00:00:00,-45.0,33.8,0.0,20.6696,1000.0,1
314,9,1990-10-08 06:00:00,-45.3,33.5,0.0,22.9662,998.0,1
314,10,1990-10-08 12:00:00,-46.0,32.8,0.0,22.9662,996.0,1
314,11,1990-10-08 18:00:00,-46.8,32.2,0.0,25.2629,994.0,1
314,12,1990-10-09 00:00:00,-47.6,31.6,0.0,27.5595,992.0,1
314,13,1990-10-09 06:00:00,-48.3,31.3,0.0,27.5595,995.0,1
314,14,1990-10-09 12:00:00,-48.8,31.1,0.0,22.9662,997.0,1
314,15,1990-10-09 18:00:00,-49.2,31.0,0.0,22.9662,998.0,1
314,16,1990-10-10 00:00:00,-49.5,31.0,0.0,22.9662,998.0,1
314,17,1990-10-10 06:00:00,-50.1,30.9,0.0,22.9662,996.0,1
314,18,1990-10-10 12:00:00,-51.3,31.0,0.0,25.2629,992.0,1
314,19,1990-10-10 18:00:00,-53.4,31.3,0.0,27.5595,989.0,1
314,20,1990-10-11 00:00:00,-55.9,31.2,0.0,29.8561,987.0,1
314,21,1990-10-11 06:00:00,-58.7,31.0,0.0,29.8561,987.0,1
314,22,1990-10-11 12:00:00,-61.3,30.7,0.0,29.8561,988.0,1
314,23,1990-10-11 18:00:00,-64.1,30.3,0.0,29.8561,990.0,1
314,24,1990-10-12 00:00:00,-66.4,29.9,0.0,29.8561,995.0,1
314,25,1990-10-12 06:00:00,-68.5,29.8,0.0,29.8561,995.0,1
314,26,1990-10-12 12:00:00,-70.3,30.2,0.0,29.8561,994.0,1
314,27,1990-10-12 18:00:00,-71.4,30.9,0.0,29.8561,993.0,1
314,28,1990-10-13 00:00:00,-72.1,32.1,0.0,29.8561,992.0,1
314,29,1990-10-13 06:00:00,-72.5,33.2,0.0,29.8561,992.0,1
314,30,1990-10-13 12:00:00,-72.4,34.3,0.0,27.5595,995.0,1
314,31,1990-10-13 18:00:00,-72.0,35.5,0.0,22.9662,997.0,1
314,32,1990-10-14 00:00:00,-71.3,36.6,0.0,22.9662,996.0,1
314,33,1990-10-14 06:00:00,-69.7,38.0,0.0,22.9662,995.0,1
314,34,1990-10-14 12:00:00,-67.5,40.0,0.0,22.9662,995.0,1
314,35,1990-10-14 18:00:00,-65.0,42.4,0.0,20.6696,995.0,1
314,36,1990-10-15 00:00:00,-61.0,44.9,0.0,18.373,995.0,1
314,37,1990-10-15 06:00:00,-56.4,46.6,0.0,18.373,994.0,1
314,38,1990-10-15 12:00:00,-51.0,47.5,0.0,18.373,994.0,1
315,1,1990-10-10 12:00:00,-82.4,24.6,0.0,18.373,998.0,1
315,2,1990-10-10 18:00:00,-82.5,25.2,0.0,20.6696,994.0,1
315,3,1990-10-11 00:00:00,-82.6,26.0,0.0,22.9662,993.0,1
315,4,1990-10-11 06:00:00,-82.6,26.7,0.0,25.2629,989.0,1
315,5,1990-10-11 12:00:00,-82.8,27.5,0.0,22.9662,994.0,1
315,6,1990-10-11 18:00:00,-83.0,28.3,0.0,18.373,998.0,1
316,1,1990-10-17 00:00:00,-62.5,22.1,0.0,18.373,1004.0,1
316,2,1990-10-17 06:00:00,-62.8,22.1,0.0,20.6696,1003.0,1
316,3,1990-10-17 12:00:00,-63.2,22.4,0.0,25.2629,1000.0,1
316,4,1990-10-17 18:00:00,-63.5,22.8,0.0,29.8561,995.0,1
316,5,1990-10-18 00:00:00,-63.6,23.4,0.0,32.1527,990.0,1
316,6,1990-10-18 06:00:00,-63.8,24.1,0.0,34.4494,990.0,1
316,7,1990-10-18 12:00:00,-64.2,25.0,0.0,34.4494,994.0,1
316,8,1990-10-18 18:00:00,-64.9,26.1,0.0,32.1527,994.0,1
316,9,1990-10-19 00:00:00,-65.7,27.1,0.0,29.8561,993.0,1
316,10,1990-10-19 06:00:00,-66.3,27.9,0.0,32.1527,992.0,1
316,11,1990-10-19 12:00:00,-66.9,28.5,0.0,34.4494,989.0,1
316,12,1990-10-19 18:00:00,-66.5,28.9,0.0,32.1527,991.0,1
316,13,1990-10-20 00:00:00,-66.2,29.2,0.0,27.5595,998.0,1
316,14,1990-10-20 06:00:00,-65.8,29.5,0.0,22.9662,1000.0,1
316,15,1990-10-20 12:00:00,-65.5,29.6,0.0,18.373,1003.0,1
317,1,1991-07-04 00:00:00,-70.7,36.2,0.0,18.373,1003.0,1
317,2,1991-07-04 06:00:00,-67.8,37.1,0.0,20.6696,1002.0,1
317,3,1991-07-04 12:00:00,-64.7,37.6,0.0,20.6696,1001.0,1
317,4,1991-07-04 18:00:00,-61.1,37.9,0.0,20.6696,1000.0,1
317,5,1991-07-05 00:00:00,-57.5,38.0,0.0,20.6696,1001.0,1
317,6,1991-07-05 06:00:00,-54.2,37.5,0.0,18.373,1003.0,1
318,1,1991-08-17 00:00:00,-76.2,27.1,0.0,18.373,1003.0,1
318,2,1991-08-17 06:00:00,-76.5,27.8,0.0,20.6696,998.0,1
318,3,1991-08-17 12:00:00,-76.9,28.4,0.0,25.2629,996.0,1
318,4,1991-08-17 18:00:00,-77.1,29.0,0.0,29.8561,986.0,1
318,5,1991-08-18 00:00:00,-77.0,29.7,0.0,32.1527,980.0,1
318,6,1991-08-18 06:00:00,-76.9,30.5,0.0,34.4494,979.0,1
318,7,1991-08-18 12:00:00,-76.6,31.5,0.0,36.746,974.0,1
318,8,1991-08-18 18:00:00,-76.1,33.0,0.0,39.0426,965.0,1
318,9,1991-08-19 00:00:00,-75.3,34.6,0.0,43.6359,957.0,1
318,10,1991-08-19 06:00:00,-74.5,36.5,0.0,45.9325,950.0,1
318,11,1991-08-19 12:00:00,-73.0,38.9,0.0,43.6359,953.0,1
318,12,1991-08-19 18:00:00,-71.4,41.4,0.0,39.0426,964.0,1
318,13,1991-08-20 00:00:00,-69.6,43.8,0.0,27.5595,977.0,1
318,14,1991-08-20 06:00:00,-67.6,45.6,0.0,22.9662,987.0,1
318,15,1991-08-20 12:00:00,-65.5,47.0,0.0,20.6696,998.0,1
318,16,1991-08-20 18:00:00,-61.9,48.4,0.0,18.373,1003.0,1
318,17,1991-08-21 00:00:00,-58.3,49.8,0.0,18.373,1008.0,1
318,18,1991-08-21 06:00:00,-54.9,50.9,0.0,18.373,1008.0,1
318,19,1991-08-22 12:00:00,-34.1,50.7,0.0,18.373,994.0,1
318,20,1991-08-22 18:00:00,-30.3,49.3,0.0,18.373,992.0,1
318,21,1991-08-23 00:00:00,-26.9,47.7,0.0,18.373,992.0,1
318,22,1991-08-23 06:00:00,-23.9,46.3,0.0,18.373,996.0,1
319,1,1991-09-05 18:00:00,-56.5,26.0,0.0,18.373,1000.0,1
319,2,1991-09-06 00:00:00,-57.1,25.9,0.0,22.9662,994.0,1
319,3,1991-09-06 06:00:00,-57.9,26.0,0.0,27.5595,987.0,1
319,4,1991-09-06 12:00:00,-58.8,26.2,0.0,34.4494,979.0,1
319,5,1991-09-06 18:00:00,-59.7,26.4,0.0,43.6359,965.0,1
319,6,1991-09-07 00:00:00,-60.3,26.6,0.0,48.2291,953.0,1
319,7,1991-09-07 06:00:00,-61.0,26.8,0.0,50.5258,946.0,1
319,8,1991-09-07 12:00:00,-61.7,27.2,0.0,52.8224,946.0,1
319,9,1991-09-07 18:00:00,-62.4,27.7,0.0,45.9325,960.0,1
319,10,1991-09-08 00:00:00,-62.8,28.4,0.0,41.3392,962.0,1
319,11,1991-09-08 06:00:00,-63.1,29.2,0.0,39.0426,964.0,1
319,12,1991-09-08 12:00:00,-63.3,30.0,0.0,39.0426,966.0,1
319,13,1991-09-08 18:00:00,-63.2,31.0,0.0,36.746,967.0,1
319,14,1991-09-09 00:00:00,-62.5,31.9,0.0,36.746,972.0,1
319,15,1991-09-09 06:00:00,-61.4,32.9,0.0,34.4494,976.0,1
319,16,1991-09-09 12:00:00,-60.5,33.8,0.0,34.4494,980.0,1
319,17,1991-09-09 18:00:00,-59.0,34.2,0.0,34.4494,984.0,1
319,18,1991-09-10 00:00:00,-57.4,34.3,0.0,32.1527,988.0,1
319,19,1991-09-10 06:00:00,-56.0,33.9,0.0,27.5595,991.0,1
319,20,1991-09-10 12:00:00,-54.0,33.5,0.0,25.2629,995.0,1
319,21,1991-09-10 18:00:00,-51.8,33.4,0.0,20.6696,998.0,1
319,22,1991-09-11 00:00:00,-48.8,33.6,0.0,18.373,1001.0,1
319,23,1991-09-11 06:00:00,-46.1,33.9,0.0,18.373,1004.0,1
320,1,1991-09-08 18:00:00,-36.5,10.8,0.0,18.373,1004.0,1
320,2,1991-09-09 00:00:00,-37.9,11.3,0.0,18.373,1002.0,1
320,3,1991-09-09 06:00:00,-39.6,11.8,0.0,20.6696,1000.0,1
320,4,1991-09-09 12:00:00,-41.5,12.5,0.0,20.6696,999.0,1
320,5,1991-09-09 18:00:00,-43.4,13.4,0.0,20.6696,999.0,1
320,6,1991-09-10 00:00:00,-45.2,14.2,0.0,20.6696,998.0,1
320,7,1991-09-10 06:00:00,-47.3,14.9,0.0,20.6696,999.0,1
320,8,1991-09-10 12:00:00,-49.7,15.3,0.0,20.6696,999.0,1
320,9,1991-09-10 18:00:00,-52.1,15.7,0.0,18.373,1000.0,1
321,1,1991-09-10 00:00:00,-51.7,31.2,0.0,18.373,1002.0,1
321,2,1991-09-10 06:00:00,-49.3,33.0,0.0,20.6696,1000.0,1
321,3,1991-09-10 12:00:00,-46.1,34.7,0.0,22.9662,998.0,1
321,4,1991-09-10 18:00:00,-42.5,35.8,0.0,22.9662,997.0,1
321,5,1991-09-11 00:00:00,-38.7,36.5,0.0,22.9662,997.0,1
321,6,1991-09-11 06:00:00,-35.0,36.8,0.0,22.9662,998.0,1
321,7,1991-09-11 12:00:00,-31.9,37.0,0.0,20.6696,1000.0,1
321,8,1991-09-11 18:00:00,-29.3,37.1,0.0,18.373,1003.0,1
322,1,1991-10-15 18:00:00,-83.1,21.2,0.0,18.373,1006.0,1
322,2,1991-10-16 00:00:00,-81.8,22.4,0.0,18.373,1004.0,1
322,3,1991-10-16 06:00:00,-80.8,23.9,0.0,18.373,1002.0,1
322,4,1991-10-16 12:00:00,-79.8,25.2,0.0,18.373,1007.0,1
322,5,1991-10-16 18:00:00,-78.5,26.5,0.0,18.373,1009.0,1
322,6,1991-10-17 00:00:00,-75.5,30.0,0.0,18.373,1009.0,1
323,1,1991-10-26 18:00:00,-66.5,27.5,0.0,18.373,997.0,1
323,2,1991-10-27 00:00:00,-67.1,28.1,0.0,20.6696,993.0,1
323,3,1991-10-27 06:00:00,-66.9,28.9,0.0,22.9662,990.0,1
323,4,1991-10-27 12:00:00,-66.4,29.8,0.0,25.2629,988.0,1
323,5,1991-10-27 18:00:00,-67.2,30.8,0.0,27.5595,987.0,1
323,6,1991-10-28 00:00:00,-68.1,31.6,0.0,29.8561,985.0,1
323,7,1991-10-28 06:00:00,-68.5,32.2,0.0,29.8561,983.0,1
323,8,1991-10-28 12:00:00,-68.5,32.3,0.0,29.8561,983.0,1
323,9,1991-10-28 18:00:00,-67.8,32.4,0.0,29.8561,982.0,1
323,10,1991-10-29 00:00:00,-66.8,31.8,0.0,32.1527,980.0,1
323,11,1991-10-29 06:00:00,-65.3,31.6,0.0,34.4494,981.0,1
323,12,1991-10-29 12:00:00,-63.2,31.5,0.0,39.0426,982.0,1
323,13,1991-10-29 18:00:00,-59.0,32.5,0.0,34.4494,0.0,1
324,1,1991-10-29 00:00:00,-57.5,43.0,0.0,18.373,999.0,1
324,2,1991-10-29 06:00:00,-55.5,42.5,0.0,20.6696,992.0,1
324,3,1991-10-29 12:00:00,-56.0,41.0,0.0,22.9662,990.0,1
324,4,1991-10-29 18:00:00,-57.5,39.5,0.0,22.9662,986.0,1
324,5,1991-10-30 00:00:00,-59.5,39.0,0.0,25.2629,981.0,1
324,6,1991-10-30 06:00:00,-61.5,39.0,0.0,27.5595,977.0,1
324,7,1991-10-30 12:00:00,-63.5,39.0,0.0,27.5595,972.0,1
324,8,1991-10-30 18:00:00,-65.8,39.6,0.0,27.5595,978.0,1
324,9,1991-10-31 00:00:00,-68.5,40.0,0.0,25.2629,982.0,1
324,10,1991-10-31 06:00:00,-71.0,39.0,0.0,25.2629,988.0,1
324,11,1991-10-31 12:00:00,-71.5,37.7,0.0,22.9662,992.0,1
324,12,1991-10-31 18:00:00,-71.5,36.7,0.0,18.373,996.0,1
324,13,1991-11-01 00:00:00,-70.0,36.0,0.0,22.9662,995.0,1
324,14,1991-11-01 06:00:00,-68.5,36.2,0.0,25.2629,993.0,1
324,15,1991-11-01 12:00:00,-67.0,37.0,0.0,27.5595,988.0,1
324,16,1991-11-01 18:00:00,-66.5,38.2,0.0,29.8561,980.0,1
324,17,1991-11-02 00:00:00,-65.7,39.5,0.0,29.8561,981.0,1
324,18,1991-11-02 06:00:00,-64.7,41.6,0.0,27.5595,988.0,1
324,19,1991-11-02 12:00:00,-63.6,44.0,0.0,22.9662,996.0,1
325,1,1992-04-22 06:00:00,-61.5,24.9,0.0,20.6696,1002.0,1
325,2,1992-04-22 12:00:00,-62.0,25.2,0.0,20.6696,1002.0,1
325,3,1992-04-22 18:00:00,-62.4,25.5,0.0,20.6696,1003.0,1
325,4,1992-04-23 00:00:00,-63.1,25.6,0.0,20.6696,1004.0,1
325,5,1992-04-23 06:00:00,-63.5,25.6,0.0,18.373,1005.0,1
326,1,1992-08-18 00:00:00,-46.2,13.6,0.0,18.373,1002.0,1
326,2,1992-08-18 06:00:00,-48.0,14.1,0.0,20.6696,1001.0,1
326,3,1992-08-18 12:00:00,-49.9,14.6,0.0,20.6696,1000.0,1
326,4,1992-08-18 18:00:00,-51.8,15.4,0.0,20.6696,1000.0,1
326,5,1992-08-19 00:00:00,-53.5,16.3,0.0,20.6696,1001.0,1
326,6,1992-08-19 06:00:00,-55.3,17.2,0.0,20.6696,1002.0,1
326,7,1992-08-19 12:00:00,-56.9,18.0,0.0,20.6696,1005.0,1
326,8,1992-08-19 18:00:00,-58.3,18.8,0.0,20.6696,1007.0,1
326,9,1992-08-20 00:00:00,-59.3,19.8,0.0,18.373,1011.0,1
326,10,1992-08-20 06:00:00,-60.0,20.7,0.0,18.373,1013.0,1
326,11,1992-08-20 12:00:00,-60.7,21.7,0.0,18.373,1015.0,1
326,12,1992-08-20 18:00:00,-61.5,22.5,0.0,18.373,1014.0,1
326,13,1992-08-21 00:00:00,-62.4,23.2,0.0,20.6696,1014.0,1
326,14,1992-08-21 06:00:00,-63.3,23.9,0.0,20.6696,1010.0,1
326,15,1992-08-21 12:00:00,-64.2,24.4,0.0,22.9662,1007.0,1
326,16,1992-08-21 18:00:00,-64.9,24.8,0.0,22.9662,1004.0,1
326,17,1992-08-22 00:00:00,-65.9,25.3,0.0,25.2629,1000.0,1
326,18,1992-08-22 06:00:00,-67.0,25.6,0.0,29.8561,994.0,1
326,19,1992-08-22 12:00:00,-68.3,25.8,0.0,36.746,981.0,1
326,20,1992-08-22 18:00:00,-69.7,25.7,0.0,43.6359,969.0,1
326,21,1992-08-23 00:00:00,-71.1,25.6,0.0,50.5258,961.0,1
326,22,1992-08-23 06:00:00,-72.5,25.5,0.0,59.7122,947.0,1
326,23,1992-08-23 12:00:00,-74.2,25.4,0.0,66.6021,933.0,1
326,24,1992-08-23 18:00:00,-75.8,25.4,0.0,68.8987,922.0,1
326,25,1992-08-24 00:00:00,-77.5,25.4,0.0,57.4156,930.0,1
326,26,1992-08-24 06:00:00,-79.3,25.4,0.0,59.7122,937.0,1
326,27,1992-08-24 12:00:00,-81.2,25.6,0.0,52.8224,951.0,1
326,28,1992-08-24 18:00:00,-83.1,25.8,0.0,52.8224,947.0,1
326,29,1992-08-25 00:00:00,-85.0,26.2,0.0,52.8224,943.0,1
326,30,1992-08-25 06:00:00,-86.7,26.6,0.0,52.8224,948.0,1
326,31,1992-08-25 12:00:00,-88.2,27.2,0.0,55.119,946.0,1
326,32,1992-08-25 18:00:00,-89.6,27.8,0.0,57.4156,941.0,1
326,33,1992-08-26 00:00:00,-90.5,28.5,0.0,57.4156,937.0,1
326,34,1992-08-26 06:00:00,-91.3,29.2,0.0,55.119,955.0,1
326,35,1992-08-26 12:00:00,-91.7,30.1,0.0,36.746,973.0,1
326,36,1992-08-26 18:00:00,-91.6,30.9,0.0,22.9662,991.0,1
327,1,1992-09-18 12:00:00,-57.9,34.0,0.0,20.6696,1000.0,1
327,2,1992-09-18 18:00:00,-58.1,34.3,0.0,29.8561,988.0,1
327,3,1992-09-19 00:00:00,-57.8,34.2,0.0,34.4494,980.0,1
327,4,1992-09-19 06:00:00,-57.4,34.4,0.0,36.746,976.0,1
327,5,1992-09-19 12:00:00,-57.1,34.7,0.0,39.0426,973.0,1
327,6,1992-09-19 18:00:00,-56.8,35.2,0.0,41.3392,970.0,1
327,7,1992-09-20 00:00:00,-56.6,35.6,0.0,41.3392,970.0,1
327,8,1992-09-20 06:00:00,-56.2,36.1,0.0,39.0426,973.0,1
327,9,1992-09-20 12:00:00,-56.0,36.5,0.0,39.0426,974.0,1
327,10,1992-09-20 18:00:00,-55.5,36.8,0.0,39.0426,973.0,1
327,11,1992-09-21 00:00:00,-54.6,37.0,0.0,41.3392,972.0,1
327,12,1992-09-21 06:00:00,-53.8,37.2,0.0,41.3392,970.0,1
327,13,1992-09-21 12:00:00,-53.0,37.3,0.0,41.3392,968.0,1
327,14,1992-09-21 18:00:00,-52.3,37.5,0.0,43.6359,965.0,1
327,15,1992-09-22 00:00:00,-51.5,37.7,0.0,43.6359,966.0,1
327,16,1992-09-22 06:00:00,-51.2,37.7,0.0,43.6359,967.0,1
327,17,1992-09-22 12:00:00,-51.0,37.8,0.0,41.3392,968.0,1
327,18,1992-09-22 18:00:00,-50.9,37.8,0.0,41.3392,969.0,1
327,19,1992-09-23 00:00:00,-50.7,37.7,0.0,41.3392,970.0,1
327,20,1992-09-23 06:00:00,-50.7,37.6,0.0,39.0426,972.0,1
327,21,1992-09-23 12:00:00,-50.8,37.6,0.0,39.0426,974.0,1
327,22,1992-09-23 18:00:00,-51.0,37.5,0.0,36.746,977.0,1
327,23,1992-09-24 00:00:00,-51.1,37.5,0.0,34.4494,979.0,1
327,24,1992-09-24 06:00:00,-51.2,37.5,0.0,32.1527,983.0,1
327,25,1992-09-24 12:00:00,-51.4,37.4,0.0,29.8561,987.0,1
327,26,1992-09-24 18:00:00,-51.5,37.2,0.0,27.5595,995.0,1
327,27,1992-09-25 00:00:00,-51.8,36.8,0.0,25.2629,995.0,1
327,28,1992-09-25 06:00:00,-51.8,36.3,0.0,20.6696,1000.0,1
327,29,1992-09-25 12:00:00,-51.8,35.7,0.0,18.373,1005.0,1
327,30,1992-09-27 06:00:00,-46.9,33.1,0.0,18.373,1003.0,1
327,31,1992-09-27 12:00:00,-45.4,33.0,0.0,18.373,1001.0,1
327,32,1992-09-27 18:00:00,-44.0,33.0,0.0,20.6696,999.0,1
327,33,1992-09-28 00:00:00,-43.0,33.1,0.0,22.9662,996.0,1
327,34,1992-09-28 06:00:00,-42.0,33.4,0.0,25.2629,994.0,1
327,35,1992-09-28 12:00:00,-41.0,33.9,0.0,27.5595,993.0,1
327,36,1992-09-28 18:00:00,-39.8,34.5,0.0,27.5595,992.0,1
327,37,1992-09-29 00:00:00,-38.5,35.0,0.0,27.5595,992.0,1
327,38,1992-09-29 06:00:00,-37.6,35.2,0.0,27.5595,993.0,1
327,39,1992-09-29 12:00:00,-36.6,35.5,0.0,25.2629,994.0,1
327,40,1992-09-29 18:00:00,-34.8,36.1,0.0,25.2629,995.0,1
327,41,1992-09-30 00:00:00,-32.1,36.6,0.0,25.2629,995.0,1
327,42,1992-09-30 06:00:00,-29.4,37.3,0.0,25.2629,995.0,1
327,43,1992-09-30 12:00:00,-26.4,38.4,0.0,22.9662,997.0,1
327,44,1992-09-30 18:00:00,-24.2,39.0,0.0,18.373,1002.0,1
327,45,1992-10-01 00:00:00,-22.8,39.0,0.0,18.373,1004.0,1
328,1,1992-09-22 18:00:00,-34.0,32.5,0.0,20.6696,1000.0,1
328,2,1992-09-23 00:00:00,-34.2,33.4,0.0,25.2629,995.0,1
328,3,1992-09-23 06:00:00,-34.4,34.1,0.0,27.5595,991.0,1
328,4,1992-09-23 12:00:00,-34.5,34.7,0.0,29.8561,987.0,1
328,5,1992-09-23 18:00:00,-34.6,35.2,0.0,34.4494,981.0,1
328,6,1992-09-24 00:00:00,-34.6,35.6,0.0,39.0426,975.0,1
328,7,1992-09-24 06:00:00,-34.5,35.8,0.0,41.3392,970.0,1
328,8,1992-09-24 12:00:00,-34.3,36.0,0.0,41.3392,967.0,1
328,9,1992-09-24 18:00:00,-34.1,36.1,0.0,43.6359,965.0,1
328,10,1992-09-25 00:00:00,-33.8,36.1,0.0,43.6359,967.0,1
328,11,1992-09-25 06:00:00,-33.6,36.0,0.0,41.3392,970.0,1
328,12,1992-09-25 12:00:00,-33.4,35.9,0.0,39.0426,973.0,1
328,13,1992-09-25 18:00:00,-33.2,35.9,0.0,34.4494,976.0,1
328,14,1992-09-26 00:00:00,-32.8,35.9,0.0,32.1527,979.0,1
328,15,1992-09-26 06:00:00,-32.3,36.1,0.0,29.8561,980.0,1
328,16,1992-09-26 12:00:00,-31.5,36.3,0.0,29.8561,980.0,1
328,17,1992-09-26 18:00:00,-30.6,36.6,0.0,29.8561,980.0,1
328,18,1992-09-27 00:00:00,-29.4,37.2,0.0,27.5595,980.0,1
328,19,1992-09-27 06:00:00,-28.0,38.0,0.0,25.2629,980.0,1
328,20,1992-09-27 12:00:00,-26.3,39.0,0.0,25.2629,981.0,1
328,21,1992-09-27 18:00:00,-24.4,40.4,0.0,22.9662,983.0,1
328,22,1992-09-28 00:00:00,-22.3,42.0,0.0,20.6696,985.0,1
328,23,1992-09-28 06:00:00,-20.2,43.5,0.0,18.373,988.0,1
328,24,1992-09-28 12:00:00,-18.3,45.2,0.0,18.373,990.0,1
328,25,1992-09-28 18:00:00,-15.9,47.1,0.0,18.373,985.0,1
328,26,1992-09-29 00:00:00,-13.5,49.5,0.0,20.6696,980.0,1
329,1,1992-09-22 18:00:00,-74.2,32.8,0.0,20.6696,1006.0,1
329,2,1992-09-23 00:00:00,-73.8,33.6,0.0,20.6696,1005.0,1
329,3,1992-09-23 06:00:00,-73.5,34.1,0.0,20.6696,1005.0,1
329,4,1992-09-23 12:00:00,-73.2,34.3,0.0,18.373,1005.0,1
329,5,1992-09-23 18:00:00,-73.1,34.3,0.0,18.373,1006.0,1
329,6,1992-09-24 00:00:00,-73.0,34.0,0.0,18.373,1006.0,1
329,7,1992-09-24 06:00:00,-73.1,33.8,0.0,18.373,1005.0,1
329,8,1992-09-24 12:00:00,-73.3,33.9,0.0,18.373,1005.0,1
329,9,1992-09-24 18:00:00,-73.8,34.1,0.0,18.373,1005.0,1
329,10,1992-09-25 00:00:00,-74.3,34.3,0.0,20.6696,1004.0,1
329,11,1992-09-25 06:00:00,-74.8,34.9,0.0,20.6696,1004.0,1
329,12,1992-09-25 12:00:00,-75.2,35.9,0.0,25.2629,1001.0,1
329,13,1992-09-25 18:00:00,-75.4,37.0,0.0,25.2629,1007.0,1
329,14,1992-09-26 00:00:00,-75.6,38.3,0.0,18.373,1008.0,1
330,1,1992-09-29 18:00:00,-79.1,29.8,0.0,18.373,1003.0,1
330,2,1992-09-30 00:00:00,-78.8,29.9,0.0,18.373,1002.0,1
330,3,1992-09-30 06:00:00,-78.1,30.0,0.0,18.373,1000.0,1
330,4,1992-09-30 12:00:00,-77.1,30.1,0.0,20.6696,999.0,1
330,5,1992-09-30 18:00:00,-75.8,29.9,0.0,22.9662,997.0,1
330,6,1992-10-01 00:00:00,-74.4,29.7,0.0,22.9662,996.0,1
330,7,1992-10-01 06:00:00,-73.0,29.3,0.0,22.9662,997.0,1
330,8,1992-10-01 12:00:00,-71.6,28.9,0.0,22.9662,998.0,1
330,9,1992-10-01 18:00:00,-70.3,28.4,0.0,25.2629,996.0,1
330,10,1992-10-02 00:00:00,-69.0,28.0,0.0,25.2629,990.0,1
330,11,1992-10-02 06:00:00,-68.0,27.6,0.0,22.9662,992.0,1
330,12,1992-10-02 12:00:00,-67.0,27.5,0.0,20.6696,1000.0,1
330,13,1992-10-02 18:00:00,-66.1,27.4,0.0,18.373,1003.0,1
331,1,1992-10-22 18:00:00,-61.2,26.6,0.0,18.373,1004.0,1
331,2,1992-10-23 00:00:00,-61.4,27.1,0.0,22.9662,996.0,1
331,3,1992-10-23 06:00:00,-61.4,27.7,0.0,25.2629,992.0,1
331,4,1992-10-23 12:00:00,-61.3,28.3,0.0,27.5595,990.0,1
331,5,1992-10-23 18:00:00,-61.1,28.7,0.0,29.8561,986.0,1
331,6,1992-10-24 00:00:00,-60.6,29.0,0.0,29.8561,978.0,1
331,7,1992-10-24 06:00:00,-59.9,29.6,0.0,32.1527,977.0,1
331,8,1992-10-24 12:00:00,-58.8,30.6,0.0,34.4494,976.0,1
331,9,1992-10-24 18:00:00,-57.4,32.1,0.0,34.4494,976.0,1
331,10,1992-10-25 00:00:00,-56.2,33.8,0.0,32.1527,978.0,1
331,11,1992-10-25 06:00:00,-54.9,35.7,0.0,29.8561,980.0,1
331,12,1992-10-25 12:00:00,-53.7,37.7,0.0,29.8561,982.0,1
331,13,1992-10-25 18:00:00,-52.7,39.6,0.0,27.5595,983.0,1
331,14,1992-10-26 00:00:00,-51.7,41.4,0.0,27.5595,985.0,1
331,15,1992-10-26 06:00:00,-50.2,43.2,0.0,27.5595,986.0,1
331,16,1992-10-26 12:00:00,-48.6,44.8,0.0,27.5595,987.0,1
331,17,1992-10-26 18:00:00,-46.9,46.0,0.0,25.2629,988.0,1
331,18,1992-10-27 00:00:00,-44.9,47.0,0.0,25.2629,989.0,1
331,19,1992-10-27 06:00:00,-42.7,47.6,0.0,22.9662,992.0,1
331,20,1992-10-27 12:00:00,-40.0,48.0,0.0,20.6696,994.0,1
331,21,1992-10-27 18:00:00,-37.0,48.0,0.0,18.373,998.0,1
331,22,1992-10-28 00:00:00,-34.0,48.0,0.0,18.373,1002.0,1
331,23,1992-10-29 00:00:00,-20.0,45.0,0.0,18.373,999.0,1
332,1,1993-08-05 06:00:00,-45.3,10.3,0.0,18.373,1007.0,1
332,2,1993-08-05 12:00:00,-47.3,10.3,0.0,20.6696,1006.0,1
332,3,1993-08-05 18:00:00,-49.2,10.3,0.0,20.6696,1006.0,1
332,4,1993-08-06 00:00:00,-51.0,10.2,0.0,20.6696,1006.0,1
332,5,1993-08-06 06:00:00,-52.9,10.1,0.0,22.9662,1005.0,1
332,6,1993-08-06 12:00:00,-54.9,10.0,0.0,22.9662,1005.0,1
332,7,1993-08-06 18:00:00,-56.8,10.1,0.0,22.9662,1003.0,1
332,8,1993-08-07 00:00:00,-58.6,10.4,0.0,22.9662,1002.0,1
332,9,1993-08-07 06:00:00,-60.5,10.7,0.0,22.9662,1002.0,1
332,10,1993-08-07 12:00:00,-62.4,10.8,0.0,22.9662,1002.0,1
332,11,1993-08-07 18:00:00,-64.1,10.8,0.0,20.6696,1006.0,1
332,12,1993-08-08 00:00:00,-65.7,10.8,0.0,18.373,1008.0,1
332,13,1993-08-08 06:00:00,-67.6,11.0,0.0,18.373,1007.0,1
332,14,1993-08-08 12:00:00,-69.7,11.0,0.0,18.373,1007.0,1
332,15,1993-08-08 18:00:00,-71.8,11.0,0.0,18.373,1007.0,1
332,16,1993-08-09 00:00:00,-73.8,10.9,0.0,18.373,1006.0,1
332,17,1993-08-10 12:00:00,-82.6,11.1,0.0,18.373,1002.0,1
333,1,1993-08-16 12:00:00,-69.3,17.3,0.0,18.373,1007.0,1
334,1,1993-08-25 18:00:00,-60.4,28.2,0.0,18.373,1015.0,1
334,2,1993-08-26 00:00:00,-60.7,28.3,0.0,20.6696,1013.0,1
334,3,1993-08-26 06:00:00,-61.0,27.9,0.0,25.2629,1010.0,1
334,4,1993-08-26 12:00:00,-61.2,27.4,0.0,27.5595,1007.0,1
334,5,1993-08-26 18:00:00,-61.7,26.9,0.0,29.8561,1004.0,1
334,6,1993-08-27 00:00:00,-62.4,26.6,0.0,27.5595,1000.0,1
334,7,1993-08-27 06:00:00,-63.0,26.4,0.0,27.5595,997.0,1
334,8,1993-08-27 12:00:00,-63.5,26.3,0.0,27.5595,992.0,1
334,9,1993-08-27 18:00:00,-64.4,26.4,0.0,29.8561,982.0,1
334,10,1993-08-28 00:00:00,-65.2,26.6,0.0,34.4494,981.0,1
334,11,1993-08-28 06:00:00,-66.1,27.0,0.0,34.4494,982.0,1
334,12,1993-08-28 12:00:00,-66.9,27.4,0.0,34.4494,981.0,1
334,13,1993-08-28 18:00:00,-67.6,28.0,0.0,34.4494,976.0,1
334,14,1993-08-29 00:00:00,-68.2,28.6,0.0,32.1527,973.0,1
334,15,1993-08-29 06:00:00,-68.8,29.3,0.0,32.1527,978.0,1
334,16,1993-08-29 12:00:00,-69.2,30.0,0.0,32.1527,979.0,1
334,17,1993-08-29 18:00:00,-69.7,30.6,0.0,32.1527,978.0,1
334,18,1993-08-30 00:00:00,-70.2,31.2,0.0,32.1527,977.0,1
334,19,1993-08-30 06:00:00,-70.8,31.5,0.0,32.1527,976.0,1
334,20,1993-08-30 12:00:00,-71.4,31.8,0.0,34.4494,975.0,1
334,21,1993-08-30 18:00:00,-72.2,32.0,0.0,34.4494,974.0,1
334,22,1993-08-31 00:00:00,-73.0,32.4,0.0,36.746,972.0,1
334,23,1993-08-31 06:00:00,-73.8,32.9,0.0,39.0426,970.0,1
334,24,1993-08-31 12:00:00,-74.7,33.6,0.0,43.6359,965.0,1
334,25,1993-08-31 18:00:00,-75.2,34.5,0.0,45.9325,962.0,1
334,26,1993-09-01 00:00:00,-74.9,35.6,0.0,45.9325,960.0,1
334,27,1993-09-01 06:00:00,-74.4,36.6,0.0,45.9325,962.0,1
334,28,1993-09-01 12:00:00,-72.7,37.5,0.0,43.6359,965.0,1
334,29,1993-09-01 18:00:00,-70.7,38.2,0.0,41.3392,969.0,1
334,30,1993-09-02 00:00:00,-68.5,39.0,0.0,41.3392,971.0,1
334,31,1993-09-02 06:00:00,-66.0,39.2,0.0,41.3392,972.0,1
334,32,1993-09-02 12:00:00,-63.6,39.2,0.0,41.3392,973.0,1
334,33,1993-09-02 18:00:00,-61.4,39.0,0.0,39.0426,974.0,1
334,34,1993-09-03 00:00:00,-59.6,38.6,0.0,36.746,975.0,1
334,35,1993-09-03 06:00:00,-58.3,38.1,0.0,34.4494,979.0,1
334,36,1993-09-03 12:00:00,-57.7,37.5,0.0,32.1527,985.0,1
334,37,1993-09-03 18:00:00,-57.5,36.9,0.0,27.5595,994.0,1
334,38,1993-09-04 00:00:00,-57.6,36.4,0.0,22.9662,999.0,1
334,39,1993-09-04 06:00:00,-57.6,36.0,0.0,18.373,1002.0,1
335,1,1993-08-24 18:00:00,-34.9,15.8,0.0,18.373,1002.0,1
335,2,1993-08-25 00:00:00,-35.8,16.4,0.0,20.6696,1000.0,1
335,3,1993-08-25 06:00:00,-36.6,16.9,0.0,20.6696,1000.0,1
335,4,1993-08-25 12:00:00,-37.6,17.4,0.0,20.6696,1000.0,1
335,5,1993-08-25 18:00:00,-38.7,18.0,0.0,20.6696,1000.0,1
335,6,1993-08-26 00:00:00,-39.7,18.7,0.0,20.6696,1000.0,1
335,7,1993-08-26 06:00:00,-40.7,19.4,0.0,20.6696,1000.0,1
335,8,1993-08-26 12:00:00,-41.4,20.0,0.0,20.6696,1000.0,1
335,9,1993-08-26 18:00:00,-42.1,20.6,0.0,18.373,1001.0,1
335,10,1993-08-27 00:00:00,-42.5,21.3,0.0,18.373,1002.0,1
336,1,1993-09-07 18:00:00,-68.2,26.2,0.0,18.373,1010.0,1
336,2,1993-09-08 00:00:00,-68.9,27.8,0.0,20.6696,1009.0,1
336,3,1993-09-08 06:00:00,-69.4,29.4,0.0,20.6696,1011.0,1
336,4,1993-09-08 12:00:00,-69.8,31.0,0.0,18.373,1012.0,1
336,5,1993-09-08 18:00:00,-69.2,33.2,0.0,18.373,1011.0,1
336,6,1993-09-09 00:00:00,-67.8,35.3,0.0,18.373,1009.0,1
336,7,1993-09-09 06:00:00,-65.7,37.5,0.0,18.373,1007.0,1
336,8,1993-09-09 12:00:00,-62.4,39.3,0.0,22.9662,997.0,1
336,9,1993-09-09 18:00:00,-58.3,41.7,0.0,29.8561,990.0,1
336,10,1993-09-10 00:00:00,-53.9,43.8,0.0,29.8561,990.0,1
336,11,1993-09-10 06:00:00,-48.3,45.4,0.0,29.8561,990.0,1
336,12,1993-09-10 12:00:00,-42.5,46.5,0.0,29.8561,990.0,1
336,13,1993-09-10 18:00:00,-37.8,47.3,0.0,29.8561,990.0,1
336,14,1993-09-11 00:00:00,-32.5,47.5,0.0,29.8561,989.0,1
336,15,1993-09-11 06:00:00,-27.0,47.5,0.0,29.8561,988.0,1
336,16,1993-09-11 12:00:00,-22.5,47.5,0.0,29.8561,987.0,1
336,17,1993-09-11 18:00:00,-18.5,47.5,0.0,29.8561,986.0,1
336,18,1993-09-12 00:00:00,-14.5,47.5,0.0,29.8561,983.0,1
336,19,1993-09-12 06:00:00,-10.5,47.5,0.0,29.8561,980.0,1
336,20,1993-09-12 12:00:00,-7.5,48.0,0.0,32.1527,972.0,1
336,21,1993-09-12 18:00:00,-6.0,48.0,0.0,32.1527,966.0,1
336,22,1993-09-13 00:00:00,-5.0,48.0,0.0,32.1527,966.0,1
337,1,1993-09-19 12:00:00,-93.2,20.5,0.0,18.373,993.0,1
337,2,1993-09-19 18:00:00,-93.9,20.7,0.0,20.6696,992.0,1
337,3,1993-09-20 00:00:00,-94.2,20.9,0.0,25.2629,990.0,1
337,4,1993-09-20 06:00:00,-95.0,21.1,0.0,29.8561,982.0,1
337,5,1993-09-20 12:00:00,-95.9,21.2,0.0,36.746,978.0,1
337,6,1993-09-20 18:00:00,-97.0,21.3,0.0,39.0426,970.0,1
337,7,1993-09-21 00:00:00,-98.3,21.1,0.0,29.8561,984.0,1
337,8,1993-09-21 06:00:00,-100.2,20.9,0.0,18.373,1000.0,1
338,1,1993-09-20 12:00:00,-57.4,33.3,0.0,22.9662,998.0,1
338,2,1993-09-20 18:00:00,-55.2,35.6,0.0,29.8561,990.0,1
338,3,1993-09-21 00:00:00,-52.5,37.8,0.0,27.5595,992.0,1
338,4,1993-09-21 06:00:00,-49.4,39.8,0.0,25.2629,994.0,1
338,5,1993-09-21 12:00:00,-46.5,42.5,0.0,22.9662,997.0,1
338,6,1993-09-21 18:00:00,-42.0,46.0,0.0,22.9662,999.0,1
339,1,1994-07-02 12:00:00,-87.5,25.5,0.0,18.373,1003.0,1
339,2,1994-07-02 18:00:00,-86.9,26.5,0.0,20.6696,1000.0,1
339,3,1994-07-03 00:00:00,-86.8,27.7,0.0,20.6696,998.0,1
339,4,1994-07-03 06:00:00,-86.8,28.8,0.0,22.9662,997.0,1
339,5,1994-07-03 12:00:00,-86.7,29.9,0.0,25.2629,993.0,1
339,6,1994-07-03 18:00:00,-86.3,30.7,0.0,20.6696,1000.0,1
340,1,1994-08-15 18:00:00,-85.7,29.9,0.0,20.6696,1004.0,1
340,2,1994-08-16 00:00:00,-85.6,30.0,0.0,22.9662,1000.0,1
340,3,1994-08-16 06:00:00,-85.3,30.4,0.0,22.9662,1003.0,1
341,1,1994-08-17 06:00:00,-42.2,12.1,0.0,18.373,1003.0,1
341,2,1994-08-17 12:00:00,-43.3,12.6,0.0,22.9662,1000.0,1
341,3,1994-08-17 18:00:00,-44.5,13.3,0.0,27.5595,994.0,1
341,4,1994-08-18 00:00:00,-45.6,13.9,0.0,27.5595,988.0,1
341,5,1994-08-18 06:00:00,-46.8,14.5,0.0,29.8561,987.0,1
341,6,1994-08-18 12:00:00,-48.0,15.2,0.0,29.8561,987.0,1
341,7,1994-08-18 18:00:00,-49.3,16.0,0.0,29.8561,987.0,1
341,8,1994-08-19 00:00:00,-50.6,17.0,0.0,32.1527,985.0,1
341,9,1994-08-19 06:00:00,-51.9,18.0,0.0,32.1527,979.0,1
341,10,1994-08-19 12:00:00,-53.2,19.0,0.0,32.1527,979.0,1
341,11,1994-08-19 18:00:00,-54.4,20.1,0.0,32.1527,980.0,1
341,12,1994-08-20 00:00:00,-55.6,21.3,0.0,29.8561,984.0,1
341,13,1994-08-20 06:00:00,-56.8,22.6,0.0,27.5595,995.0,1
341,14,1994-08-20 12:00:00,-58.2,23.8,0.0,22.9662,1009.0,1
341,15,1994-08-20 18:00:00,-59.7,24.9,0.0,20.6696,1010.0,1
341,16,1994-08-21 00:00:00,-61.0,26.1,0.0,18.373,1011.0,1
341,17,1994-08-22 18:00:00,-62.3,36.2,0.0,18.373,1004.0,1
341,18,1994-08-23 00:00:00,-60.7,37.9,0.0,18.373,1003.0,1
341,19,1994-08-23 06:00:00,-58.4,39.9,0.0,18.373,1003.0,1
341,20,1994-08-23 12:00:00,-55.5,42.2,0.0,20.6696,1003.0,1
341,21,1994-08-23 18:00:00,-52.0,44.7,0.0,20.6696,1003.0,1
342,1,1994-09-10 00:00:00,-60.2,13.7,0.0,20.6696,1010.0,1
342,2,1994-09-10 06:00:00,-61.6,14.1,0.0,27.5595,1006.0,1
342,3,1994-09-10 12:00:00,-63.2,14.6,0.0,25.2629,1007.0,1
342,4,1994-09-10 18:00:00,-64.9,15.1,0.0,22.9662,1008.0,1
342,5,1994-09-11 00:00:00,-66.7,15.5,0.0,22.9662,1008.0,1
343,1,1994-09-22 18:00:00,-30.3,12.5,0.0,20.6696,1000.0,1
343,2,1994-09-23 00:00:00,-30.4,13.1,0.0,22.9662,997.0,1
343,3,1994-09-23 06:00:00,-30.5,13.8,0.0,22.9662,998.0,1
343,4,1994-09-23 12:00:00,-30.6,14.4,0.0,20.6696,1000.0,1
343,5,1994-09-23 18:00:00,-30.6,14.9,0.0,20.6696,1001.0,1
343,6,1994-09-24 00:00:00,-30.6,15.4,0.0,18.373,1003.0,1
344,1,1994-11-04 06:00:00,-52.9,26.7,0.0,18.373,1003.0,1
344,2,1994-11-04 12:00:00,-53.4,27.3,0.0,22.9662,999.0,1
344,3,1994-11-04 18:00:00,-54.0,28.1,0.0,29.8561,990.0,1
344,4,1994-11-05 00:00:00,-54.6,28.8,0.0,29.8561,987.0,1
344,5,1994-11-05 06:00:00,-55.1,29.4,0.0,29.8561,986.0,1
344,6,1994-11-05 12:00:00,-55.7,30.0,0.0,32.1527,984.0,1
344,7,1994-11-05 18:00:00,-56.2,30.6,0.0,34.4494,981.0,1
344,8,1994-11-06 00:00:00,-56.7,31.3,0.0,34.4494,980.0,1
344,9,1994-11-06 06:00:00,-56.9,32.0,0.0,34.4494,980.0,1
344,10,1994-11-06 12:00:00,-57.0,32.6,0.0,34.4494,980.0,1
344,11,1994-11-06 18:00:00,-56.9,33.0,0.0,29.8561,982.0,1
344,12,1994-11-07 00:00:00,-56.5,33.3,0.0,29.8561,982.0,1
344,13,1994-11-07 06:00:00,-56.0,33.7,0.0,32.1527,981.0,1
344,14,1994-11-07 12:00:00,-54.8,34.4,0.0,36.746,975.0,1
344,15,1994-11-07 18:00:00,-53.1,35.4,0.0,41.3392,972.0,1
344,16,1994-11-08 00:00:00,-49.9,37.0,0.0,43.6359,972.0,1
344,17,1994-11-08 06:00:00,-45.5,39.2,0.0,43.6359,974.0,1
344,18,1994-11-08 12:00:00,-40.7,41.8,0.0,39.0426,977.0,1
344,19,1994-11-08 18:00:00,-36.2,44.2,0.0,34.4494,982.0,1
345,1,1994-11-12 00:00:00,-80.8,17.2,0.0,18.373,1000.0,1
345,2,1994-11-12 06:00:00,-80.2,17.4,0.0,18.373,999.0,1
345,3,1994-11-12 12:00:00,-79.8,17.5,0.0,18.373,999.0,1
345,4,1994-11-13 06:00:00,-76.0,18.3,0.0,18.373,1001.0,1
345,5,1994-11-13 12:00:00,-75.0,19.9,0.0,18.373,1000.0,1
345,6,1994-11-13 18:00:00,-75.4,21.5,0.0,18.373,1001.0,1
345,7,1994-11-14 00:00:00,-76.3,22.1,0.0,18.373,999.0,1
345,8,1994-11-14 06:00:00,-77.5,22.7,0.0,20.6696,998.0,1
345,9,1994-11-14 12:00:00,-78.3,23.2,0.0,20.6696,997.0,1
345,10,1994-11-14 18:00:00,-79.1,23.4,0.0,20.6696,998.0,1
345,11,1994-11-15 00:00:00,-79.9,23.6,0.0,20.6696,998.0,1
345,12,1994-11-15 06:00:00,-80.8,23.9,0.0,20.6696,999.0,1
345,13,1994-11-15 12:00:00,-81.6,24.5,0.0,20.6696,999.0,1
345,14,1994-11-15 18:00:00,-82.1,24.9,0.0,20.6696,998.0,1
345,15,1994-11-16 00:00:00,-82.5,25.4,0.0,20.6696,998.0,1
345,16,1994-11-16 06:00:00,-82.4,25.7,0.0,20.6696,997.0,1
345,17,1994-11-16 12:00:00,-82.0,26.4,0.0,20.6696,995.0,1
345,18,1994-11-16 18:00:00,-81.4,27.1,0.0,20.6696,995.0,1
345,19,1994-11-17 00:00:00,-80.0,28.0,0.0,25.2629,993.0,1
345,20,1994-11-17 06:00:00,-78.5,29.0,0.0,25.2629,989.0,1
345,21,1994-11-17 12:00:00,-76.7,30.0,0.0,27.5595,987.0,1
345,22,1994-11-17 18:00:00,-74.8,31.5,0.0,29.8561,981.0,1
345,23,1994-11-18 00:00:00,-74.2,33.1,0.0,34.4494,980.0,1
345,24,1994-11-18 06:00:00,-74.7,33.5,0.0,32.1527,981.0,1
345,25,1994-11-18 12:00:00,-75.7,33.7,0.0,32.1527,984.0,1
345,26,1994-11-18 18:00:00,-75.9,33.2,0.0,27.5595,986.0,1
345,27,1994-11-19 00:00:00,-75.5,32.5,0.0,22.9662,992.0,1
345,28,1994-11-19 06:00:00,-75.0,31.6,0.0,20.6696,996.0,1
345,29,1994-11-19 12:00:00,-74.8,31.1,0.0,18.373,1000.0,1
346,1,1995-06-03 18:00:00,-85.8,20.6,0.0,18.373,1001.0,1
346,2,1995-06-04 00:00:00,-86.0,22.0,0.0,22.9662,997.0,1
346,3,1995-06-04 06:00:00,-86.3,23.3,0.0,27.5595,995.0,1
346,4,1995-06-04 12:00:00,-86.2,24.7,0.0,29.8561,987.0,1
346,5,1995-06-04 18:00:00,-86.2,26.2,0.0,29.8561,988.0,1
346,6,1995-06-05 00:00:00,-86.1,27.6,0.0,29.8561,988.0,1
346,7,1995-06-05 06:00:00,-85.6,28.5,0.0,27.5595,990.0,1
346,8,1995-06-05 12:00:00,-84.7,29.6,0.0,27.5595,990.0,1
346,9,1995-06-05 18:00:00,-83.8,30.7,0.0,20.6696,993.0,1
346,10,1995-06-06 18:00:00,-78.1,34.5,0.0,18.373,995.0,1
346,11,1995-06-07 00:00:00,-75.9,35.6,0.0,18.373,992.0,1
346,12,1995-06-07 06:00:00,-73.6,37.1,0.0,20.6696,990.0,1
346,13,1995-06-07 12:00:00,-71.0,38.5,0.0,20.6696,988.0,1
346,14,1995-06-07 18:00:00,-69.2,39.8,0.0,20.6696,984.0,1
346,15,1995-06-08 00:00:00,-67.7,41.0,0.0,22.9662,982.0,1
346,16,1995-06-08 06:00:00,-66.0,42.4,0.0,22.9662,984.0,1
346,17,1995-06-08 12:00:00,-63.7,43.8,0.0,22.9662,989.0,1
346,18,1995-06-08 18:00:00,-61.2,45.2,0.0,20.6696,993.0,1
346,19,1995-06-09 00:00:00,-58.5,46.5,0.0,18.373,995.0,1
346,20,1995-06-09 06:00:00,-55.9,48.1,0.0,18.373,996.0,1
346,21,1995-06-09 12:00:00,-53.0,50.0,0.0,18.373,997.0,1
346,22,1995-06-09 18:00:00,-52.0,53.0,0.0,18.373,1000.0,1
346,23,1995-06-10 00:00:00,-52.0,57.0,0.0,18.373,997.0,1
346,24,1995-06-10 06:00:00,-52.0,60.0,0.0,18.373,990.0,1
346,25,1995-06-10 12:00:00,-53.0,62.0,0.0,18.373,992.0,1
347,1,1995-07-07 12:00:00,-70.6,32.2,0.0,18.373,1004.0,1
347,2,1995-07-07 18:00:00,-70.2,33.2,0.0,27.5595,1001.0,1
347,3,1995-07-08 00:00:00,-69.6,34.0,0.0,27.5595,997.0,1
347,4,1995-07-08 06:00:00,-68.9,34.9,0.0,25.2629,997.0,1
347,5,1995-07-08 12:00:00,-68.2,35.9,0.0,22.9662,997.0,1
347,6,1995-07-08 18:00:00,-67.2,37.2,0.0,22.9662,997.0,1
347,7,1995-07-09 00:00:00,-66.0,38.7,0.0,22.9662,996.0,1
347,8,1995-07-09 06:00:00,-64.6,40.5,0.0,22.9662,995.0,1
347,9,1995-07-09 12:00:00,-63.1,42.3,0.0,22.9662,993.0,1
347,10,1995-07-09 18:00:00,-61.7,44.3,0.0,22.9662,991.0,1
347,11,1995-07-10 00:00:00,-60.5,46.4,0.0,20.6696,990.0,1
347,12,1995-07-10 06:00:00,-59.2,48.5,0.0,18.373,989.0,1
348,1,1995-07-14 18:00:00,-65.5,21.3,0.0,18.373,1010.0,1
348,2,1995-07-15 00:00:00,-66.0,21.8,0.0,18.373,1009.0,1
348,3,1995-07-15 06:00:00,-66.7,22.3,0.0,20.6696,1006.0,1
348,4,1995-07-15 12:00:00,-67.5,22.7,0.0,20.6696,1006.0,1
348,5,1995-07-15 18:00:00,-67.9,23.2,0.0,20.6696,1005.0,1
348,6,1995-07-16 00:00:00,-68.2,23.7,0.0,20.6696,1004.0,1
348,7,1995-07-16 06:00:00,-68.4,24.5,0.0,22.9662,999.0,1
348,8,1995-07-16 12:00:00,-68.8,25.3,0.0,22.9662,999.0,1
348,9,1995-07-16 18:00:00,-69.1,26.2,0.0,25.2629,997.0,1
348,10,1995-07-17 00:00:00,-69.4,27.2,0.0,27.5595,991.0,1
348,11,1995-07-17 06:00:00,-69.6,28.2,0.0,27.5595,995.0,1
348,12,1995-07-17 12:00:00,-69.8,29.3,0.0,27.5595,997.0,1
348,13,1995-07-17 18:00:00,-69.8,30.5,0.0,25.2629,995.0,1
348,14,1995-07-18 00:00:00,-69.7,31.6,0.0,25.2629,994.0,1
348,15,1995-07-18 06:00:00,-69.0,32.6,0.0,25.2629,994.0,1
348,16,1995-07-18 12:00:00,-68.1,33.6,0.0,22.9662,995.0,1
348,17,1995-07-18 18:00:00,-67.3,34.6,0.0,22.9662,996.0,1
348,18,1995-07-19 00:00:00,-65.8,35.4,0.0,22.9662,997.0,1
348,19,1995-07-19 06:00:00,-64.1,36.2,0.0,22.9662,997.0,1
348,20,1995-07-19 12:00:00,-62.4,37.1,0.0,22.9662,998.0,1
348,21,1995-07-19 18:00:00,-60.2,38.2,0.0,22.9662,998.0,1
348,22,1995-07-20 00:00:00,-57.6,39.5,0.0,22.9662,999.0,1
348,23,1995-07-20 06:00:00,-54.7,41.1,0.0,22.9662,999.0,1
348,24,1995-07-20 12:00:00,-51.7,43.0,0.0,22.9662,1000.0,1
348,25,1995-07-20 18:00:00,-48.8,45.4,0.0,22.9662,1000.0,1
348,26,1995-07-21 00:00:00,-45.2,47.7,0.0,22.9662,1001.0,1
348,27,1995-07-21 06:00:00,-41.6,49.7,0.0,22.9662,1002.0,1
348,28,1995-07-21 12:00:00,-37.0,51.4,0.0,22.9662,1003.0,1
348,29,1995-07-21 18:00:00,-31.0,53.0,0.0,22.9662,1005.0,1
348,30,1995-07-22 00:00:00,-20.0,55.0,0.0,22.9662,1005.0,1
349,1,1995-07-31 00:00:00,-95.0,29.0,0.0,18.373,999.0,1
350,1,1995-07-31 00:00:00,-73.2,22.3,0.0,20.6696,1004.0,1
350,2,1995-07-31 06:00:00,-73.6,22.6,0.0,22.9662,1003.0,1
350,3,1995-07-31 12:00:00,-73.9,22.8,0.0,25.2629,999.0,1
350,4,1995-07-31 18:00:00,-74.3,23.2,0.0,27.5595,997.0,1
350,5,1995-08-01 00:00:00,-74.9,23.6,0.0,32.1527,992.0,1
350,6,1995-08-01 06:00:00,-75.7,24.3,0.0,34.4494,988.0,1
350,7,1995-08-01 12:00:00,-76.3,25.5,0.0,34.4494,985.0,1
350,8,1995-08-01 18:00:00,-77.7,26.3,0.0,34.4494,980.0,1
350,9,1995-08-02 00:00:00,-79.0,26.9,0.0,34.4494,982.0,1
350,10,1995-08-02 06:00:00,-80.4,27.7,0.0,34.4494,985.0,1
350,11,1995-08-02 06:15:00,-80.3,27.7,0.0,34.4494,984.0,1
350,12,1995-08-02 12:00:00,-81.9,28.2,0.0,22.9662,990.0,1
350,13,1995-08-02 18:00:00,-83.4,28.6,0.0,27.5595,988.0,1
350,14,1995-08-03 00:00:00,-84.7,28.8,0.0,29.8561,985.0,1
350,15,1995-08-03 06:00:00,-85.7,29.3,0.0,32.1527,979.0,1
350,16,1995-08-03 12:00:00,-86.6,29.8,0.0,36.746,974.0,1
350,17,1995-08-03 18:00:00,-87.5,30.6,0.0,29.8561,985.0,1
350,18,1995-08-04 00:00:00,-88.5,31.4,0.0,20.6696,997.0,1
351,1,1995-08-09 00:00:00,-38.3,15.7,0.0,18.373,1004.0,1
351,2,1995-08-09 06:00:00,-40.2,16.0,0.0,20.6696,1003.0,1
351,3,1995-08-09 12:00:00,-41.9,16.2,0.0,20.6696,1001.0,1
351,4,1995-08-09 18:00:00,-43.7,16.6,0.0,20.6696,1000.0,1
351,5,1995-08-10 00:00:00,-45.6,17.0,0.0,22.9662,998.0,1
351,6,1995-08-10 06:00:00,-47.4,17.5,0.0,25.2629,995.0,1
351,7,1995-08-10 12:00:00,-49.1,18.0,0.0,27.5595,993.0,1
351,8,1995-08-10 18:00:00,-50.8,18.4,0.0,27.5595,991.0,1
351,9,1995-08-11 00:00:00,-52.4,18.9,0.0,29.8561,987.0,1
351,10,1995-08-11 06:00:00,-53.9,19.6,0.0,32.1527,980.0,1
351,11,1995-08-11 12:00:00,-55.4,20.4,0.0,36.746,972.0,1
351,12,1995-08-11 18:00:00,-56.5,21.3,0.0,41.3392,965.0,1
351,13,1995-08-12 00:00:00,-57.8,22.1,0.0,45.9325,955.0,1
351,14,1995-08-12 06:00:00,-59.0,22.9,0.0,50.5258,943.0,1
351,15,1995-08-12 12:00:00,-60.2,23.6,0.0,52.8224,932.0,1
351,16,1995-08-12 18:00:00,-61.0,24.3,0.0,55.119,929.0,1
351,17,1995-08-13 00:00:00,-61.6,25.1,0.0,52.8224,930.0,1
351,18,1995-08-13 06:00:00,-61.9,25.9,0.0,48.2291,937.0,1
351,19,1995-08-13 12:00:00,-62.3,26.6,0.0,45.9325,942.0,1
351,20,1995-08-13 18:00:00,-62.3,27.4,0.0,43.6359,947.0,1
351,21,1995-08-14 00:00:00,-62.5,28.2,0.0,41.3392,948.0,1
351,22,1995-08-14 06:00:00,-62.9,29.0,0.0,36.746,954.0,1
351,23,1995-08-14 12:00:00,-63.4,29.9,0.0,36.746,962.0,1
351,24,1995-08-14 18:00:00,-64.1,30.7,0.0,34.4494,962.0,1
351,25,1995-08-15 00:00:00,-65.1,31.3,0.0,34.4494,962.0,1
351,26,1995-08-15 06:00:00,-66.2,31.9,0.0,34.4494,964.0,1
351,27,1995-08-15 12:00:00,-67.4,32.5,0.0,32.1527,968.0,1
351,28,1995-08-15 18:00:00,-68.8,33.1,0.0,32.1527,965.0,1
351,29,1995-08-16 00:00:00,-70.1,33.5,0.0,32.1527,963.0,1
351,30,1995-08-16 06:00:00,-71.3,34.0,0.0,32.1527,966.0,1
351,31,1995-08-16 12:00:00,-72.4,34.6,0.0,32.1527,968.0,1
351,32,1995-08-16 18:00:00,-72.7,34.8,0.0,32.1527,970.0,1
351,33,1995-08-17 00:00:00,-72.9,35.3,0.0,29.8561,968.0,1
351,34,1995-08-17 06:00:00,-72.9,35.6,0.0,29.8561,971.0,1
351,35,1995-08-17 12:00:00,-72.7,36.1,0.0,29.8561,972.0,1
351,36,1995-08-17 18:00:00,-72.2,36.5,0.0,29.8561,973.0,1
351,37,1995-08-18 00:00:00,-71.5,36.8,0.0,29.8561,973.0,1
351,38,1995-08-18 06:00:00,-70.7,37.1,0.0,29.8561,971.0,1
351,39,1995-08-18 12:00:00,-69.9,37.1,0.0,29.8561,970.0,1
351,40,1995-08-18 18:00:00,-68.9,36.9,0.0,32.1527,971.0,1
351,41,1995-08-19 00:00:00,-68.1,36.6,0.0,32.1527,970.0,1
351,42,1995-08-19 06:00:00,-67.8,36.1,0.0,32.1527,970.0,1
351,43,1995-08-19 12:00:00,-67.5,35.7,0.0,32.1527,971.0,1
351,44,1995-08-19 18:00:00,-67.4,35.4,0.0,32.1527,973.0,1
351,45,1995-08-20 00:00:00,-67.5,35.1,0.0,29.8561,976.0,1
351,46,1995-08-20 06:00:00,-67.9,35.0,0.0,27.5595,979.0,1
351,47,1995-08-20 12:00:00,-68.2,35.4,0.0,27.5595,982.0,1
351,48,1995-08-20 18:00:00,-68.3,35.9,0.0,27.5595,985.0,1
351,49,1995-08-21 00:00:00,-67.8,36.6,0.0,27.5595,986.0,1
351,50,1995-08-21 06:00:00,-67.0,37.7,0.0,25.2629,988.0,1
351,51,1995-08-21 12:00:00,-66.1,39.0,0.0,22.9662,989.0,1
351,52,1995-08-21 18:00:00,-63.3,40.6,0.0,22.9662,988.0,1
351,53,1995-08-22 00:00:00,-59.8,42.5,0.0,22.9662,987.0,1
351,54,1995-08-22 06:00:00,-55.8,44.5,0.0,22.9662,986.0,1
351,55,1995-08-22 12:00:00,-50.8,46.8,0.0,22.9662,985.0,1
351,56,1995-08-22 18:00:00,-46.0,49.0,0.0,22.9662,985.0,1
351,57,1995-08-23 00:00:00,-40.5,50.8,0.0,22.9662,985.0,1
351,58,1995-08-23 06:00:00,-35.5,53.5,0.0,22.9662,985.0,1
351,59,1995-08-23 12:00:00,-34.0,56.0,0.0,22.9662,986.0,1
351,60,1995-08-23 18:00:00,-31.0,58.0,0.0,22.9662,987.0,1
351,61,1995-08-24 00:00:00,-26.0,59.5,0.0,22.9662,988.0,1
351,62,1995-08-24 06:00:00,-20.0,60.0,0.0,20.6696,988.0,1
351,63,1995-08-24 12:00:00,-14.0,60.0,0.0,18.373,989.0,1
352,1,1995-08-10 18:00:00,-96.7,23.1,0.0,18.373,997.0,1
352,2,1995-08-11 00:00:00,-96.7,23.0,0.0,20.6696,995.0,1
352,3,1995-08-11 06:00:00,-97.0,23.1,0.0,22.9662,993.0,1
352,4,1995-08-11 12:00:00,-97.2,23.3,0.0,25.2629,991.0,1
352,5,1995-08-11 18:00:00,-97.5,23.6,0.0,27.5595,990.0,1
353,1,1995-08-22 12:00:00,-35.2,14.2,0.0,20.6696,1002.0,1
353,2,1995-08-22 18:00:00,-36.2,14.6,0.0,22.9662,998.0,1
353,3,1995-08-23 00:00:00,-37.3,14.8,0.0,27.5595,995.0,1
353,4,1995-08-23 06:00:00,-38.3,14.9,0.0,29.8561,987.0,1
353,5,1995-08-23 12:00:00,-39.2,15.0,0.0,32.1527,985.0,1
353,6,1995-08-23 18:00:00,-40.3,15.1,0.0,34.4494,982.0,1
353,7,1995-08-24 00:00:00,-41.0,15.2,0.0,36.746,975.0,1
353,8,1995-08-24 06:00:00,-41.9,15.3,0.0,39.0426,973.0,1
353,9,1995-08-24 12:00:00,-42.6,15.4,0.0,41.3392,971.0,1
353,10,1995-08-24 18:00:00,-43.2,15.7,0.0,43.6359,968.0,1
353,11,1995-08-25 00:00:00,-43.8,16.1,0.0,41.3392,970.0,1
353,12,1995-08-25 06:00:00,-44.4,16.7,0.0,41.3392,970.0,1
353,13,1995-08-25 12:00:00,-45.1,17.6,0.0,41.3392,970.0,1
353,14,1995-08-25 18:00:00,-45.9,18.5,0.0,41.3392,970.0,1
353,15,1995-08-26 00:00:00,-46.6,19.4,0.0,41.3392,970.0,1
353,16,1995-08-26 06:00:00,-47.2,20.0,0.0,41.3392,970.0,1
353,17,1995-08-26 12:00:00,-47.6,20.6,0.0,39.0426,972.0,1
353,18,1995-08-26 18:00:00,-48.0,21.4,0.0,36.746,975.0,1
353,19,1995-08-27 00:00:00,-48.2,22.2,0.0,36.746,980.0,1
353,20,1995-08-27 06:00:00,-48.0,22.9,0.0,34.4494,982.0,1
353,21,1995-08-27 12:00:00,-48.2,24.1,0.0,32.1527,984.0,1
353,22,1995-08-27 18:00:00,-48.4,25.4,0.0,32.1527,986.0,1
353,23,1995-08-28 00:00:00,-48.6,26.4,0.0,29.8561,992.0,1
353,24,1995-08-28 06:00:00,-48.8,27.1,0.0,29.8561,994.0,1
353,25,1995-08-28 12:00:00,-49.1,27.7,0.0,29.8561,991.0,1
353,26,1995-08-28 18:00:00,-49.3,28.4,0.0,29.8561,987.0,1
353,27,1995-08-29 00:00:00,-49.4,29.0,0.0,29.8561,985.0,1
353,28,1995-08-29 06:00:00,-49.4,29.5,0.0,32.1527,983.0,1
353,29,1995-08-29 12:00:00,-49.2,30.0,0.0,34.4494,981.0,1
353,30,1995-08-29 18:00:00,-48.9,30.6,0.0,34.4494,979.0,1
353,31,1995-08-30 00:00:00,-48.3,31.3,0.0,36.746,978.0,1
353,32,1995-08-30 06:00:00,-47.1,32.8,0.0,36.746,976.0,1
353,33,1995-08-30 12:00:00,-45.7,34.0,0.0,36.746,974.0,1
353,34,1995-08-30 18:00:00,-44.0,35.2,0.0,36.746,971.0,1
353,35,1995-08-31 00:00:00,-41.9,36.0,0.0,36.746,970.0,1
353,36,1995-08-31 06:00:00,-40.0,37.1,0.0,36.746,971.0,1
353,37,1995-08-31 12:00:00,-39.0,38.3,0.0,32.1527,985.0,1
353,38,1995-08-31 18:00:00,-38.2,39.1,0.0,27.5595,995.0,1
353,39,1995-09-01 00:00:00,-37.0,40.0,0.0,20.6696,1000.0,1
354,1,1995-08-23 06:00:00,-52.5,14.0,0.0,18.373,1004.0,1
354,2,1995-08-23 12:00:00,-53.0,14.5,0.0,25.2629,998.0,1
354,3,1995-08-23 18:00:00,-53.4,15.0,0.0,34.4494,991.0,1
354,4,1995-08-24 00:00:00,-53.8,15.2,0.0,32.1527,992.0,1
354,5,1995-08-24 06:00:00,-54.3,15.0,0.0,32.1527,992.0,1
354,6,1995-08-24 12:00:00,-55.1,14.8,0.0,29.8561,992.0,1
354,7,1995-08-24 18:00:00,-56.0,14.6,0.0,27.5595,992.0,1
354,8,1995-08-25 00:00:00,-56.8,14.5,0.0,25.2629,995.0,1
354,9,1995-08-25 06:00:00,-57.8,14.3,0.0,25.2629,996.0,1
354,10,1995-08-25 12:00:00,-58.8,14.2,0.0,25.2629,999.0,1
354,11,1995-08-25 18:00:00,-59.8,14.2,0.0,22.9662,998.0,1
354,12,1995-08-26 00:00:00,-60.3,14.0,0.0,22.9662,1000.0,1
354,13,1995-08-26 06:00:00,-60.2,14.2,0.0,20.6696,999.0,1
354,14,1995-08-26 12:00:00,-60.5,14.6,0.0,20.6696,1000.0,1
354,15,1995-08-26 18:00:00,-61.0,14.9,0.0,18.373,1003.0,1
354,16,1995-08-27 06:00:00,-61.2,15.6,0.0,18.373,1005.0,1
354,17,1995-08-27 12:00:00,-61.2,16.2,0.0,20.6696,1002.0,1
354,18,1995-08-27 18:00:00,-61.9,17.0,0.0,22.9662,995.0,1
354,19,1995-08-28 00:00:00,-62.0,17.8,0.0,25.2629,993.0,1
354,20,1995-08-28 06:00:00,-62.0,18.6,0.0,25.2629,989.0,1
354,21,1995-08-28 12:00:00,-62.1,19.4,0.0,27.5595,985.0,1
354,22,1995-08-28 18:00:00,-62.4,20.4,0.0,29.8561,983.0,1
354,23,1995-08-29 00:00:00,-62.5,21.3,0.0,32.1527,981.0,1
354,24,1995-08-29 06:00:00,-62.5,22.0,0.0,36.746,974.0,1
354,25,1995-08-29 12:00:00,-62.5,22.6,0.0,34.4494,973.0,1
354,26,1995-08-29 18:00:00,-62.3,23.1,0.0,32.1527,975.0,1
354,27,1995-08-30 00:00:00,-62.1,23.6,0.0,32.1527,976.0,1
354,28,1995-08-30 06:00:00,-61.8,23.8,0.0,32.1527,977.0,1
354,29,1995-08-30 12:00:00,-61.4,24.0,0.0,34.4494,972.0,1
354,30,1995-08-30 18:00:00,-60.8,24.2,0.0,34.4494,971.0,1
354,31,1995-08-31 00:00:00,-60.1,24.5,0.0,34.4494,971.0,1
354,32,1995-08-31 06:00:00,-59.6,24.7,0.0,34.4494,971.0,1
354,33,1995-08-31 12:00:00,-59.1,24.9,0.0,34.4494,971.0,1
354,34,1995-08-31 18:00:00,-58.9,25.0,0.0,39.0426,968.0,1
354,35,1995-09-01 00:00:00,-58.8,25.2,0.0,41.3392,967.0,1
354,36,1995-09-01 06:00:00,-58.8,25.5,0.0,43.6359,965.0,1
354,37,1995-09-01 12:00:00,-59.0,25.6,0.0,41.3392,967.0,1
354,38,1995-09-01 18:00:00,-59.7,25.7,0.0,39.0426,969.0,1
354,39,1995-09-02 00:00:00,-60.2,26.0,0.0,39.0426,971.0,1
354,40,1995-09-02 06:00:00,-60.2,26.6,0.0,39.0426,973.0,1
354,41,1995-09-02 12:00:00,-59.9,27.8,0.0,36.746,978.0,1
354,42,1995-09-02 18:00:00,-59.7,29.1,0.0,34.4494,983.0,1
354,43,1995-09-03 00:00:00,-59.0,31.3,0.0,34.4494,982.0,1
354,44,1995-09-03 06:00:00,-58.6,34.2,0.0,34.4494,982.0,1
354,45,1995-09-03 12:00:00,-57.5,36.9,0.0,34.4494,982.0,1
354,46,1995-09-03 18:00:00,-55.5,39.2,0.0,32.1527,985.0,1
354,47,1995-09-04 00:00:00,-52.3,41.0,0.0,29.8561,987.0,1
354,48,1995-09-04 06:00:00,-49.4,43.1,0.0,27.5595,990.0,1
354,49,1995-09-04 12:00:00,-46.0,45.0,0.0,27.5595,995.0,1
354,50,1995-09-04 18:00:00,-42.0,47.1,0.0,25.2629,997.0,1
354,51,1995-09-05 00:00:00,-35.7,48.7,0.0,22.9662,999.0,1
354,52,1995-09-05 06:00:00,-28.1,48.9,0.0,22.9662,998.0,1
354,53,1995-09-05 12:00:00,-25.0,48.6,0.0,22.9662,987.0,1
354,54,1995-09-05 18:00:00,-21.5,48.5,0.0,25.2629,979.0,1
354,55,1995-09-06 00:00:00,-18.0,48.3,0.0,25.2629,972.0,1
354,56,1995-09-06 06:00:00,-14.2,48.0,0.0,27.5595,967.0,1
354,57,1995-09-06 12:00:00,-12.6,48.0,0.0,27.5595,963.0,1
354,58,1995-09-06 18:00:00,-11.1,48.2,0.0,29.8561,960.0,1
354,59,1995-09-07 00:00:00,-8.7,48.4,0.0,29.8561,957.0,1
354,60,1995-09-07 06:00:00,-6.9,48.9,0.0,29.8561,962.0,1
354,61,1995-09-07 12:00:00,-4.4,49.3,0.0,27.5595,968.0,1
355,1,1995-08-28 12:00:00,-42.6,16.9,0.0,18.373,1003.0,1
355,2,1995-08-28 18:00:00,-43.6,17.4,0.0,20.6696,1001.0,1
355,3,1995-08-29 00:00:00,-44.6,17.7,0.0,20.6696,1000.0,1
355,4,1995-08-29 06:00:00,-45.5,17.8,0.0,20.6696,1000.0,1
355,5,1995-08-29 12:00:00,-46.4,18.1,0.0,20.6696,1000.0,1
355,6,1995-08-29 18:00:00,-47.3,18.5,0.0,20.6696,1001.0,1
355,7,1995-08-30 00:00:00,-48.2,19.0,0.0,20.6696,1002.0,1
355,8,1995-08-30 06:00:00,-49.1,19.2,0.0,18.373,1003.0,1
355,9,1995-08-30 12:00:00,-49.9,19.4,0.0,18.373,1003.0,1
355,10,1995-08-30 18:00:00,-50.6,19.6,0.0,18.373,1004.0,1
355,11,1995-08-31 00:00:00,-51.1,20.0,0.0,18.373,1004.0,1
355,12,1995-08-31 06:00:00,-51.6,20.3,0.0,18.373,1003.0,1
355,13,1995-08-31 12:00:00,-51.9,20.4,0.0,18.373,1002.0,1
355,14,1995-08-31 18:00:00,-52.1,20.8,0.0,18.373,1001.0,1
355,15,1995-09-01 00:00:00,-52.3,21.6,0.0,18.373,1001.0,1
355,16,1995-09-01 06:00:00,-52.7,22.9,0.0,18.373,1001.0,1
356,1,1995-08-29 06:00:00,-30.5,11.8,0.0,18.373,1000.0,1
356,2,1995-08-29 12:00:00,-31.9,12.2,0.0,18.373,1000.0,1
356,3,1995-08-30 18:00:00,-37.0,13.7,0.0,20.6696,1002.0,1
356,4,1995-08-31 00:00:00,-37.9,14.0,0.0,25.2629,998.0,1
356,5,1995-08-31 06:00:00,-38.8,14.3,0.0,34.4494,992.0,1
356,6,1995-08-31 12:00:00,-39.7,14.6,0.0,36.746,979.0,1
356,7,1995-08-31 18:00:00,-40.7,15.0,0.0,41.3392,971.0,1
356,8,1995-09-01 00:00:00,-41.7,15.4,0.0,45.9325,965.0,1
356,9,1995-09-01 06:00:00,-42.6,15.8,0.0,48.2291,958.0,1
356,10,1995-09-01 12:00:00,-43.6,16.2,0.0,52.8224,950.0,1
356,11,1995-09-01 18:00:00,-44.7,16.5,0.0,52.8224,948.0,1
356,12,1995-09-02 00:00:00,-45.8,16.8,0.0,52.8224,948.0,1
356,13,1995-09-02 06:00:00,-46.9,17.0,0.0,52.8224,948.0,1
356,14,1995-09-02 12:00:00,-48.0,17.2,0.0,55.119,948.0,1
356,15,1995-09-02 18:00:00,-49.2,17.3,0.0,55.119,948.0,1
356,16,1995-09-03 00:00:00,-50.5,17.3,0.0,55.119,948.0,1
356,17,1995-09-03 06:00:00,-51.8,17.4,0.0,55.119,948.0,1
356,18,1995-09-03 12:00:00,-53.1,17.3,0.0,55.119,948.0,1
356,19,1995-09-03 18:00:00,-54.3,17.3,0.0,57.4156,945.0,1
356,20,1995-09-04 00:00:00,-55.6,17.1,0.0,57.4156,942.0,1
356,21,1995-09-04 06:00:00,-56.8,17.0,0.0,59.7122,940.0,1
356,22,1995-09-04 12:00:00,-58.0,17.0,0.0,59.7122,945.0,1
356,23,1995-09-04 18:00:00,-59.1,17.0,0.0,57.4156,943.0,1
356,24,1995-09-05 00:00:00,-60.1,17.1,0.0,57.4156,940.0,1
356,25,1995-09-05 06:00:00,-61.0,17.3,0.0,55.119,939.0,1
356,26,1995-09-05 12:00:00,-61.7,17.5,0.0,52.8224,945.0,1
356,27,1995-09-05 18:00:00,-62.4,18.0,0.0,52.8224,944.0,1
356,28,1995-09-06 00:00:00,-63.0,18.4,0.0,52.8224,942.0,1
356,29,1995-09-06 06:00:00,-63.6,18.9,0.0,55.119,939.0,1
356,30,1995-09-06 12:00:00,-64.2,19.4,0.0,55.119,943.0,1
356,31,1995-09-06 18:00:00,-64.9,20.1,0.0,57.4156,940.0,1
356,32,1995-09-07 00:00:00,-65.4,20.7,0.0,57.4156,938.0,1
356,33,1995-09-07 06:00:00,-66.0,21.3,0.0,55.119,936.0,1
356,34,1995-09-07 12:00:00,-66.6,22.0,0.0,52.8224,941.0,1
356,35,1995-09-07 18:00:00,-67.2,22.8,0.0,52.8224,938.0,1
356,36,1995-09-08 00:00:00,-68.0,24.3,0.0,52.8224,935.0,1
356,37,1995-09-08 06:00:00,-68.8,25.8,0.0,52.8224,939.0,1
356,38,1995-09-08 12:00:00,-69.3,26.4,0.0,50.5258,941.0,1
356,39,1995-09-08 18:00:00,-69.5,26.5,0.0,48.2291,944.0,1
356,40,1995-09-09 00:00:00,-69.8,27.1,0.0,45.9325,945.0,1
356,41,1995-09-09 06:00:00,-69.5,29.1,0.0,43.6359,949.0,1
356,42,1995-09-09 12:00:00,-69.1,31.0,0.0,41.3392,952.0,1
356,43,1995-09-09 18:00:00,-68.6,32.7,0.0,39.0426,955.0,1
356,44,1995-09-10 00:00:00,-67.2,34.5,0.0,39.0426,959.0,1
356,45,1995-09-10 06:00:00,-65.4,36.5,0.0,39.0426,963.0,1
356,46,1995-09-10 12:00:00,-63.7,38.4,0.0,39.0426,961.0,1
356,47,1995-09-10 18:00:00,-60.9,40.9,0.0,39.0426,966.0,1
356,48,1995-09-11 00:00:00,-57.7,43.9,0.0,43.6359,965.0,1
356,49,1995-09-11 06:00:00,-54.2,47.1,0.0,48.2291,963.0,1
356,50,1995-09-11 12:00:00,-48.5,51.5,0.0,41.3392,960.0,1
356,51,1995-09-11 18:00:00,-46.0,55.0,0.0,34.4494,958.0,1
356,52,1995-09-12 00:00:00,-45.0,57.0,0.0,27.5595,955.0,1
356,53,1995-09-12 06:00:00,-44.0,58.0,0.0,27.5595,950.0,1
356,54,1995-09-12 12:00:00,-42.0,59.0,0.0,27.5595,955.0,1
356,55,1995-09-12 18:00:00,-40.0,60.0,0.0,22.9662,960.0,1
357,1,1995-09-13 06:00:00,-54.3,11.9,0.0,20.6696,999.0,1
357,2,1995-09-13 12:00:00,-55.4,12.1,0.0,25.2629,995.0,1
357,3,1995-09-13 18:00:00,-56.5,12.5,0.0,27.5595,990.0,1
357,4,1995-09-14 00:00:00,-57.7,13.0,0.0,29.8561,988.0,1
357,5,1995-09-14 06:00:00,-58.8,13.5,0.0,32.1527,987.0,1
357,6,1995-09-14 12:00:00,-59.8,14.2,0.0,32.1527,986.0,1
357,7,1995-09-14 18:00:00,-60.8,15.0,0.0,32.1527,983.0,1
357,8,1995-09-15 00:00:00,-61.7,15.8,0.0,34.4494,985.0,1
357,9,1995-09-15 06:00:00,-62.8,16.5,0.0,36.746,977.0,1
357,10,1995-09-15 12:00:00,-63.5,16.8,0.0,36.746,974.0,1
357,11,1995-09-15 18:00:00,-64.2,17.4,0.0,39.0426,969.0,1
357,12,1995-09-16 00:00:00,-64.7,17.9,0.0,41.3392,962.0,1
357,13,1995-09-16 06:00:00,-65.2,18.5,0.0,43.6359,952.0,1
357,14,1995-09-16 12:00:00,-65.8,19.0,0.0,43.6359,951.0,1
357,15,1995-09-16 18:00:00,-66.4,19.7,0.0,45.9325,950.0,1
357,16,1995-09-17 00:00:00,-67.0,20.4,0.0,45.9325,950.0,1
357,17,1995-09-17 06:00:00,-67.5,21.2,0.0,43.6359,953.0,1
357,18,1995-09-17 12:00:00,-68.2,22.0,0.0,36.746,965.0,1
357,19,1995-09-17 18:00:00,-68.8,22.9,0.0,36.746,968.0,1
357,20,1995-09-18 00:00:00,-69.1,24.0,0.0,39.0426,963.0,1
357,21,1995-09-18 06:00:00,-69.4,25.0,0.0,39.0426,965.0,1
357,22,1995-09-18 12:00:00,-69.5,26.1,0.0,39.0426,966.0,1
357,23,1995-09-18 18:00:00,-69.3,27.2,0.0,36.746,966.0,1
357,24,1995-09-19 00:00:00,-69.0,28.4,0.0,36.746,969.0,1
357,25,1995-09-19 06:00:00,-68.6,29.6,0.0,34.4494,970.0,1
357,26,1995-09-19 12:00:00,-68.2,31.0,0.0,34.4494,976.0,1
357,27,1995-09-19 18:00:00,-67.7,32.6,0.0,36.746,974.0,1
357,28,1995-09-20 00:00:00,-66.8,34.2,0.0,36.746,974.0,1
357,29,1995-09-20 06:00:00,-66.1,35.8,0.0,34.4494,976.0,1
357,30,1995-09-20 12:00:00,-65.2,37.3,0.0,32.1527,978.0,1
357,31,1995-09-20 18:00:00,-64.3,38.3,0.0,32.1527,980.0,1
357,32,1995-09-21 00:00:00,-63.3,39.0,0.0,29.8561,982.0,1
357,33,1995-09-21 06:00:00,-61.9,39.3,0.0,29.8561,984.0,1
357,34,1995-09-21 12:00:00,-60.6,39.4,0.0,29.8561,987.0,1
357,35,1995-09-21 18:00:00,-59.3,39.6,0.0,27.5595,990.0,1
357,36,1995-09-22 00:00:00,-58.3,39.8,0.0,25.2629,992.0,1
357,37,1995-09-22 06:00:00,-57.6,39.7,0.0,25.2629,994.0,1
357,38,1995-09-22 12:00:00,-57.1,39.4,0.0,25.2629,996.0,1
357,39,1995-09-22 18:00:00,-56.8,39.0,0.0,25.2629,998.0,1
357,40,1995-09-23 00:00:00,-56.7,38.4,0.0,22.9662,1000.0,1
357,41,1995-09-23 06:00:00,-56.7,37.8,0.0,20.6696,1001.0,1
358,1,1995-09-27 18:00:00,-41.0,12.8,0.0,18.373,1002.0,1
358,2,1995-09-28 00:00:00,-41.5,13.5,0.0,20.6696,1000.0,1
358,3,1995-09-28 06:00:00,-42.0,14.0,0.0,22.9662,998.0,1
358,4,1995-09-28 12:00:00,-42.4,14.5,0.0,27.5595,995.0,1
358,5,1995-09-28 18:00:00,-42.6,15.2,0.0,29.8561,987.0,1
358,6,1995-09-29 00:00:00,-42.6,15.9,0.0,29.8561,987.0,1
358,7,1995-09-29 06:00:00,-42.2,16.5,0.0,29.8561,987.0,1
358,8,1995-09-29 12:00:00,-41.9,17.4,0.0,29.8561,987.0,1
358,9,1995-09-29 18:00:00,-41.2,18.2,0.0,29.8561,987.0,1
358,10,1995-09-30 00:00:00,-40.6,18.9,0.0,29.8561,987.0,1
358,11,1995-09-30 06:00:00,-40.3,19.4,0.0,29.8561,987.0,1
358,12,1995-09-30 12:00:00,-40.2,19.7,0.0,27.5595,990.0,1
358,13,1995-09-30 18:00:00,-40.1,19.8,0.0,25.2629,993.0,1
358,14,1995-10-01 00:00:00,-40.2,19.9,0.0,22.9662,994.0,1
358,15,1995-10-01 06:00:00,-40.3,20.0,0.0,22.9662,995.0,1
358,16,1995-10-01 12:00:00,-40.4,20.1,0.0,20.6696,1000.0,1
358,17,1995-10-01 18:00:00,-40.4,20.5,0.0,20.6696,1000.0,1
358,18,1995-10-02 00:00:00,-40.2,20.9,0.0,20.6696,1000.0,1
358,19,1995-10-02 06:00:00,-40.1,21.5,0.0,20.6696,1000.0,1
358,20,1995-10-02 12:00:00,-40.0,22.4,0.0,20.6696,1000.0,1
358,21,1995-10-02 18:00:00,-40.1,23.5,0.0,20.6696,1000.0,1
358,22,1995-10-03 00:00:00,-40.3,24.7,0.0,20.6696,1000.0,1
358,23,1995-10-03 06:00:00,-41.0,25.7,0.0,18.373,1000.0,1
358,24,1995-10-03 12:00:00,-41.8,26.7,0.0,20.6696,1000.0,1
358,25,1995-10-03 18:00:00,-42.4,27.6,0.0,20.6696,1000.0,1
358,26,1995-10-04 00:00:00,-42.8,28.5,0.0,20.6696,999.0,1
358,27,1995-10-04 06:00:00,-43.1,29.5,0.0,22.9662,998.0,1
358,28,1995-10-04 12:00:00,-43.1,30.4,0.0,22.9662,997.0,1
358,29,1995-10-04 18:00:00,-43.0,31.3,0.0,25.2629,994.0,1
358,30,1995-10-05 00:00:00,-42.7,31.9,0.0,29.8561,987.0,1
358,31,1995-10-05 06:00:00,-42.3,32.2,0.0,29.8561,987.0,1
358,32,1995-10-05 12:00:00,-41.5,32.4,0.0,29.8561,987.0,1
358,33,1995-10-05 18:00:00,-40.5,32.4,0.0,29.8561,987.0,1
358,34,1995-10-06 00:00:00,-39.4,32.5,0.0,27.5595,990.0,1
358,35,1995-10-06 06:00:00,-38.2,32.5,0.0,25.2629,994.0,1
358,36,1995-10-06 12:00:00,-36.9,32.5,0.0,22.9662,997.0,1
358,37,1995-10-06 18:00:00,-35.3,32.7,0.0,18.373,1001.0,1
359,1,1995-09-30 18:00:00,-89.1,21.4,0.0,18.373,1000.0,1
359,2,1995-10-01 00:00:00,-89.9,21.3,0.0,20.6696,994.0,1
359,3,1995-10-01 06:00:00,-90.7,21.1,0.0,20.6696,987.0,1
359,4,1995-10-01 12:00:00,-91.2,20.9,0.0,20.6696,986.0,1
359,5,1995-10-01 18:00:00,-91.6,20.8,0.0,22.9662,985.0,1
359,6,1995-10-02 00:00:00,-91.9,20.7,0.0,25.2629,984.0,1
359,7,1995-10-02 06:00:00,-92.1,20.8,0.0,27.5595,980.0,1
359,8,1995-10-02 12:00:00,-92.3,21.0,0.0,29.8561,973.0,1
359,9,1995-10-02 18:00:00,-92.3,21.2,0.0,29.8561,972.0,1
359,10,1995-10-03 00:00:00,-92.2,21.7,0.0,32.1527,970.0,1
359,11,1995-10-03 06:00:00,-92.0,22.2,0.0,34.4494,969.0,1
359,12,1995-10-03 12:00:00,-91.6,22.8,0.0,36.746,968.0,1
359,13,1995-10-03 18:00:00,-91.0,23.5,0.0,39.0426,965.0,1
359,14,1995-10-04 00:00:00,-90.1,24.5,0.0,45.9325,953.0,1
359,15,1995-10-04 06:00:00,-89.4,25.9,0.0,50.5258,935.0,1
359,16,1995-10-04 12:00:00,-88.5,27.3,0.0,59.7122,919.0,1
359,17,1995-10-04 18:00:00,-87.7,29.0,0.0,50.5258,938.0,1
359,18,1995-10-05 00:00:00,-86.8,31.0,0.0,36.746,950.0,1
359,19,1995-10-05 06:00:00,-86.2,33.2,0.0,22.9662,974.0,1
359,20,1995-10-05 18:00:00,-83.5,38.5,0.0,18.373,986.0,1
359,21,1995-10-06 00:00:00,-82.3,40.5,0.0,18.373,989.0,1
359,22,1995-10-06 06:00:00,-80.5,42.0,0.0,18.373,991.0,1
360,1,1995-10-05 18:00:00,-40.1,11.1,0.0,18.373,1003.0,1
360,2,1995-10-06 00:00:00,-41.9,11.5,0.0,22.9662,997.0,1
360,3,1995-10-06 06:00:00,-44.0,12.0,0.0,22.9662,994.0,1
360,4,1995-10-06 12:00:00,-45.8,12.2,0.0,22.9662,995.0,1
360,5,1995-10-06 18:00:00,-47.5,12.4,0.0,20.6696,998.0,1
360,6,1995-10-07 00:00:00,-48.8,12.5,0.0,20.6696,1000.0,1
360,7,1995-10-07 06:00:00,-50.0,12.7,0.0,20.6696,1000.0,1
360,8,1995-10-07 12:00:00,-51.1,12.8,0.0,20.6696,1000.0,1
360,9,1995-10-07 18:00:00,-52.3,12.6,0.0,20.6696,1000.0,1
360,10,1995-10-08 00:00:00,-53.9,12.5,0.0,20.6696,1001.0,1
360,11,1995-10-08 06:00:00,-55.7,12.3,0.0,20.6696,1007.0,1
361,1,1995-10-09 06:00:00,-83.0,17.2,0.0,18.373,1001.0,1
361,2,1995-10-09 12:00:00,-82.9,17.9,0.0,20.6696,999.0,1
361,3,1995-10-09 18:00:00,-82.9,18.4,0.0,22.9662,995.0,1
361,4,1995-10-10 00:00:00,-83.7,18.9,0.0,27.5595,989.0,1
361,5,1995-10-10 06:00:00,-84.3,19.2,0.0,32.1527,985.0,1
361,6,1995-10-10 12:00:00,-85.0,19.4,0.0,36.746,972.0,1
361,7,1995-10-10 18:00:00,-86.0,19.9,0.0,43.6359,966.0,1
361,8,1995-10-11 00:00:00,-87.0,20.0,0.0,45.9325,958.0,1
361,9,1995-10-11 06:00:00,-88.1,20.0,0.0,41.3392,970.0,1
361,10,1995-10-11 12:00:00,-89.1,19.9,0.0,34.4494,983.0,1
361,11,1995-10-11 18:00:00,-90.0,19.7,0.0,32.1527,987.0,1
361,12,1995-10-12 00:00:00,-90.8,19.5,0.0,29.8561,990.0,1
361,13,1995-10-12 06:00:00,-91.5,19.5,0.0,29.8561,992.0,1
361,14,1995-10-12 12:00:00,-92.2,19.5,0.0,25.2629,994.0,1
361,15,1995-10-12 18:00:00,-92.6,19.7,0.0,25.2629,995.0,1
361,16,1995-10-13 00:00:00,-92.8,20.1,0.0,25.2629,993.0,1
361,17,1995-10-13 06:00:00,-93.1,20.5,0.0,25.2629,993.0,1
361,18,1995-10-13 12:00:00,-93.6,21.0,0.0,25.2629,992.0,1
361,19,1995-10-13 18:00:00,-93.9,21.4,0.0,25.2629,988.0,1
361,20,1995-10-14 00:00:00,-93.9,21.8,0.0,25.2629,982.0,1
361,21,1995-10-14 06:00:00,-93.9,22.2,0.0,27.5595,981.0,1
361,22,1995-10-14 12:00:00,-93.8,22.3,0.0,29.8561,980.0,1
361,23,1995-10-14 18:00:00,-93.3,22.3,0.0,32.1527,980.0,1
361,24,1995-10-15 00:00:00,-92.9,21.8,0.0,32.1527,979.0,1
361,25,1995-10-15 06:00:00,-92.4,21.4,0.0,34.4494,979.0,1
361,26,1995-10-15 12:00:00,-91.9,21.0,0.0,34.4494,980.0,1
361,27,1995-10-15 18:00:00,-91.6,20.6,0.0,34.4494,980.0,1
361,28,1995-10-16 00:00:00,-91.5,20.4,0.0,34.4494,981.0,1
361,29,1995-10-16 06:00:00,-91.7,20.3,0.0,32.1527,984.0,1
361,30,1995-10-16 12:00:00,-92.0,20.3,0.0,29.8561,985.0,1
361,31,1995-10-16 18:00:00,-92.2,20.4,0.0,29.8561,987.0,1
361,32,1995-10-17 00:00:00,-92.4,20.6,0.0,29.8561,991.0,1
361,33,1995-10-17 06:00:00,-92.6,20.9,0.0,27.5595,995.0,1
361,34,1995-10-17 12:00:00,-92.9,21.2,0.0,25.2629,998.0,1
361,35,1995-10-17 18:00:00,-93.1,21.3,0.0,22.9662,1000.0,1
361,36,1995-10-18 00:00:00,-93.3,21.5,0.0,20.6696,1003.0,1
361,37,1995-10-18 06:00:00,-93.6,21.8,0.0,18.373,1004.0,1
362,1,1995-10-21 12:00:00,-56.3,19.0,0.0,18.373,1005.0,1
362,2,1995-10-21 18:00:00,-56.6,20.1,0.0,18.373,1007.0,1
362,3,1995-10-22 00:00:00,-56.7,21.2,0.0,18.373,1007.0,1
362,4,1995-10-22 06:00:00,-56.8,21.8,0.0,18.373,1006.0,1
362,5,1995-10-22 12:00:00,-57.7,22.0,0.0,20.6696,1004.0,1
362,6,1995-10-22 18:00:00,-58.5,21.5,0.0,25.2629,1001.0,1
362,7,1995-10-23 00:00:00,-59.5,20.9,0.0,22.9662,1001.0,1
362,8,1995-10-23 06:00:00,-60.4,20.1,0.0,20.6696,1002.0,1
362,9,1995-10-23 12:00:00,-61.0,19.4,0.0,18.373,1003.0,1
363,1,1995-10-27 18:00:00,-57.1,27.1,0.0,18.373,998.0,1
363,2,1995-10-28 00:00:00,-56.6,27.2,0.0,20.6696,997.0,1
363,3,1995-10-28 06:00:00,-56.2,27.3,0.0,20.6696,996.0,1
363,4,1995-10-28 12:00:00,-55.7,27.2,0.0,22.9662,995.0,1
363,5,1995-10-28 18:00:00,-54.7,27.5,0.0,25.2629,992.0,1
363,6,1995-10-29 00:00:00,-54.2,28.4,0.0,27.5595,990.0,1
363,7,1995-10-29 06:00:00,-54.2,29.6,0.0,27.5595,987.0,1
363,8,1995-10-29 12:00:00,-54.9,30.5,0.0,29.8561,983.0,1
363,9,1995-10-29 18:00:00,-55.3,31.2,0.0,32.1527,982.0,1
363,10,1995-10-30 00:00:00,-54.8,31.8,0.0,32.1527,980.0,1
363,11,1995-10-30 06:00:00,-54.2,32.6,0.0,32.1527,980.0,1
363,12,1995-10-30 12:00:00,-53.4,33.1,0.0,32.1527,979.0,1
363,13,1995-10-30 18:00:00,-51.8,33.8,0.0,34.4494,977.0,1
363,14,1995-10-31 00:00:00,-50.1,34.6,0.0,34.4494,975.0,1
363,15,1995-10-31 06:00:00,-48.3,35.4,0.0,34.4494,972.0,1
363,16,1995-10-31 12:00:00,-45.8,36.2,0.0,34.4494,973.0,1
363,17,1995-10-31 18:00:00,-43.2,37.1,0.0,34.4494,973.0,1
363,18,1995-11-01 00:00:00,-40.4,37.8,0.0,32.1527,974.0,1
363,19,1995-11-01 06:00:00,-37.9,37.7,0.0,29.8561,974.0,1
363,20,1995-11-01 12:00:00,-35.4,37.4,0.0,27.5595,974.0,1
363,21,1995-11-01 18:00:00,-31.8,37.7,0.0,25.2629,972.0,1
363,22,1995-11-02 00:00:00,-28.2,39.2,0.0,25.2629,970.0,1
363,23,1995-11-02 06:00:00,-25.7,41.8,0.0,25.2629,971.0,1
363,24,1995-11-02 12:00:00,-24.0,44.5,0.0,22.9662,974.0,1
363,25,1995-11-02 18:00:00,-23.0,47.5,0.0,20.6696,976.0,1
363,26,1995-11-03 00:00:00,-24.0,50.5,0.0,18.373,977.0,1
364,1,1996-06-19 12:00:00,-78.1,33.2,0.0,18.373,1005.0,1
364,2,1996-06-19 18:00:00,-77.3,33.9,0.0,18.373,1005.0,1
364,3,1996-06-21 18:00:00,-56.2,37.8,0.0,20.6696,1000.0,1
364,4,1996-06-22 00:00:00,-50.5,38.5,0.0,20.6696,998.0,1
364,5,1996-06-22 06:00:00,-47.0,40.0,0.0,20.6696,995.0,1
364,6,1996-06-22 12:00:00,-43.0,41.0,0.0,20.6696,993.0,1
364,7,1996-06-22 18:00:00,-40.0,42.5,0.0,20.6696,992.0,1
364,8,1996-06-23 00:00:00,-37.0,44.0,0.0,20.6696,996.0,1
365,1,1996-07-06 12:00:00,-48.7,13.7,0.0,18.373,1002.0,1
365,2,1996-07-06 18:00:00,-51.0,14.2,0.0,20.6696,1000.0,1
365,3,1996-07-07 00:00:00,-52.9,14.9,0.0,22.9662,999.0,1
365,4,1996-07-07 06:00:00,-54.8,15.6,0.0,25.2629,997.0,1
365,5,1996-07-07 12:00:00,-56.9,16.4,0.0,27.5595,995.0,1
365,6,1996-07-07 18:00:00,-58.4,16.5,0.0,32.1527,992.0,1
365,7,1996-07-08 00:00:00,-60.1,17.0,0.0,34.4494,988.0,1
365,8,1996-07-08 06:00:00,-61.8,17.5,0.0,34.4494,985.0,1
365,9,1996-07-08 12:00:00,-63.5,18.0,0.0,32.1527,983.0,1
365,10,1996-07-08 18:00:00,-64.9,18.6,0.0,34.4494,978.0,1
365,11,1996-07-09 00:00:00,-66.1,19.4,0.0,36.746,970.0,1
365,12,1996-07-09 06:00:00,-67.7,20.3,0.0,45.9325,960.0,1
365,13,1996-07-09 12:00:00,-69.4,21.4,0.0,45.9325,965.0,1
365,14,1996-07-09 18:00:00,-71.1,22.5,0.0,41.3392,967.0,1
365,15,1996-07-10 00:00:00,-72.6,23.6,0.0,39.0426,969.0,1
365,16,1996-07-10 06:00:00,-74.0,24.5,0.0,36.746,971.0,1
365,17,1996-07-10 12:00:00,-75.3,25.4,0.0,36.746,968.0,1
365,18,1996-07-10 18:00:00,-75.8,26.4,0.0,36.746,966.0,1
365,19,1996-07-11 00:00:00,-76.4,27.5,0.0,34.4494,968.0,1
365,20,1996-07-11 06:00:00,-76.8,28.3,0.0,34.4494,972.0,1
365,21,1996-07-11 12:00:00,-77.5,29.2,0.0,34.4494,977.0,1
365,22,1996-07-11 18:00:00,-78.0,30.0,0.0,32.1527,980.0,1
365,23,1996-07-12 00:00:00,-78.3,30.7,0.0,32.1527,982.0,1
365,24,1996-07-12 06:00:00,-78.6,31.2,0.0,32.1527,984.0,1
365,25,1996-07-12 12:00:00,-78.4,32.2,0.0,39.0426,975.0,1
365,26,1996-07-12 18:00:00,-78.1,33.6,0.0,41.3392,974.0,1
365,27,1996-07-13 00:00:00,-77.6,35.0,0.0,29.8561,993.0,1
365,28,1996-07-13 06:00:00,-77.0,36.7,0.0,27.5595,993.0,1
365,29,1996-07-13 12:00:00,-76.1,38.3,0.0,27.5595,994.0,1
365,30,1996-07-13 18:00:00,-74.5,40.2,0.0,27.5595,994.0,1
365,31,1996-07-14 00:00:00,-71.9,42.1,0.0,27.5595,994.0,1
365,32,1996-07-14 06:00:00,-69.0,44.1,0.0,25.2629,995.0,1
365,33,1996-07-14 12:00:00,-66.0,46.0,0.0,22.9662,995.0,1
365,34,1996-07-14 18:00:00,-62.0,47.0,0.0,22.9662,995.0,1
365,35,1996-07-15 00:00:00,-57.0,48.0,0.0,22.9662,995.0,1
365,36,1996-07-15 06:00:00,-52.0,49.0,0.0,20.6696,996.0,1
365,37,1996-07-15 12:00:00,-47.0,51.0,0.0,18.373,996.0,1
365,38,1996-07-15 18:00:00,-44.0,54.0,0.0,18.373,996.0,1
365,39,1996-07-16 00:00:00,-42.5,57.5,0.0,18.373,991.0,1
365,40,1996-07-16 06:00:00,-42.5,58.5,0.0,18.373,988.0,1
365,41,1996-07-16 12:00:00,-42.0,59.5,0.0,20.6696,988.0,1
365,42,1996-07-16 18:00:00,-41.0,59.8,0.0,20.6696,985.0,1
365,43,1996-07-17 00:00:00,-40.0,60.0,0.0,18.373,993.0,1
366,1,1996-07-25 12:00:00,-68.1,12.1,0.0,18.373,1004.0,1
366,2,1996-07-25 18:00:00,-69.6,12.3,0.0,18.373,1002.0,1
366,3,1996-07-26 00:00:00,-71.0,12.4,0.0,18.373,1002.0,1
366,4,1996-07-26 06:00:00,-72.7,12.4,0.0,18.373,1002.0,1
366,5,1996-07-26 12:00:00,-74.5,12.3,0.0,20.6696,1002.0,1
366,6,1996-07-26 18:00:00,-76.1,11.9,0.0,22.9662,1002.0,1
366,7,1996-07-27 00:00:00,-77.2,11.7,0.0,22.9662,1000.0,1
366,8,1996-07-27 06:00:00,-78.1,11.6,0.0,27.5595,992.0,1
366,9,1996-07-27 12:00:00,-79.5,11.6,0.0,32.1527,992.0,1
366,10,1996-07-27 18:00:00,-81.0,11.8,0.0,29.8561,994.0,1
366,11,1996-07-28 00:00:00,-82.6,12.0,0.0,32.1527,992.0,1
366,12,1996-07-28 06:00:00,-84.2,12.3,0.0,32.1527,990.0,1
366,13,1996-07-28 12:00:00,-86.2,12.7,0.0,22.9662,995.0,1
367,1,1996-08-19 18:00:00,-83.0,18.2,0.0,20.6696,1006.0,1
367,2,1996-08-20 00:00:00,-84.4,18.6,0.0,20.6696,1006.0,1
367,3,1996-08-20 06:00:00,-85.7,18.8,0.0,25.2629,1005.0,1
367,4,1996-08-20 12:00:00,-86.9,19.0,0.0,27.5595,1002.0,1
367,5,1996-08-20 18:00:00,-87.8,19.2,0.0,29.8561,999.0,1
367,6,1996-08-21 00:00:00,-88.7,19.2,0.0,18.373,1001.0,1
367,7,1996-08-22 06:00:00,-92.6,20.1,0.0,20.6696,1002.0,1
367,8,1996-08-22 12:00:00,-93.7,20.4,0.0,20.6696,999.0,1
367,9,1996-08-22 18:00:00,-94.2,20.6,0.0,22.9662,993.0,1
367,10,1996-08-23 00:00:00,-94.9,20.9,0.0,25.2629,990.0,1
367,11,1996-08-23 06:00:00,-96.1,21.3,0.0,27.5595,991.0,1
367,12,1996-08-23 12:00:00,-97.7,21.6,0.0,32.1527,989.0,1
367,13,1996-08-23 18:00:00,-99.3,21.6,0.0,20.6696,997.0,1
368,1,1996-08-22 12:00:00,-32.9,13.4,0.0,18.373,1003.0,1
368,2,1996-08-22 18:00:00,-34.4,13.5,0.0,18.373,1002.0,1
368,3,1996-08-23 00:00:00,-35.8,13.7,0.0,20.6696,1000.0,1
368,4,1996-08-23 06:00:00,-37.0,13.8,0.0,22.9662,996.0,1
368,5,1996-08-23 12:00:00,-38.3,13.9,0.0,29.8561,988.0,1
368,6,1996-08-23 18:00:00,-39.8,14.0,0.0,29.8561,986.0,1
368,7,1996-08-24 00:00:00,-41.1,14.1,0.0,32.1527,983.0,1
368,8,1996-08-24 06:00:00,-42.4,14.1,0.0,34.4494,980.0,1
368,9,1996-08-24 12:00:00,-43.6,14.4,0.0,41.3392,970.0,1
368,10,1996-08-24 18:00:00,-44.7,14.6,0.0,45.9325,960.0,1
368,11,1996-08-25 00:00:00,-45.8,15.0,0.0,55.119,942.0,1
368,12,1996-08-25 06:00:00,-47.0,15.4,0.0,57.4156,933.0,1
368,13,1996-08-25 12:00:00,-48.3,15.9,0.0,57.4156,934.0,1
368,14,1996-08-25 18:00:00,-49.6,16.5,0.0,57.4156,935.0,1
368,15,1996-08-26 00:00:00,-50.9,17.0,0.0,57.4156,936.0,1
368,16,1996-08-26 06:00:00,-52.0,17.5,0.0,57.4156,936.0,1
368,17,1996-08-26 12:00:00,-53.2,17.9,0.0,57.4156,937.0,1
368,18,1996-08-26 18:00:00,-54.5,18.4,0.0,57.4156,938.0,1
368,19,1996-08-27 00:00:00,-55.6,18.9,0.0,57.4156,942.0,1
368,20,1996-08-27 06:00:00,-56.9,19.5,0.0,55.119,948.0,1
368,21,1996-08-27 12:00:00,-58.1,20.0,0.0,52.8224,952.0,1
368,22,1996-08-27 18:00:00,-59.3,20.4,0.0,52.8224,951.0,1
368,23,1996-08-28 00:00:00,-60.4,20.9,0.0,57.4156,944.0,1
368,24,1996-08-28 06:00:00,-61.7,21.3,0.0,52.8224,952.0,1
368,25,1996-08-28 12:00:00,-63.2,21.9,0.0,50.5258,960.0,1
368,26,1996-08-28 18:00:00,-64.6,22.3,0.0,50.5258,956.0,1
368,27,1996-08-29 00:00:00,-65.9,22.9,0.0,50.5258,957.0,1
368,28,1996-08-29 06:00:00,-67.1,23.4,0.0,50.5258,961.0,1
368,29,1996-08-29 12:00:00,-68.1,24.0,0.0,52.8224,950.0,1
368,30,1996-08-29 18:00:00,-69.0,24.7,0.0,55.119,948.0,1
368,31,1996-08-30 00:00:00,-69.5,25.5,0.0,55.119,941.0,1
368,32,1996-08-30 06:00:00,-69.9,26.4,0.0,55.119,939.0,1
368,33,1996-08-30 12:00:00,-70.2,27.4,0.0,55.119,938.0,1
368,34,1996-08-30 18:00:00,-70.5,28.5,0.0,55.119,934.0,1
368,35,1996-08-31 00:00:00,-70.5,29.5,0.0,50.5258,944.0,1
368,36,1996-08-31 06:00:00,-70.6,30.4,0.0,48.2291,950.0,1
368,37,1996-08-31 12:00:00,-70.3,31.6,0.0,48.2291,952.0,1
368,38,1996-08-31 18:00:00,-70.1,32.7,0.0,45.9325,953.0,1
368,39,1996-09-01 00:00:00,-70.1,34.0,0.0,45.9325,959.0,1
368,40,1996-09-01 06:00:00,-70.1,35.2,0.0,45.9325,958.0,1
368,41,1996-09-01 12:00:00,-70.2,36.5,0.0,43.6359,958.0,1
368,42,1996-09-01 18:00:00,-70.0,37.5,0.0,39.0426,960.0,1
368,43,1996-09-02 00:00:00,-69.5,38.7,0.0,36.746,964.0,1
368,44,1996-09-02 06:00:00,-69.4,39.8,0.0,32.1527,961.0,1
368,45,1996-09-02 12:00:00,-68.3,40.5,0.0,32.1527,962.0,1
368,46,1996-09-02 18:00:00,-67.3,41.3,0.0,29.8561,972.0,1
368,47,1996-09-03 00:00:00,-66.8,42.0,0.0,27.5595,978.0,1
368,48,1996-09-03 06:00:00,-66.0,42.2,0.0,25.2629,985.0,1
368,49,1996-09-03 12:00:00,-65.0,42.5,0.0,22.9662,992.0,1
368,50,1996-09-03 18:00:00,-63.0,42.7,0.0,22.9662,995.0,1
368,51,1996-09-04 00:00:00,-59.8,43.2,0.0,22.9662,997.0,1
368,52,1996-09-04 06:00:00,-57.5,43.3,0.0,22.9662,994.0,1
368,53,1996-09-04 12:00:00,-55.5,43.4,0.0,22.9662,994.0,1
368,54,1996-09-04 18:00:00,-53.5,43.5,0.0,22.9662,995.0,1
368,55,1996-09-05 00:00:00,-51.5,43.5,0.0,22.9662,995.0,1
368,56,1996-09-05 06:00:00,-50.0,43.5,0.0,20.6696,994.0,1
368,57,1996-09-05 12:00:00,-48.5,43.5,0.0,20.6696,994.0,1
368,58,1996-09-05 18:00:00,-47.5,43.7,0.0,20.6696,995.0,1
368,59,1996-09-06 00:00:00,-46.0,44.5,0.0,18.373,995.0,1
368,60,1996-09-06 06:00:00,-44.0,46.0,0.0,18.373,994.0,1
368,61,1996-09-06 12:00:00,-43.0,48.0,0.0,18.373,992.0,1
368,62,1996-09-06 18:00:00,-41.0,50.0,0.0,18.373,990.0,1
369,1,1996-08-27 18:00:00,-46.1,14.6,0.0,18.373,1004.0,1
369,2,1996-08-28 00:00:00,-47.5,14.6,0.0,20.6696,1002.0,1
369,3,1996-08-28 06:00:00,-49.1,15.0,0.0,22.9662,1000.0,1
369,4,1996-08-28 12:00:00,-50.7,15.5,0.0,25.2629,995.0,1
369,5,1996-08-28 18:00:00,-52.3,15.9,0.0,27.5595,990.0,1
369,6,1996-08-29 00:00:00,-53.7,16.4,0.0,29.8561,987.0,1
369,7,1996-08-29 06:00:00,-55.0,17.0,0.0,29.8561,987.0,1
369,8,1996-08-29 12:00:00,-56.3,17.8,0.0,29.8561,988.0,1
369,9,1996-08-29 18:00:00,-57.5,18.6,0.0,29.8561,988.0,1
369,10,1996-08-30 00:00:00,-58.5,19.1,0.0,29.8561,991.0,1
369,11,1996-08-30 06:00:00,-59.4,19.4,0.0,29.8561,991.0,1
369,12,1996-08-30 12:00:00,-60.1,19.8,0.0,29.8561,989.0,1
369,13,1996-08-30 18:00:00,-60.6,20.2,0.0,27.5595,990.0,1
369,14,1996-08-31 00:00:00,-60.9,20.5,0.0,27.5595,988.0,1
369,15,1996-08-31 06:00:00,-61.2,20.8,0.0,27.5595,987.0,1
369,16,1996-08-31 12:00:00,-61.4,21.1,0.0,29.8561,984.0,1
369,17,1996-08-31 18:00:00,-61.7,21.5,0.0,29.8561,983.0,1
369,18,1996-09-01 00:00:00,-62.1,21.7,0.0,29.8561,978.0,1
369,19,1996-09-01 06:00:00,-62.6,21.9,0.0,29.8561,982.0,1
369,20,1996-09-01 12:00:00,-63.2,22.2,0.0,32.1527,982.0,1
369,21,1996-09-01 18:00:00,-63.9,22.5,0.0,34.4494,981.0,1
369,22,1996-09-02 00:00:00,-64.7,22.9,0.0,34.4494,978.0,1
369,23,1996-09-02 06:00:00,-65.7,23.3,0.0,34.4494,976.0,1
369,24,1996-09-02 12:00:00,-66.7,23.6,0.0,34.4494,976.0,1
369,25,1996-09-02 18:00:00,-67.9,23.9,0.0,34.4494,976.0,1
369,26,1996-09-03 00:00:00,-69.0,24.2,0.0,34.4494,977.0,1
369,27,1996-09-03 06:00:00,-70.1,24.4,0.0,36.746,975.0,1
369,28,1996-09-03 12:00:00,-71.2,24.7,0.0,36.746,973.0,1
369,29,1996-09-03 18:00:00,-72.2,25.2,0.0,39.0426,968.0,1
369,30,1996-09-04 00:00:00,-73.1,25.7,0.0,43.6359,961.0,1
369,31,1996-09-04 06:00:00,-73.9,26.4,0.0,45.9325,953.0,1
369,32,1996-09-04 12:00:00,-74.7,27.0,0.0,48.2291,956.0,1
369,33,1996-09-04 18:00:00,-75.5,27.7,0.0,48.2291,952.0,1
369,34,1996-09-05 00:00:00,-76.1,28.6,0.0,48.2291,946.0,1
369,35,1996-09-05 06:00:00,-76.7,29.8,0.0,48.2291,952.0,1
369,36,1996-09-05 12:00:00,-77.2,31.0,0.0,45.9325,954.0,1
369,37,1996-09-05 18:00:00,-77.8,32.3,0.0,45.9325,952.0,1
369,38,1996-09-06 00:00:00,-78.0,33.7,0.0,45.9325,954.0,1
369,39,1996-09-06 00:30:00,-78.0,33.9,0.0,45.9325,954.0,1
369,40,1996-09-06 06:00:00,-78.7,35.2,0.0,29.8561,970.0,1
369,41,1996-09-06 12:00:00,-79.0,36.7,0.0,18.373,985.0,1
370,1,1996-08-29 00:00:00,-35.2,12.5,0.0,18.373,1005.0,1
370,2,1996-08-29 06:00:00,-36.2,13.1,0.0,18.373,1005.0,1
370,3,1996-08-29 12:00:00,-37.2,13.7,0.0,18.373,1005.0,1
370,4,1996-08-29 18:00:00,-38.0,14.4,0.0,18.373,1005.0,1
371,1,1996-09-07 12:00:00,-59.6,15.6,0.0,18.373,1004.0,1
371,2,1996-09-07 18:00:00,-60.4,15.8,0.0,18.373,1000.0,1
371,3,1996-09-08 00:00:00,-61.2,16.1,0.0,22.9662,996.0,1
371,4,1996-09-08 06:00:00,-62.0,16.1,0.0,25.2629,996.0,1
371,5,1996-09-08 12:00:00,-62.8,16.1,0.0,27.5595,996.0,1
371,6,1996-09-08 18:00:00,-63.6,16.1,0.0,27.5595,991.0,1
371,7,1996-09-09 00:00:00,-64.1,16.1,0.0,27.5595,990.0,1
371,8,1996-09-09 06:00:00,-64.5,16.1,0.0,32.1527,987.0,1
371,9,1996-09-09 12:00:00,-65.0,16.3,0.0,32.1527,985.0,1
371,10,1996-09-09 18:00:00,-65.6,16.6,0.0,32.1527,990.0,1
371,11,1996-09-10 00:00:00,-66.1,17.1,0.0,32.1527,989.0,1
371,12,1996-09-10 06:00:00,-66.9,18.0,0.0,32.1527,989.0,1
371,13,1996-09-10 12:00:00,-67.8,18.3,0.0,29.8561,989.0,1
371,14,1996-09-10 18:00:00,-68.4,18.9,0.0,29.8561,990.0,1
371,15,1996-09-11 00:00:00,-68.9,19.5,0.0,32.1527,982.0,1
371,16,1996-09-11 06:00:00,-69.5,20.1,0.0,34.4494,975.0,1
371,17,1996-09-11 12:00:00,-70.1,20.9,0.0,41.3392,971.0,1
371,18,1996-09-11 18:00:00,-70.6,21.6,0.0,43.6359,970.0,1
371,19,1996-09-12 00:00:00,-71.1,22.3,0.0,45.9325,967.0,1
371,20,1996-09-12 06:00:00,-71.4,23.0,0.0,48.2291,962.0,1
371,21,1996-09-12 12:00:00,-71.8,23.9,0.0,52.8224,959.0,1
371,22,1996-09-12 18:00:00,-71.8,24.7,0.0,52.8224,946.0,1
371,23,1996-09-13 00:00:00,-71.5,25.9,0.0,55.119,935.0,1
371,24,1996-09-13 06:00:00,-71.4,27.2,0.0,52.8224,942.0,1
371,25,1996-09-13 12:00:00,-70.9,29.0,0.0,45.9325,948.0,1
371,26,1996-09-13 18:00:00,-70.3,31.0,0.0,45.9325,948.0,1
371,27,1996-09-14 00:00:00,-69.5,33.3,0.0,41.3392,948.0,1
371,28,1996-09-14 06:00:00,-68.4,35.9,0.0,41.3392,955.0,1
371,29,1996-09-14 12:00:00,-67.1,38.5,0.0,39.0426,960.0,1
371,30,1996-09-14 18:00:00,-65.2,42.0,0.0,34.4494,960.0,1
371,31,1996-09-15 00:00:00,-63.3,44.3,0.0,32.1527,970.0,1
371,32,1996-09-15 06:00:00,-61.5,45.5,0.0,29.8561,980.0,1
371,33,1996-09-15 12:00:00,-59.1,46.3,0.0,27.5595,982.0,1
371,34,1996-09-15 18:00:00,-55.0,46.0,0.0,18.373,996.0,1
371,35,1996-09-16 00:00:00,-54.0,46.0,0.0,18.373,998.0,1
372,1,1996-09-25 12:00:00,-30.0,10.7,0.0,20.6696,1000.0,1
372,2,1996-09-25 18:00:00,-31.7,11.0,0.0,22.9662,994.0,1
372,3,1996-09-26 00:00:00,-32.8,11.2,0.0,27.5595,988.0,1
372,4,1996-09-26 06:00:00,-34.2,11.7,0.0,32.1527,984.0,1
372,5,1996-09-26 12:00:00,-35.8,12.4,0.0,32.1527,980.0,1
372,6,1996-09-26 18:00:00,-37.1,12.8,0.0,34.4494,977.0,1
372,7,1996-09-27 00:00:00,-38.6,13.1,0.0,36.746,974.0,1
372,8,1996-09-27 06:00:00,-39.8,13.7,0.0,39.0426,972.0,1
372,9,1996-09-27 12:00:00,-41.1,14.1,0.0,41.3392,968.0,1
372,10,1996-09-27 18:00:00,-42.2,14.9,0.0,43.6359,963.0,1
372,11,1996-09-28 00:00:00,-42.9,15.8,0.0,45.9325,960.0,1
372,12,1996-09-28 06:00:00,-43.1,16.7,0.0,45.9325,961.0,1
372,13,1996-09-28 12:00:00,-43.2,17.8,0.0,43.6359,965.0,1
372,14,1996-09-28 18:00:00,-43.2,19.0,0.0,41.3392,968.0,1
372,15,1996-09-29 00:00:00,-42.9,20.0,0.0,39.0426,973.0,1
372,16,1996-09-29 06:00:00,-42.2,20.8,0.0,34.4494,979.0,1
372,17,1996-09-29 12:00:00,-41.3,21.8,0.0,32.1527,982.0,1
372,18,1996-09-29 18:00:00,-40.9,22.6,0.0,29.8561,986.0,1
372,19,1996-09-30 00:00:00,-40.4,23.8,0.0,27.5595,989.0,1
372,20,1996-09-30 06:00:00,-40.1,25.3,0.0,27.5595,992.0,1
372,21,1996-09-30 12:00:00,-40.0,26.7,0.0,22.9662,995.0,1
372,22,1996-09-30 18:00:00,-40.1,28.2,0.0,20.6696,997.0,1
373,1,1996-10-07 00:00:00,-90.4,25.5,0.0,18.373,996.0,1
373,2,1996-10-07 06:00:00,-88.9,25.9,0.0,22.9662,992.0,1
373,3,1996-10-07 12:00:00,-87.3,26.9,0.0,27.5595,981.0,1
373,4,1996-10-07 18:00:00,-86.0,28.2,0.0,27.5595,983.0,1
373,5,1996-10-08 00:00:00,-84.5,29.3,0.0,27.5595,983.0,1
373,6,1996-10-08 06:00:00,-82.3,30.9,0.0,20.6696,990.0,1
373,7,1996-10-08 12:00:00,-79.0,34.0,0.0,20.6696,988.0,1
373,8,1996-10-08 18:00:00,-76.0,36.0,0.0,20.6696,986.0,1
373,9,1996-10-09 00:00:00,-73.5,38.0,0.0,20.6696,983.0,1
373,10,1996-10-09 06:00:00,-71.0,41.0,0.0,20.6696,980.0,1
373,11,1996-10-09 12:00:00,-68.0,42.5,0.0,20.6696,980.0,1
373,12,1996-10-09 18:00:00,-65.5,44.5,0.0,20.6696,984.0,1
373,13,1996-10-10 00:00:00,-62.5,46.5,0.0,20.6696,985.0,1
373,14,1996-10-10 06:00:00,-58.0,48.5,0.0,20.6696,985.0,1
373,15,1996-10-10 12:00:00,-55.0,49.5,0.0,20.6696,983.0,1
373,16,1996-10-10 18:00:00,-50.0,50.5,0.0,20.6696,984.0,1
373,17,1996-10-11 00:00:00,-44.0,51.0,0.0,20.6696,984.0,1
373,18,1996-10-11 06:00:00,-38.0,51.0,0.0,20.6696,986.0,1
373,19,1996-10-11 12:00:00,-32.0,51.0,0.0,20.6696,988.0,1
373,20,1996-10-11 18:00:00,-26.0,51.0,0.0,20.6696,989.0,1
373,21,1996-10-12 00:00:00,-21.0,51.0,0.0,20.6696,985.0,1
373,22,1996-10-12 06:00:00,-18.0,51.0,0.0,20.6696,980.0,1
373,23,1996-10-12 12:00:00,-16.5,51.5,0.0,20.6696,982.0,1
373,24,1996-10-12 18:00:00,-15.5,52.5,0.0,22.9662,977.0,1
373,25,1996-10-13 00:00:00,-15.5,53.0,0.0,25.2629,973.0,1
373,26,1996-10-13 06:00:00,-15.5,53.5,0.0,27.5595,971.0,1
373,27,1996-10-13 12:00:00,-15.5,54.0,0.0,25.2629,972.0,1
373,28,1996-10-13 18:00:00,-15.5,55.5,0.0,22.9662,977.0,1
373,29,1996-10-14 00:00:00,-16.0,57.5,0.0,20.6696,982.0,1
373,30,1996-10-14 06:00:00,-18.0,60.0,0.0,20.6696,977.0,1
373,31,1996-10-14 12:00:00,-20.0,61.0,0.0,20.6696,972.0,1
373,32,1996-10-14 18:00:00,-22.0,62.0,0.0,20.6696,970.0,1
373,33,1996-10-15 00:00:00,-24.0,62.5,0.0,20.6696,972.0,1
373,34,1996-10-15 06:00:00,-26.0,63.0,0.0,20.6696,978.0,1
373,35,1996-10-15 12:00:00,-28.0,63.0,0.0,18.373,983.0,1
374,1,1996-10-11 18:00:00,-87.1,16.9,0.0,20.6696,1002.0,1
374,2,1996-10-12 00:00:00,-87.5,16.6,0.0,20.6696,1001.0,1
375,1,1996-10-16 12:00:00,-83.8,18.2,0.0,20.6696,998.0,1
375,2,1996-10-16 18:00:00,-84.5,18.3,0.0,22.9662,996.0,1
375,3,1996-10-17 00:00:00,-84.2,18.2,0.0,25.2629,992.0,1
375,4,1996-10-17 06:00:00,-83.7,18.8,0.0,27.5595,990.0,1
375,5,1996-10-17 12:00:00,-83.5,19.6,0.0,29.8561,987.0,1
375,6,1996-10-17 18:00:00,-83.1,20.5,0.0,32.1527,984.0,1
375,7,1996-10-18 00:00:00,-82.8,21.3,0.0,32.1527,982.0,1
375,8,1996-10-18 06:00:00,-82.2,21.8,0.0,34.4494,980.0,1
375,9,1996-10-18 12:00:00,-81.5,22.4,0.0,39.0426,975.0,1
375,10,1996-10-18 18:00:00,-80.0,22.5,0.0,36.746,975.0,1
375,11,1996-10-19 00:00:00,-78.2,23.0,0.0,39.0426,975.0,1
375,12,1996-10-19 06:00:00,-76.2,23.5,0.0,41.3392,970.0,1
375,13,1996-10-19 12:00:00,-74.0,24.4,0.0,45.9325,960.0,1
375,14,1996-10-19 18:00:00,-71.5,25.5,0.0,41.3392,962.0,1
375,15,1996-10-20 00:00:00,-69.0,26.9,0.0,36.746,964.0,1
375,16,1996-10-20 06:00:00,-67.0,28.3,0.0,36.746,968.0,1
375,17,1996-10-20 12:00:00,-65.0,29.6,0.0,39.0426,960.0,1
375,18,1996-10-20 18:00:00,-62.9,30.7,0.0,34.4494,970.0,1
375,19,1996-10-21 00:00:00,-60.8,31.9,0.0,34.4494,980.0,1
375,20,1996-10-21 06:00:00,-59.1,33.0,0.0,32.1527,985.0,1
375,21,1996-10-21 12:00:00,-57.9,33.7,0.0,29.8561,986.0,1
375,22,1996-10-21 18:00:00,-57.0,34.0,0.0,29.8561,987.0,1
375,23,1996-10-22 00:00:00,-55.9,34.0,0.0,29.8561,987.0,1
375,24,1996-10-22 06:00:00,-55.2,33.8,0.0,29.8561,987.0,1
375,25,1996-10-22 12:00:00,-54.6,33.7,0.0,29.8561,987.0,1
375,26,1996-10-22 18:00:00,-54.0,33.5,0.0,29.8561,987.0,1
375,27,1996-10-23 00:00:00,-53.9,33.4,0.0,29.8561,987.0,1
375,28,1996-10-23 06:00:00,-53.8,33.2,0.0,29.8561,985.0,1
375,29,1996-10-23 12:00:00,-53.7,33.1,0.0,29.8561,981.0,1
375,30,1996-10-23 18:00:00,-53.2,33.3,0.0,32.1527,979.0,1
375,31,1996-10-24 00:00:00,-52.8,33.7,0.0,32.1527,979.0,1
375,32,1996-10-24 06:00:00,-52.5,34.0,0.0,32.1527,979.0,1
375,33,1996-10-24 12:00:00,-51.9,34.0,0.0,32.1527,979.0,1
375,34,1996-10-24 18:00:00,-51.2,34.1,0.0,34.4494,979.0,1
375,35,1996-10-25 00:00:00,-49.9,34.3,0.0,36.746,977.0,1
375,36,1996-10-25 06:00:00,-47.8,35.0,0.0,36.746,973.0,1
375,37,1996-10-25 12:00:00,-45.4,35.8,0.0,39.0426,970.0,1
375,38,1996-10-25 18:00:00,-43.3,37.2,0.0,36.746,971.0,1
375,39,1996-10-26 00:00:00,-41.0,38.1,0.0,34.4494,975.0,1
375,40,1996-10-26 06:00:00,-38.8,39.2,0.0,32.1527,978.0,1
375,41,1996-10-26 12:00:00,-35.8,40.5,0.0,29.8561,979.0,1
375,42,1996-10-26 18:00:00,-33.2,42.3,0.0,27.5595,980.0,1
375,43,1996-10-27 00:00:00,-30.5,44.3,0.0,25.2629,978.0,1
375,44,1996-10-27 06:00:00,-27.2,46.3,0.0,25.2629,980.0,1
375,45,1996-10-27 12:00:00,-23.1,48.2,0.0,25.2629,978.0,1
375,46,1996-10-27 18:00:00,-19.0,50.3,0.0,25.2629,973.0,1
375,47,1996-10-28 00:00:00,-15.5,52.5,0.0,25.2629,973.0,1
375,48,1996-10-28 06:00:00,-12.0,53.8,0.0,25.2629,973.0,1
375,49,1996-10-28 12:00:00,-7.5,54.0,0.0,25.2629,970.0,1
375,50,1996-10-28 18:00:00,-3.5,54.5,0.0,25.2629,970.0,1
375,51,1996-10-29 00:00:00,1.0,54.0,0.0,25.2629,976.0,1
376,1,1996-11-19 12:00:00,-80.7,13.5,0.0,20.6696,997.0,1
376,2,1996-11-19 18:00:00,-80.2,13.5,0.0,25.2629,995.0,1
376,3,1996-11-20 00:00:00,-79.5,13.8,0.0,27.5595,990.0,1
376,4,1996-11-20 06:00:00,-78.5,13.8,0.0,29.8561,983.0,1
376,5,1996-11-20 12:00:00,-77.8,14.2,0.0,29.8561,989.0,1
376,6,1996-11-20 18:00:00,-77.4,14.6,0.0,20.6696,1000.0,1
376,7,1996-11-21 00:00:00,-77.1,14.9,0.0,20.6696,1000.0,1
376,8,1996-11-21 06:00:00,-76.8,15.1,0.0,20.6696,995.0,1
376,9,1996-11-21 12:00:00,-76.6,15.3,0.0,22.9662,993.0,1
376,10,1996-11-21 18:00:00,-76.5,15.6,0.0,22.9662,995.0,1
376,11,1996-11-22 00:00:00,-76.3,15.8,0.0,25.2629,992.0,1
376,12,1996-11-22 06:00:00,-76.0,15.9,0.0,25.2629,985.0,1
376,13,1996-11-22 12:00:00,-75.4,15.9,0.0,27.5595,987.0,1
376,14,1996-11-22 18:00:00,-75.0,15.9,0.0,22.9662,995.0,1
376,15,1996-11-23 00:00:00,-74.7,16.0,0.0,20.6696,995.0,1
376,16,1996-11-25 00:00:00,-80.2,16.7,0.0,20.6696,1002.0,1
376,17,1996-11-25 06:00:00,-81.5,17.5,0.0,22.9662,1002.0,1
376,18,1996-11-25 12:00:00,-82.6,18.3,0.0,25.2629,1001.0,1
376,19,1996-11-25 18:00:00,-83.5,19.2,0.0,20.6696,1009.0,1
376,20,1996-11-26 00:00:00,-84.0,19.7,0.0,18.373,1009.0,1
377,1,1997-06-01 18:00:00,-74.1,35.5,0.0,20.6696,1004.0,1
377,2,1997-06-02 00:00:00,-72.2,37.6,0.0,20.6696,1006.0,1
377,3,1997-06-02 06:00:00,-70.4,39.5,0.0,18.373,1008.0,1
378,1,1997-07-01 12:00:00,-74.6,31.7,0.0,18.373,1004.0,1
378,2,1997-07-01 18:00:00,-73.8,31.4,0.0,18.373,1002.0,1
378,3,1997-07-02 00:00:00,-72.9,31.4,0.0,18.373,1000.0,1
379,1,1997-07-11 12:00:00,-68.9,31.8,0.0,18.373,1013.0,1
379,2,1997-07-11 18:00:00,-67.6,33.1,0.0,20.6696,1010.0,1
379,3,1997-07-12 00:00:00,-65.8,34.7,0.0,22.9662,1005.0,1
379,4,1997-07-12 06:00:00,-63.6,36.3,0.0,27.5595,995.0,1
379,5,1997-07-12 12:00:00,-61.1,37.9,0.0,29.8561,987.0,1
379,6,1997-07-12 18:00:00,-58.4,39.6,0.0,29.8561,987.0,1
379,7,1997-07-13 00:00:00,-55.4,41.6,0.0,27.5595,990.0,1
379,8,1997-07-13 06:00:00,-53.0,44.0,0.0,18.373,990.0,1
380,1,1997-07-13 18:00:00,-73.0,31.9,0.0,18.373,1004.0,1
380,2,1997-07-14 00:00:00,-73.0,32.3,0.0,18.373,1003.0,1
380,3,1997-07-14 06:00:00,-72.9,32.7,0.0,18.373,1003.0,1
380,4,1997-07-14 12:00:00,-72.7,33.4,0.0,18.373,1004.0,1
380,5,1997-07-14 18:00:00,-72.6,34.0,0.0,18.373,1005.0,1
380,6,1997-07-15 12:00:00,-69.3,36.2,0.0,18.373,1009.0,1
381,1,1997-07-17 12:00:00,-91.4,28.3,0.0,18.373,1003.0,1
381,2,1997-07-17 18:00:00,-91.0,28.6,0.0,22.9662,1002.0,1
381,3,1997-07-18 00:00:00,-90.2,28.9,0.0,25.2629,997.0,1
381,4,1997-07-18 06:00:00,-89.9,29.2,0.0,29.8561,992.0,1
381,5,1997-07-18 12:00:00,-89.4,29.5,0.0,32.1527,990.0,1
381,6,1997-07-18 18:00:00,-89.0,29.7,0.0,32.1527,988.0,1
381,7,1997-07-19 00:00:00,-88.4,29.8,0.0,32.1527,984.0,1
381,8,1997-07-19 06:00:00,-88.1,30.1,0.0,29.8561,987.0,1
381,9,1997-07-19 12:00:00,-88.0,30.3,0.0,32.1527,984.0,1
381,10,1997-07-19 18:00:00,-87.9,30.4,0.0,29.8561,986.0,1
381,11,1997-07-20 00:00:00,-87.6,30.3,0.0,27.5595,991.0,1
381,12,1997-07-20 06:00:00,-87.5,30.4,0.0,20.6696,998.0,1
381,13,1997-07-24 18:00:00,-76.7,36.4,0.0,18.373,1000.0,1
381,14,1997-07-25 00:00:00,-73.5,37.5,0.0,22.9662,996.0,1
381,15,1997-07-25 06:00:00,-71.6,38.6,0.0,22.9662,995.0,1
381,16,1997-07-25 12:00:00,-70.4,40.0,0.0,22.9662,995.0,1
381,17,1997-07-25 18:00:00,-69.9,40.7,0.0,22.9662,994.0,1
381,18,1997-07-26 00:00:00,-69.6,40.7,0.0,20.6696,995.0,1
381,19,1997-07-26 06:00:00,-68.0,40.4,0.0,20.6696,998.0,1
381,20,1997-07-26 12:00:00,-65.6,40.6,0.0,18.373,1003.0,1
381,21,1997-07-26 18:00:00,-63.0,41.0,0.0,18.373,1004.0,1
381,22,1997-07-27 00:00:00,-60.4,41.7,0.0,18.373,1004.0,1
381,23,1997-07-27 06:00:00,-56.0,42.8,0.0,18.373,1004.0,1
382,1,1997-09-04 00:00:00,-48.5,13.1,0.0,18.373,1002.0,1
382,2,1997-09-04 06:00:00,-49.9,13.9,0.0,22.9662,1001.0,1
382,3,1997-09-04 12:00:00,-51.7,14.6,0.0,25.2629,1000.0,1
382,4,1997-09-04 18:00:00,-53.7,15.2,0.0,29.8561,999.0,1
382,5,1997-09-05 00:00:00,-55.3,15.6,0.0,29.8561,998.0,1
382,6,1997-09-05 06:00:00,-56.4,16.0,0.0,29.8561,997.0,1
382,7,1997-09-05 12:00:00,-57.4,16.4,0.0,29.8561,996.0,1
382,8,1997-09-05 18:00:00,-58.3,17.0,0.0,29.8561,990.0,1
382,9,1997-09-06 00:00:00,-59.2,17.5,0.0,29.8561,988.0,1
382,10,1997-09-06 06:00:00,-60.0,18.1,0.0,32.1527,986.0,1
382,11,1997-09-06 12:00:00,-60.9,18.6,0.0,32.1527,982.0,1
382,12,1997-09-06 18:00:00,-61.7,19.0,0.0,34.4494,980.0,1
382,13,1997-09-07 00:00:00,-62.4,19.4,0.0,34.4494,979.0,1
382,14,1997-09-07 06:00:00,-62.8,19.7,0.0,34.4494,978.0,1
382,15,1997-09-07 12:00:00,-63.1,20.2,0.0,34.4494,975.0,1
382,16,1997-09-07 18:00:00,-63.2,20.6,0.0,41.3392,970.0,1
382,17,1997-09-08 00:00:00,-63.2,21.2,0.0,43.6359,966.0,1
382,18,1997-09-08 06:00:00,-63.2,21.8,0.0,45.9325,961.0,1
382,19,1997-09-08 12:00:00,-62.9,22.5,0.0,48.2291,957.0,1
382,20,1997-09-08 18:00:00,-62.5,23.2,0.0,50.5258,952.0,1
382,21,1997-09-09 00:00:00,-62.0,24.1,0.0,50.5258,948.0,1
382,22,1997-09-09 06:00:00,-61.4,25.2,0.0,50.5258,946.0,1
382,23,1997-09-09 12:00:00,-60.8,26.5,0.0,50.5258,947.0,1
382,24,1997-09-09 18:00:00,-60.2,27.9,0.0,50.5258,951.0,1
382,25,1997-09-10 00:00:00,-59.6,29.3,0.0,48.2291,955.0,1
382,26,1997-09-10 06:00:00,-58.9,30.8,0.0,45.9325,960.0,1
382,27,1997-09-10 12:00:00,-58.3,32.2,0.0,43.6359,965.0,1
382,28,1997-09-10 18:00:00,-57.5,33.6,0.0,41.3392,970.0,1
382,29,1997-09-11 00:00:00,-56.4,34.8,0.0,36.746,973.0,1
382,30,1997-09-11 06:00:00,-55.1,35.7,0.0,34.4494,977.0,1
382,31,1997-09-11 12:00:00,-53.6,36.4,0.0,32.1527,984.0,1
382,32,1997-09-11 18:00:00,-51.9,37.1,0.0,29.8561,988.0,1
382,33,1997-09-12 00:00:00,-49.9,37.6,0.0,27.5595,990.0,1
382,34,1997-09-12 06:00:00,-48.0,38.0,0.0,25.2629,994.0,1
382,35,1997-09-12 12:00:00,-46.2,38.5,0.0,25.2629,995.0,1
382,36,1997-09-12 18:00:00,-44.9,38.9,0.0,22.9662,995.0,1
382,37,1997-09-13 00:00:00,-44.0,39.0,0.0,20.6696,995.0,1
382,38,1997-09-13 06:00:00,-43.2,38.9,0.0,20.6696,995.0,1
382,39,1997-09-13 12:00:00,-42.3,38.5,0.0,20.6696,995.0,1
382,40,1997-09-13 18:00:00,-41.3,38.1,0.0,20.6696,995.0,1
382,41,1997-09-14 00:00:00,-40.2,37.8,0.0,20.6696,995.0,1
382,42,1997-09-14 06:00:00,-39.1,37.6,0.0,22.9662,992.0,1
382,43,1997-09-14 12:00:00,-37.9,37.6,0.0,25.2629,989.0,1
382,44,1997-09-14 18:00:00,-36.5,37.8,0.0,25.2629,987.0,1
382,45,1997-09-15 00:00:00,-35.0,38.2,0.0,27.5595,984.0,1
382,46,1997-09-15 06:00:00,-33.4,38.9,0.0,25.2629,984.0,1
382,47,1997-09-15 12:00:00,-31.7,39.7,0.0,22.9662,983.0,1
382,48,1997-09-15 18:00:00,-29.9,40.9,0.0,22.9662,984.0,1
382,49,1997-09-16 00:00:00,-28.2,42.2,0.0,22.9662,985.0,1
382,50,1997-09-16 06:00:00,-26.5,43.5,0.0,22.9662,987.0,1
382,51,1997-09-16 12:00:00,-24.5,45.0,0.0,22.9662,989.0,1
382,52,1997-09-16 18:00:00,-22.5,46.0,0.0,25.2629,991.0,1
382,53,1997-09-17 00:00:00,-21.0,46.8,0.0,27.5595,993.0,1
382,54,1997-09-17 06:00:00,-20.0,47.0,0.0,27.5595,994.0,1
382,55,1997-09-17 12:00:00,-19.0,46.5,0.0,27.5595,992.0,1
382,56,1997-09-17 18:00:00,-20.0,46.0,0.0,25.2629,994.0,1
382,57,1997-09-18 00:00:00,-19.8,47.2,0.0,22.9662,996.0,1
382,58,1997-09-18 06:00:00,-19.0,48.0,0.0,20.6696,998.0,1
382,59,1997-09-18 12:00:00,-18.0,48.5,0.0,18.373,1000.0,1
382,60,1997-09-18 18:00:00,-17.5,48.8,0.0,18.373,1000.0,1
383,1,1997-10-08 18:00:00,-48.8,29.2,0.0,18.373,1005.0,1
384,1,1997-10-15 12:00:00,-68.0,20.6,0.0,18.373,999.0,1
384,2,1997-10-15 18:00:00,-66.5,20.8,0.0,18.373,999.0,1
384,3,1997-10-16 00:00:00,-64.4,21.2,0.0,18.373,999.0,1
385,1,1998-07-30 06:00:00,-43.9,14.4,0.0,18.373,1003.0,1
385,2,1998-07-30 12:00:00,-45.0,14.7,0.0,18.373,1003.0,1
385,3,1998-07-30 18:00:00,-46.1,15.1,0.0,20.6696,1003.0,1
385,4,1998-07-31 00:00:00,-47.1,15.4,0.0,20.6696,1002.0,1
385,5,1998-07-31 06:00:00,-48.1,15.6,0.0,20.6696,1003.0,1
385,6,1998-07-31 12:00:00,-49.2,15.7,0.0,20.6696,1003.0,1
385,7,1998-07-31 18:00:00,-50.4,15.8,0.0,18.373,1005.0,1
385,8,1998-08-01 12:00:00,-54.3,16.9,0.0,18.373,1009.0,1
385,9,1998-08-01 18:00:00,-55.4,17.7,0.0,18.373,1012.0,1
386,1,1998-08-21 00:00:00,-61.3,18.7,0.0,18.373,1005.0,1
386,2,1998-08-21 06:00:00,-62.9,19.1,0.0,20.6696,1002.0,1
386,3,1998-08-21 12:00:00,-64.5,19.5,0.0,22.9662,1000.0,1
386,4,1998-08-21 18:00:00,-65.9,20.3,0.0,25.2629,999.0,1
386,5,1998-08-22 00:00:00,-67.3,21.1,0.0,29.8561,991.0,1
386,6,1998-08-22 06:00:00,-68.7,21.8,0.0,32.1527,989.0,1
386,7,1998-08-22 12:00:00,-69.8,22.3,0.0,34.4494,980.0,1
386,8,1998-08-22 18:00:00,-70.5,23.0,0.0,39.0426,970.0,1
386,9,1998-08-23 00:00:00,-71.0,23.4,0.0,41.3392,962.0,1
386,10,1998-08-23 06:00:00,-71.3,23.8,0.0,43.6359,960.0,1
386,11,1998-08-23 12:00:00,-71.5,24.1,0.0,45.9325,958.0,1
386,12,1998-08-23 18:00:00,-71.7,24.4,0.0,45.9325,955.0,1
386,13,1998-08-24 00:00:00,-71.8,24.8,0.0,45.9325,954.0,1
386,14,1998-08-24 06:00:00,-72.1,25.2,0.0,45.9325,960.0,1
386,15,1998-08-24 12:00:00,-72.4,25.6,0.0,45.9325,962.0,1
386,16,1998-08-24 18:00:00,-72.8,26.1,0.0,45.9325,962.0,1
386,17,1998-08-25 00:00:00,-73.2,26.9,0.0,45.9325,963.0,1
386,18,1998-08-25 06:00:00,-73.8,27.8,0.0,45.9325,962.0,1
386,19,1998-08-25 12:00:00,-74.7,28.8,0.0,45.9325,963.0,1
386,20,1998-08-25 18:00:00,-75.6,29.8,0.0,45.9325,963.0,1
386,21,1998-08-26 00:00:00,-76.4,30.8,0.0,45.9325,958.0,1
386,22,1998-08-26 06:00:00,-77.3,31.7,0.0,45.9325,964.0,1
386,23,1998-08-26 12:00:00,-77.8,32.7,0.0,45.9325,965.0,1
386,24,1998-08-26 18:00:00,-77.8,33.4,0.0,45.9325,962.0,1
386,25,1998-08-27 00:00:00,-77.7,34.0,0.0,43.6359,963.0,1
386,26,1998-08-27 06:00:00,-77.5,34.5,0.0,39.0426,965.0,1
386,27,1998-08-27 12:00:00,-77.1,34.9,0.0,34.4494,974.0,1
386,28,1998-08-27 18:00:00,-76.6,35.4,0.0,27.5595,980.0,1
386,29,1998-08-28 00:00:00,-75.9,35.8,0.0,29.8561,983.0,1
386,30,1998-08-28 06:00:00,-75.1,36.2,0.0,34.4494,985.0,1
386,31,1998-08-28 12:00:00,-74.3,36.7,0.0,29.8561,990.0,1
386,32,1998-08-28 18:00:00,-73.2,37.3,0.0,27.5595,991.0,1
386,33,1998-08-29 00:00:00,-71.4,38.3,0.0,20.6696,993.0,1
386,34,1998-08-29 06:00:00,-69.6,39.2,0.0,20.6696,999.0,1
386,35,1998-08-29 12:00:00,-67.8,40.2,0.0,20.6696,999.0,1
386,36,1998-08-29 18:00:00,-64.8,41.6,0.0,20.6696,1000.0,1
386,37,1998-08-30 00:00:00,-61.5,42.9,0.0,20.6696,1000.0,1
386,38,1998-08-30 06:00:00,-57.0,44.3,0.0,20.6696,1000.0,1
386,39,1998-08-30 12:00:00,-53.5,44.5,0.0,20.6696,1000.0,1
386,40,1998-08-30 18:00:00,-50.0,44.0,0.0,20.6696,998.0,1
386,41,1998-08-31 00:00:00,-45.0,44.0,0.0,20.6696,996.0,1
386,42,1998-08-31 06:00:00,-41.0,43.0,0.0,18.373,996.0,1
387,1,1998-08-21 18:00:00,-94.5,26.0,0.0,18.373,1008.0,1
387,2,1998-08-22 00:00:00,-95.4,26.8,0.0,20.6696,1006.0,1
387,3,1998-08-22 06:00:00,-96.5,27.5,0.0,27.5595,1002.0,1
388,1,1998-08-25 00:00:00,-39.8,14.8,0.0,18.373,1003.0,1
388,2,1998-08-25 06:00:00,-41.6,15.3,0.0,22.9662,997.0,1
388,3,1998-08-25 12:00:00,-43.3,16.2,0.0,29.8561,990.0,1
388,4,1998-08-25 18:00:00,-45.3,16.9,0.0,34.4494,982.0,1
388,5,1998-08-26 00:00:00,-47.3,17.6,0.0,36.746,980.0,1
388,6,1998-08-26 06:00:00,-49.1,18.4,0.0,41.3392,975.0,1
388,7,1998-08-26 12:00:00,-51.1,19.1,0.0,39.0426,980.0,1
388,8,1998-08-26 18:00:00,-52.8,19.7,0.0,36.746,985.0,1
388,9,1998-08-27 00:00:00,-54.9,20.1,0.0,36.746,993.0,1
388,10,1998-08-27 06:00:00,-56.7,20.6,0.0,39.0426,994.0,1
388,11,1998-08-27 12:00:00,-58.5,21.2,0.0,41.3392,994.0,1
388,12,1998-08-27 18:00:00,-60.1,21.8,0.0,39.0426,994.0,1
388,13,1998-08-28 00:00:00,-61.7,22.4,0.0,36.746,992.0,1
388,14,1998-08-28 06:00:00,-63.2,22.7,0.0,36.746,992.0,1
388,15,1998-08-28 12:00:00,-64.4,23.0,0.0,36.746,989.0,1
388,16,1998-08-28 18:00:00,-65.7,23.4,0.0,36.746,986.0,1
388,17,1998-08-29 00:00:00,-66.9,23.9,0.0,34.4494,989.0,1
388,18,1998-08-29 06:00:00,-68.2,24.3,0.0,32.1527,990.0,1
388,19,1998-08-29 12:00:00,-69.4,24.8,0.0,32.1527,988.0,1
388,20,1998-08-29 18:00:00,-70.5,25.4,0.0,32.1527,987.0,1
388,21,1998-08-30 00:00:00,-71.4,25.9,0.0,29.8561,987.0,1
388,22,1998-08-30 06:00:00,-72.2,26.4,0.0,29.8561,988.0,1
388,23,1998-08-30 12:00:00,-73.1,26.9,0.0,29.8561,990.0,1
388,24,1998-08-30 18:00:00,-73.9,27.5,0.0,29.8561,987.0,1
388,25,1998-08-31 00:00:00,-74.1,27.9,0.0,32.1527,983.0,1
388,26,1998-08-31 06:00:00,-74.3,28.4,0.0,34.4494,980.0,1
388,27,1998-08-31 12:00:00,-74.1,29.2,0.0,41.3392,977.0,1
388,28,1998-08-31 18:00:00,-73.7,30.0,0.0,39.0426,975.0,1
388,29,1998-09-01 00:00:00,-73.3,30.9,0.0,39.0426,973.0,1
388,30,1998-09-01 06:00:00,-72.7,31.7,0.0,39.0426,972.0,1
388,31,1998-09-01 12:00:00,-72.0,32.2,0.0,39.0426,968.0,1
388,32,1998-09-01 18:00:00,-70.7,32.9,0.0,41.3392,965.0,1
388,33,1998-09-02 00:00:00,-69.1,33.7,0.0,36.746,967.0,1
388,34,1998-09-02 06:00:00,-67.6,34.6,0.0,34.4494,970.0,1
388,35,1998-09-02 12:00:00,-65.4,36.0,0.0,32.1527,975.0,1
388,36,1998-09-02 18:00:00,-63.1,37.9,0.0,32.1527,975.0,1
388,37,1998-09-03 00:00:00,-60.1,39.9,0.0,32.1527,970.0,1
388,38,1998-09-03 06:00:00,-57.5,42.1,0.0,32.1527,960.0,1
388,39,1998-09-03 12:00:00,-54.8,43.4,0.0,32.1527,965.0,1
388,40,1998-09-03 18:00:00,-51.9,44.6,0.0,29.8561,965.0,1
388,41,1998-09-04 00:00:00,-48.5,44.8,0.0,29.8561,975.0,1
388,42,1998-09-04 06:00:00,-44.0,44.9,0.0,27.5595,985.0,1
388,43,1998-09-04 12:00:00,-40.5,45.0,0.0,27.5595,978.0,1
388,44,1998-09-04 18:00:00,-37.0,45.3,0.0,27.5595,976.0,1
388,45,1998-09-05 00:00:00,-33.0,45.9,0.0,27.5595,975.0,1
388,46,1998-09-05 06:00:00,-28.0,46.5,0.0,27.5595,973.0,1
388,47,1998-09-05 12:00:00,-25.0,47.0,0.0,27.5595,970.0,1
388,48,1998-09-05 18:00:00,-22.0,48.0,0.0,27.5595,967.0,1
388,49,1998-09-06 00:00:00,-19.0,50.0,0.0,27.5595,964.0,1
388,50,1998-09-06 06:00:00,-18.0,51.5,0.0,25.2629,965.0,1
388,51,1998-09-06 12:00:00,-17.1,52.8,0.0,25.2629,965.0,1
388,52,1998-09-06 18:00:00,-16.7,53.3,0.0,25.2629,967.0,1
388,53,1998-09-07 00:00:00,-16.2,53.8,0.0,22.9662,970.0,1
388,54,1998-09-07 06:00:00,-16.0,54.5,0.0,20.6696,975.0,1
388,55,1998-09-07 12:00:00,-15.0,55.0,0.0,18.373,977.0,1
389,1,1998-09-01 06:00:00,-93.4,24.1,0.0,18.373,1001.0,1
389,2,1998-09-01 12:00:00,-93.1,25.0,0.0,20.6696,999.0,1
389,3,1998-09-01 18:00:00,-92.5,25.8,0.0,22.9662,998.0,1
389,4,1998-09-02 00:00:00,-91.5,26.8,0.0,22.9662,998.0,1
389,5,1998-09-02 06:00:00,-90.4,27.6,0.0,22.9662,996.0,1
389,6,1998-09-02 12:00:00,-89.0,28.2,0.0,32.1527,994.0,1
389,7,1998-09-02 18:00:00,-87.9,28.7,0.0,39.0426,988.0,1
389,8,1998-09-03 00:00:00,-86.8,29.4,0.0,36.746,985.0,1
389,9,1998-09-03 06:00:00,-85.7,30.1,0.0,32.1527,987.0,1
389,10,1998-09-03 12:00:00,-84.0,31.3,0.0,20.6696,990.0,1
389,11,1998-09-03 18:00:00,-82.4,32.4,0.0,18.373,994.0,1
389,12,1998-09-04 00:00:00,-80.5,33.2,0.0,18.373,994.0,1
389,13,1998-09-04 06:00:00,-79.0,34.5,0.0,22.9662,995.0,1
389,14,1998-09-04 12:00:00,-77.2,35.9,0.0,22.9662,998.0,1
389,15,1998-09-04 18:00:00,-75.0,36.5,0.0,22.9662,1000.0,1
389,16,1998-09-05 00:00:00,-71.0,38.0,0.0,22.9662,1000.0,1
389,17,1998-09-05 06:00:00,-65.5,40.0,0.0,22.9662,998.0,1
389,18,1998-09-05 12:00:00,-61.0,42.5,0.0,22.9662,990.0,1
389,19,1998-09-05 18:00:00,-56.0,45.0,0.0,22.9662,986.0,1
389,20,1998-09-06 00:00:00,-54.0,47.0,0.0,22.9662,979.0,1
389,21,1998-09-06 06:00:00,-53.0,48.0,0.0,22.9662,968.0,1
389,22,1998-09-06 12:00:00,-52.0,49.0,0.0,25.2629,964.0,1
389,23,1998-09-06 18:00:00,-50.0,49.5,0.0,25.2629,966.0,1
389,24,1998-09-07 00:00:00,-48.0,50.0,0.0,25.2629,968.0,1
389,25,1998-09-07 06:00:00,-45.0,50.5,0.0,22.9662,970.0,1
389,26,1998-09-07 12:00:00,-41.0,51.0,0.0,20.6696,978.0,1
389,27,1998-09-07 18:00:00,-37.0,51.0,0.0,20.6696,978.0,1
389,28,1998-09-08 00:00:00,-32.0,51.0,0.0,18.373,982.0,1
389,29,1998-09-08 06:00:00,-28.5,51.5,0.0,18.373,982.0,1
390,1,1998-09-10 00:00:00,-95.6,23.5,0.0,18.373,995.0,1
390,2,1998-09-10 06:00:00,-95.0,24.2,0.0,18.373,995.0,1
390,3,1998-09-10 12:00:00,-95.2,25.3,0.0,20.6696,996.0,1
390,4,1998-09-10 18:00:00,-95.2,26.6,0.0,20.6696,996.0,1
390,5,1998-09-11 00:00:00,-95.9,27.2,0.0,25.2629,994.0,1
390,6,1998-09-11 06:00:00,-96.9,28.2,0.0,20.6696,990.0,1
390,7,1998-09-11 12:00:00,-97.6,28.4,0.0,18.373,992.0,1
391,1,1998-09-17 00:00:00,-34.6,11.3,0.0,20.6696,1000.0,1
391,2,1998-09-17 06:00:00,-36.3,11.7,0.0,22.9662,997.0,1
391,3,1998-09-17 12:00:00,-38.1,12.0,0.0,25.2629,994.0,1
391,4,1998-09-17 18:00:00,-40.0,12.3,0.0,29.8561,987.0,1
391,5,1998-09-18 00:00:00,-42.0,12.5,0.0,32.1527,984.0,1
391,6,1998-09-18 06:00:00,-43.9,12.8,0.0,36.746,977.0,1
391,7,1998-09-18 12:00:00,-45.7,13.1,0.0,39.0426,973.0,1
391,8,1998-09-18 18:00:00,-47.4,13.5,0.0,41.3392,970.0,1
391,9,1998-09-19 00:00:00,-49.0,13.9,0.0,41.3392,970.0,1
391,10,1998-09-19 06:00:00,-50.6,14.4,0.0,43.6359,965.0,1
391,11,1998-09-19 12:00:00,-52.0,14.9,0.0,50.5258,954.0,1
391,12,1998-09-19 18:00:00,-53.5,15.4,0.0,57.4156,949.0,1
391,13,1998-09-20 00:00:00,-54.9,15.7,0.0,59.7122,939.0,1
391,14,1998-09-20 06:00:00,-56.3,16.0,0.0,62.0089,937.0,1
391,15,1998-09-20 12:00:00,-57.7,16.2,0.0,59.7122,939.0,1
391,16,1998-09-20 18:00:00,-59.2,16.4,0.0,52.8224,956.0,1
391,17,1998-09-21 00:00:00,-60.6,16.7,0.0,45.9325,963.0,1
391,18,1998-09-21 06:00:00,-62.1,17.1,0.0,45.9325,966.0,1
391,19,1998-09-21 12:00:00,-63.6,17.4,0.0,43.6359,966.0,1
391,20,1998-09-21 18:00:00,-65.0,17.8,0.0,41.3392,970.0,1
391,21,1998-09-22 00:00:00,-66.3,18.2,0.0,41.3392,970.0,1
391,22,1998-09-22 06:00:00,-67.4,18.0,0.0,43.6359,972.0,1
391,23,1998-09-22 12:00:00,-68.5,18.2,0.0,48.2291,964.0,1
391,24,1998-09-22 12:30:00,-68.7,18.2,0.0,48.2291,962.0,1
391,25,1998-09-22 18:00:00,-69.7,18.6,0.0,43.6359,970.0,1
391,26,1998-09-23 00:00:00,-70.8,18.8,0.0,32.1527,980.0,1
391,27,1998-09-23 06:00:00,-72.1,19.0,0.0,29.8561,990.0,1
391,28,1998-09-23 12:00:00,-73.3,19.3,0.0,29.8561,996.0,1
391,29,1998-09-23 18:00:00,-74.3,19.8,0.0,29.8561,994.0,1
391,30,1998-09-24 00:00:00,-74.9,20.5,0.0,29.8561,992.0,1
391,31,1998-09-24 06:00:00,-76.0,20.8,0.0,29.8561,991.0,1
391,32,1998-09-24 12:00:00,-77.2,21.3,0.0,32.1527,990.0,1
391,33,1998-09-24 18:00:00,-78.0,21.9,0.0,34.4494,989.0,1
391,34,1998-09-25 00:00:00,-79.0,22.7,0.0,36.746,987.0,1
391,35,1998-09-25 06:00:00,-80.2,23.4,0.0,39.0426,986.0,1
391,36,1998-09-25 12:00:00,-81.3,23.9,0.0,41.3392,982.0,1
391,37,1998-09-25 18:00:00,-82.4,24.6,0.0,41.3392,975.0,1
391,38,1998-09-26 00:00:00,-83.3,24.8,0.0,41.3392,974.0,1
391,39,1998-09-26 06:00:00,-84.2,25.2,0.0,41.3392,975.0,1
391,40,1998-09-26 12:00:00,-85.1,25.7,0.0,41.3392,974.0,1
391,41,1998-09-26 18:00:00,-85.9,26.2,0.0,41.3392,975.0,1
391,42,1998-09-27 00:00:00,-86.5,27.0,0.0,43.6359,969.0,1
391,43,1998-09-27 06:00:00,-87.2,27.6,0.0,43.6359,970.0,1
391,44,1998-09-27 12:00:00,-87.8,28.2,0.0,43.6359,962.0,1
391,45,1998-09-27 18:00:00,-88.3,28.8,0.0,43.6359,962.0,1
391,46,1998-09-28 00:00:00,-88.5,29.3,0.0,43.6359,961.0,1
391,47,1998-09-28 06:00:00,-88.7,29.8,0.0,41.3392,964.0,1
391,48,1998-09-28 12:00:00,-88.9,30.4,0.0,41.3392,965.0,1
391,49,1998-09-28 18:00:00,-88.9,30.6,0.0,29.8561,984.0,1
391,50,1998-09-29 00:00:00,-89.0,30.6,0.0,22.9662,986.0,1
391,51,1998-09-29 06:00:00,-88.4,30.6,0.0,18.373,992.0,1
392,1,1998-09-19 18:00:00,-91.1,28.3,0.0,18.373,1000.0,1
392,2,1998-09-20 00:00:00,-90.9,29.0,0.0,18.373,999.0,1
393,1,1998-09-21 18:00:00,-36.0,19.0,0.0,18.373,1002.0,1
393,2,1998-09-22 00:00:00,-36.1,20.0,0.0,18.373,1001.0,1
393,3,1998-09-22 06:00:00,-36.1,21.3,0.0,20.6696,1000.0,1
393,4,1998-09-22 12:00:00,-36.4,22.9,0.0,20.6696,997.0,1
393,5,1998-09-22 18:00:00,-37.1,24.2,0.0,25.2629,994.0,1
393,6,1998-09-23 00:00:00,-37.7,25.6,0.0,22.9662,996.0,1
393,7,1998-09-23 06:00:00,-38.4,26.9,0.0,20.6696,997.0,1
393,8,1998-09-23 12:00:00,-39.2,28.3,0.0,25.2629,990.0,1
393,9,1998-09-23 18:00:00,-40.2,29.6,0.0,29.8561,987.0,1
393,10,1998-09-24 00:00:00,-40.9,30.5,0.0,29.8561,986.0,1
393,11,1998-09-24 06:00:00,-41.6,31.3,0.0,32.1527,985.0,1
393,12,1998-09-24 12:00:00,-42.0,32.3,0.0,32.1527,985.0,1
393,13,1998-09-24 18:00:00,-42.3,33.4,0.0,32.1527,985.0,1
393,14,1998-09-25 00:00:00,-42.3,34.4,0.0,32.1527,984.0,1
393,15,1998-09-25 06:00:00,-41.9,35.3,0.0,32.1527,984.0,1
393,16,1998-09-25 12:00:00,-41.3,36.3,0.0,32.1527,984.0,1
393,17,1998-09-25 18:00:00,-40.2,37.2,0.0,34.4494,983.0,1
393,18,1998-09-26 00:00:00,-38.7,38.1,0.0,34.4494,980.0,1
393,19,1998-09-26 06:00:00,-36.3,39.2,0.0,36.746,975.0,1
393,20,1998-09-26 12:00:00,-33.1,40.1,0.0,34.4494,977.0,1
393,21,1998-09-26 18:00:00,-29.7,40.7,0.0,34.4494,982.0,1
393,22,1998-09-27 00:00:00,-25.7,40.7,0.0,27.5595,994.0,1
393,23,1998-09-27 06:00:00,-22.7,40.9,0.0,22.9662,997.0,1
393,24,1998-09-27 12:00:00,-19.2,41.3,0.0,20.6696,1000.0,1
393,25,1998-09-27 18:00:00,-15.5,41.5,0.0,18.373,1002.0,1
394,1,1998-09-22 00:00:00,-20.7,11.5,0.0,18.373,1002.0,1
394,2,1998-09-22 06:00:00,-22.2,12.1,0.0,20.6696,1000.0,1
394,3,1998-09-22 12:00:00,-23.8,12.7,0.0,25.2629,994.0,1
394,4,1998-09-22 18:00:00,-25.2,13.1,0.0,29.8561,987.0,1
394,5,1998-09-23 00:00:00,-26.7,13.6,0.0,32.1527,983.0,1
394,6,1998-09-23 06:00:00,-28.1,14.1,0.0,34.4494,980.0,1
394,7,1998-09-23 12:00:00,-29.5,14.5,0.0,36.746,975.0,1
394,8,1998-09-23 18:00:00,-30.8,15.0,0.0,39.0426,973.0,1
394,9,1998-09-24 00:00:00,-32.1,15.4,0.0,39.0426,972.0,1
394,10,1998-09-24 06:00:00,-33.4,15.9,0.0,41.3392,971.0,1
394,11,1998-09-24 12:00:00,-34.4,16.4,0.0,41.3392,970.0,1
394,12,1998-09-24 18:00:00,-35.4,17.0,0.0,41.3392,969.0,1
394,13,1998-09-25 00:00:00,-36.3,17.5,0.0,41.3392,971.0,1
394,14,1998-09-25 06:00:00,-37.2,18.0,0.0,41.3392,973.0,1
394,15,1998-09-25 12:00:00,-37.9,18.6,0.0,39.0426,975.0,1
394,16,1998-09-25 18:00:00,-38.6,19.3,0.0,36.746,977.0,1
394,17,1998-09-26 00:00:00,-39.4,20.0,0.0,34.4494,979.0,1
394,18,1998-09-26 06:00:00,-40.0,20.8,0.0,32.1527,983.0,1
394,19,1998-09-26 12:00:00,-40.6,21.6,0.0,32.1527,983.0,1
394,20,1998-09-26 18:00:00,-41.2,22.4,0.0,34.4494,980.0,1
394,21,1998-09-27 00:00:00,-41.6,23.4,0.0,34.4494,980.0,1
394,22,1998-09-27 06:00:00,-42.0,24.4,0.0,32.1527,983.0,1
394,23,1998-09-27 12:00:00,-41.8,25.6,0.0,32.1527,983.0,1
394,24,1998-09-27 18:00:00,-41.5,27.1,0.0,32.1527,983.0,1
394,25,1998-09-28 00:00:00,-41.2,28.8,0.0,32.1527,983.0,1
394,26,1998-09-28 06:00:00,-40.7,30.6,0.0,32.1527,983.0,1
394,27,1998-09-28 12:00:00,-39.6,32.3,0.0,34.4494,980.0,1
394,28,1998-09-28 18:00:00,-38.4,33.8,0.0,36.746,977.0,1
394,29,1998-09-29 00:00:00,-37.2,35.0,0.0,36.746,977.0,1
394,30,1998-09-29 06:00:00,-36.2,35.8,0.0,34.4494,980.0,1
394,31,1998-09-29 12:00:00,-35.3,36.2,0.0,29.8561,985.0,1
394,32,1998-09-29 18:00:00,-34.6,36.6,0.0,27.5595,990.0,1
394,33,1998-09-30 00:00:00,-33.4,36.9,0.0,22.9662,997.0,1
394,34,1998-09-30 06:00:00,-32.1,37.2,0.0,20.6696,1000.0,1
394,35,1998-09-30 12:00:00,-30.7,37.6,0.0,18.373,1002.0,1
394,36,1998-10-02 12:00:00,-18.2,39.0,0.0,18.373,1003.0,1
394,37,1998-10-02 18:00:00,-16.8,39.0,0.0,18.373,1003.0,1
394,38,1998-10-03 00:00:00,-15.5,39.0,0.0,18.373,1003.0,1
394,39,1998-10-03 06:00:00,-14.3,39.0,0.0,18.373,1003.0,1
394,40,1998-10-03 12:00:00,-13.0,39.0,0.0,18.373,1003.0,1
395,1,1998-09-24 12:00:00,-58.1,32.5,0.0,18.373,1001.0,1
395,2,1998-09-24 18:00:00,-57.2,32.0,0.0,20.6696,1000.0,1
395,3,1998-09-25 00:00:00,-56.2,31.4,0.0,22.9662,998.0,1
395,4,1998-09-25 06:00:00,-55.1,30.8,0.0,25.2629,994.0,1
395,5,1998-09-25 12:00:00,-54.0,30.4,0.0,29.8561,987.0,1
395,6,1998-09-25 18:00:00,-52.9,30.3,0.0,32.1527,984.0,1
395,7,1998-09-26 00:00:00,-51.8,30.5,0.0,34.4494,981.0,1
395,8,1998-09-26 06:00:00,-51.0,31.1,0.0,34.4494,979.0,1
395,9,1998-09-26 12:00:00,-49.9,31.8,0.0,34.4494,977.0,1
395,10,1998-09-26 18:00:00,-48.8,32.6,0.0,36.746,973.0,1
395,11,1998-09-27 00:00:00,-47.3,33.9,0.0,41.3392,970.0,1
395,12,1998-09-27 06:00:00,-45.2,35.5,0.0,41.3392,970.0,1
395,13,1998-09-27 12:00:00,-42.5,37.4,0.0,36.746,973.0,1
395,14,1998-09-27 18:00:00,-39.0,39.1,0.0,32.1527,983.0,1
395,15,1998-09-28 00:00:00,-34.7,40.4,0.0,25.2629,994.0,1
395,16,1998-09-28 06:00:00,-30.0,41.5,0.0,18.373,1002.0,1
396,1,1998-10-05 18:00:00,-48.5,15.7,0.0,18.373,1006.0,1
396,2,1998-10-06 00:00:00,-49.2,16.5,0.0,18.373,1006.0,1
396,3,1998-10-06 06:00:00,-49.3,17.1,0.0,20.6696,1005.0,1
396,4,1998-10-06 12:00:00,-48.9,17.6,0.0,20.6696,1005.0,1
396,5,1998-10-06 18:00:00,-48.5,18.2,0.0,20.6696,1005.0,1
396,6,1998-10-07 00:00:00,-48.0,18.9,0.0,22.9662,1004.0,1
396,7,1998-10-07 06:00:00,-47.5,19.6,0.0,22.9662,1003.0,1
396,8,1998-10-07 12:00:00,-46.6,20.4,0.0,22.9662,1002.0,1
396,9,1998-10-07 18:00:00,-45.3,21.5,0.0,22.9662,1001.0,1
396,10,1998-10-08 00:00:00,-43.9,22.9,0.0,25.2629,1000.0,1
396,11,1998-10-08 06:00:00,-42.1,24.6,0.0,25.2629,999.0,1
396,12,1998-10-08 12:00:00,-40.1,26.9,0.0,25.2629,999.0,1
396,13,1998-10-08 18:00:00,-38.6,29.6,0.0,27.5595,999.0,1
396,14,1998-10-09 00:00:00,-37.8,32.9,0.0,27.5595,999.0,1
396,15,1998-10-09 06:00:00,-37.9,36.8,0.0,27.5595,997.0,1
396,16,1998-10-09 12:00:00,-38.7,41.6,0.0,29.8561,995.0,1
396,17,1998-10-09 18:00:00,-39.3,47.1,0.0,29.8561,997.0,1
396,18,1998-10-10 00:00:00,-32.0,52.1,0.0,27.5595,999.0,1
397,1,1998-10-23 00:00:00,-77.6,11.8,0.0,18.373,1000.0,1
397,2,1998-10-23 06:00:00,-77.6,12.2,0.0,20.6696,999.0,1
397,3,1998-10-23 12:00:00,-77.8,12.5,0.0,20.6696,999.0,1
397,4,1998-10-23 18:00:00,-78.0,12.9,0.0,22.9662,998.0,1
397,5,1998-10-24 00:00:00,-77.9,13.4,0.0,25.2629,997.0,1
397,6,1998-10-24 06:00:00,-77.8,13.9,0.0,29.8561,990.0,1
397,7,1998-10-24 12:00:00,-77.9,14.5,0.0,34.4494,985.0,1
397,8,1998-10-24 18:00:00,-78.1,15.0,0.0,41.3392,980.0,1
397,9,1998-10-25 00:00:00,-78.4,15.5,0.0,45.9325,965.0,1
397,10,1998-10-25 06:00:00,-78.9,16.0,0.0,48.2291,951.0,1
397,11,1998-10-25 12:00:00,-79.6,16.2,0.0,52.8224,945.0,1
397,12,1998-10-25 18:00:00,-80.3,16.4,0.0,57.4156,926.0,1
397,13,1998-10-26 00:00:00,-81.0,16.4,0.0,59.7122,923.0,1
397,14,1998-10-26 06:00:00,-81.8,16.4,0.0,62.0089,922.0,1
397,15,1998-10-26 12:00:00,-82.6,16.6,0.0,66.6021,914.0,1
397,16,1998-10-26 18:00:00,-83.1,16.9,0.0,71.1954,905.0,1
397,17,1998-10-27 00:00:00,-83.8,17.2,0.0,71.1954,910.0,1
397,18,1998-10-27 06:00:00,-84.4,17.3,0.0,68.8987,917.0,1
397,19,1998-10-27 12:00:00,-85.0,17.1,0.0,68.8987,922.0,1
397,20,1998-10-27 18:00:00,-85.4,16.9,0.0,66.6021,928.0,1
397,21,1998-10-28 00:00:00,-85.6,16.6,0.0,64.3055,933.0,1
397,22,1998-10-28 06:00:00,-85.6,16.3,0.0,59.7122,938.0,1
397,23,1998-10-28 12:00:00,-85.6,16.3,0.0,52.8224,948.0,1
397,24,1998-10-28 18:00:00,-85.7,16.3,0.0,43.6359,959.0,1
397,25,1998-10-29 00:00:00,-85.8,16.2,0.0,39.0426,970.0,1
397,26,1998-10-29 06:00:00,-85.8,16.1,0.0,34.4494,979.0,1
397,27,1998-10-29 12:00:00,-85.7,15.9,0.0,32.1527,987.0,1
397,28,1998-10-29 18:00:00,-85.6,15.8,0.0,27.5595,994.0,1
397,29,1998-10-30 00:00:00,-85.7,15.6,0.0,25.2629,995.0,1
397,30,1998-10-30 06:00:00,-85.9,15.4,0.0,22.9662,996.0,1
397,31,1998-10-30 12:00:00,-86.1,15.2,0.0,20.6696,997.0,1
397,32,1998-10-30 18:00:00,-86.5,14.9,0.0,20.6696,998.0,1
397,33,1998-10-31 00:00:00,-87.0,14.7,0.0,20.6696,999.0,1
397,34,1998-10-31 06:00:00,-87.7,14.5,0.0,18.373,1000.0,1
397,35,1998-11-03 18:00:00,-91.4,19.6,0.0,18.373,997.0,1
397,36,1998-11-04 12:00:00,-88.2,21.8,0.0,18.373,998.0,1
397,37,1998-11-04 18:00:00,-86.5,23.3,0.0,18.373,993.0,1
397,38,1998-11-05 00:00:00,-84.8,24.8,0.0,20.6696,993.0,1
397,39,1998-11-05 06:00:00,-83.1,25.6,0.0,22.9662,990.0,1
397,40,1998-11-05 12:00:00,-81.3,26.6,0.0,25.2629,987.0,1
397,41,1998-11-05 18:00:00,-78.3,27.5,0.0,22.9662,992.0,1
397,42,1998-11-06 00:00:00,-75.0,30.0,0.0,22.9662,993.0,1
397,43,1998-11-06 06:00:00,-72.0,32.5,0.0,22.9662,992.0,1
397,44,1998-11-06 12:00:00,-68.0,35.0,0.0,22.9662,990.0,1
397,45,1998-11-06 18:00:00,-63.0,37.0,0.0,22.9662,989.0,1
397,46,1998-11-07 00:00:00,-58.0,39.0,0.0,22.9662,990.0,1
397,47,1998-11-07 06:00:00,-53.0,41.0,0.0,22.9662,992.0,1
397,48,1998-11-07 12:00:00,-47.5,42.5,0.0,22.9662,986.0,1
397,49,1998-11-07 18:00:00,-42.0,44.5,0.0,27.5595,972.0,1
397,50,1998-11-08 00:00:00,-36.5,46.5,0.0,27.5595,974.0,1
397,51,1998-11-08 06:00:00,-31.0,48.5,0.0,27.5595,972.0,1
397,52,1998-11-08 12:00:00,-25.0,50.0,0.0,27.5595,962.0,1
397,53,1998-11-08 18:00:00,-20.5,53.5,0.0,27.5595,956.0,1
397,54,1998-11-09 00:00:00,-14.5,55.5,0.0,27.5595,956.0,1
397,55,1998-11-09 06:00:00,-10.5,58.0,0.0,27.5595,956.0,1
397,56,1998-11-09 12:00:00,-10.0,61.0,0.0,27.5595,956.0,1
397,57,1998-11-09 18:00:00,-5.0,63.5,0.0,25.2629,960.0,1
398,1,1998-11-24 12:00:00,-30.1,27.5,0.0,20.6696,1000.0,1
398,2,1998-11-24 18:00:00,-31.1,27.2,0.0,27.5595,997.0,1
398,3,1998-11-25 00:00:00,-32.0,26.9,0.0,27.5595,995.0,1
398,4,1998-11-25 06:00:00,-32.9,26.6,0.0,27.5595,994.0,1
398,5,1998-11-25 12:00:00,-33.7,26.3,0.0,25.2629,994.0,1
398,6,1998-11-25 18:00:00,-34.6,26.0,0.0,22.9662,994.0,1
398,7,1998-11-26 00:00:00,-35.4,25.7,0.0,18.373,998.0,1
398,8,1998-11-27 18:00:00,-43.0,25.6,0.0,18.373,1005.0,1
398,9,1998-11-28 00:00:00,-44.1,25.8,0.0,22.9662,1001.0,1
398,10,1998-11-28 06:00:00,-45.3,26.3,0.0,22.9662,1000.0,1
398,11,1998-11-28 12:00:00,-46.2,27.1,0.0,22.9662,1000.0,1
398,12,1998-11-28 18:00:00,-46.6,28.0,0.0,22.9662,1000.0,1
398,13,1998-11-29 00:00:00,-46.5,28.8,0.0,20.6696,1000.0,1
398,14,1998-11-29 06:00:00,-45.9,30.0,0.0,20.6696,1000.0,1
398,15,1998-11-29 12:00:00,-44.9,31.0,0.0,25.2629,1000.0,1
398,16,1998-11-29 18:00:00,-43.8,31.8,0.0,27.5595,995.0,1
398,17,1998-11-30 00:00:00,-42.6,32.6,0.0,29.8561,992.0,1
398,18,1998-11-30 06:00:00,-41.7,33.1,0.0,29.8561,992.0,1
398,19,1998-11-30 12:00:00,-40.5,33.8,0.0,29.8561,987.0,1
398,20,1998-11-30 18:00:00,-39.3,34.3,0.0,32.1527,984.0,1
398,21,1998-12-01 00:00:00,-37.9,35.1,0.0,34.4494,979.0,1
398,22,1998-12-01 06:00:00,-35.5,37.0,0.0,32.1527,980.0,1
398,23,1998-12-01 12:00:00,-34.0,40.4,0.0,27.5595,982.0,1
398,24,1998-12-01 18:00:00,-34.0,43.0,0.0,27.5595,985.0,1
398,25,1998-12-02 00:00:00,-34.5,47.0,0.0,22.9662,988.0,1
398,26,1998-12-02 06:00:00,-35.5,49.5,0.0,22.9662,990.0,1
398,27,1998-12-02 12:00:00,-37.0,52.0,0.0,22.9662,990.0,1
399,1,1999-06-12 18:00:00,-57.4,28.5,0.0,20.6696,1008.0,1
399,2,1999-06-13 00:00:00,-57.5,28.8,0.0,22.9662,1006.0,1
399,3,1999-06-13 06:00:00,-57.8,29.0,0.0,22.9662,1006.0,1
399,4,1999-06-13 12:00:00,-58.2,29.1,0.0,22.9662,1007.0,1
399,5,1999-06-13 18:00:00,-58.7,29.1,0.0,22.9662,1007.0,1
399,6,1999-06-14 00:00:00,-59.2,29.1,0.0,20.6696,1008.0,1
399,7,1999-06-14 06:00:00,-59.8,29.2,0.0,18.373,1009.0,1
399,8,1999-06-14 12:00:00,-60.4,29.3,0.0,18.373,1009.0,1
399,9,1999-06-14 18:00:00,-60.7,29.6,0.0,18.373,1009.0,1
399,10,1999-06-15 00:00:00,-61.1,29.8,0.0,18.373,1009.0,1
399,11,1999-06-15 06:00:00,-61.5,29.7,0.0,18.373,1009.0,1
399,12,1999-06-15 12:00:00,-61.3,29.6,0.0,20.6696,1008.0,1
399,13,1999-06-15 18:00:00,-61.4,29.9,0.0,20.6696,1009.0,1
399,14,1999-06-16 00:00:00,-61.7,30.0,0.0,20.6696,1009.0,1
399,15,1999-06-16 06:00:00,-62.0,30.3,0.0,20.6696,1010.0,1
399,16,1999-06-16 12:00:00,-62.3,30.8,0.0,18.373,1010.0,1
400,1,1999-08-21 00:00:00,-27.7,13.6,0.0,18.373,1000.0,1
400,2,1999-08-21 06:00:00,-28.8,13.8,0.0,22.9662,997.0,1
400,3,1999-08-21 12:00:00,-29.7,13.9,0.0,25.2629,994.0,1
400,4,1999-08-21 18:00:00,-30.8,14.1,0.0,27.5595,990.0,1
400,5,1999-08-22 00:00:00,-31.7,14.2,0.0,29.8561,987.0,1
400,6,1999-08-22 06:00:00,-32.3,14.4,0.0,29.8561,987.0,1
400,7,1999-08-22 12:00:00,-32.7,14.5,0.0,29.8561,987.0,1
400,8,1999-08-22 18:00:00,-33.1,14.6,0.0,27.5595,990.0,1
400,9,1999-08-23 00:00:00,-33.9,14.9,0.0,22.9662,997.0,1
400,10,1999-08-23 06:00:00,-34.9,15.3,0.0,22.9662,997.0,1
400,11,1999-08-23 12:00:00,-35.9,15.7,0.0,22.9662,997.0,1
400,12,1999-08-23 18:00:00,-36.9,16.1,0.0,22.9662,997.0,1
400,13,1999-08-24 00:00:00,-38.0,16.6,0.0,22.9662,997.0,1
400,14,1999-08-24 06:00:00,-39.2,16.9,0.0,22.9662,997.0,1
400,15,1999-08-24 12:00:00,-40.6,17.2,0.0,22.9662,997.0,1
400,16,1999-08-24 18:00:00,-42.2,17.5,0.0,22.9662,997.0,1
400,17,1999-08-25 00:00:00,-43.6,17.8,0.0,25.2629,994.0,1
400,18,1999-08-25 06:00:00,-44.8,18.4,0.0,25.2629,994.0,1
400,19,1999-08-25 12:00:00,-45.9,19.3,0.0,25.2629,994.0,1
400,20,1999-08-25 18:00:00,-47.1,20.4,0.0,27.5595,990.0,1
400,21,1999-08-26 00:00:00,-48.2,21.7,0.0,29.8561,987.0,1
400,22,1999-08-26 06:00:00,-49.5,22.9,0.0,29.8561,987.0,1
400,23,1999-08-26 12:00:00,-50.8,24.2,0.0,29.8561,987.0,1
400,24,1999-08-26 18:00:00,-52.0,25.4,0.0,32.1527,984.0,1
400,25,1999-08-27 00:00:00,-53.1,26.4,0.0,36.746,978.0,1
400,26,1999-08-27 06:00:00,-54.3,27.2,0.0,36.746,978.0,1
400,27,1999-08-27 12:00:00,-55.4,27.8,0.0,41.3392,970.0,1
400,28,1999-08-27 18:00:00,-56.2,28.3,0.0,41.3392,970.0,1
400,29,1999-08-28 00:00:00,-56.9,28.7,0.0,45.9325,961.0,1
400,30,1999-08-28 06:00:00,-57.5,29.3,0.0,52.8224,948.0,1
400,31,1999-08-28 12:00:00,-58.0,30.1,0.0,55.119,942.0,1
400,32,1999-08-28 18:00:00,-58.5,30.8,0.0,55.119,943.0,1
400,33,1999-08-29 00:00:00,-58.4,31.5,0.0,55.119,944.0,1
400,34,1999-08-29 06:00:00,-58.4,32.3,0.0,52.8224,948.0,1
400,35,1999-08-29 12:00:00,-58.2,33.1,0.0,45.9325,961.0,1
400,36,1999-08-29 18:00:00,-57.4,33.8,0.0,43.6359,965.0,1
400,37,1999-08-30 00:00:00,-56.3,34.3,0.0,41.3392,970.0,1
400,38,1999-08-30 06:00:00,-55.5,34.7,0.0,41.3392,970.0,1
400,39,1999-08-30 12:00:00,-54.9,35.3,0.0,36.746,978.0,1
400,40,1999-08-30 18:00:00,-54.2,36.1,0.0,36.746,978.0,1
400,41,1999-08-31 00:00:00,-52.6,37.0,0.0,32.1527,984.0,1
400,42,1999-08-31 06:00:00,-50.6,38.2,0.0,27.5595,990.0,1
400,43,1999-08-31 12:00:00,-48.2,40.4,0.0,22.9662,997.0,1
401,1,1999-08-20 00:00:00,-94.7,19.8,0.0,18.373,1000.0,1
401,2,1999-08-20 06:00:00,-94.6,20.0,0.0,20.6696,998.0,1
401,3,1999-08-20 12:00:00,-94.5,20.4,0.0,22.9662,993.0,1
401,4,1999-08-20 18:00:00,-94.4,21.2,0.0,25.2629,991.0,1
401,5,1999-08-21 00:00:00,-94.5,21.9,0.0,29.8561,983.0,1
401,6,1999-08-21 06:00:00,-94.7,22.5,0.0,34.4494,980.0,1
401,7,1999-08-21 12:00:00,-94.9,23.1,0.0,36.746,979.0,1
401,8,1999-08-21 18:00:00,-95.0,23.8,0.0,41.3392,975.0,1
401,9,1999-08-22 00:00:00,-95.1,24.7,0.0,55.119,954.0,1
401,10,1999-08-22 06:00:00,-95.5,25.5,0.0,57.4156,950.0,1
401,11,1999-08-22 12:00:00,-96.1,26.2,0.0,57.4156,944.0,1
401,12,1999-08-22 18:00:00,-96.8,26.6,0.0,55.119,946.0,1
401,13,1999-08-23 00:00:00,-97.4,26.9,0.0,45.9325,951.0,1
401,14,1999-08-23 06:00:00,-97.9,27.0,0.0,36.746,963.0,1
401,15,1999-08-23 12:00:00,-98.3,27.3,0.0,27.5595,980.0,1
402,1,1999-08-24 18:00:00,-53.9,11.6,0.0,20.6696,1004.0,1
402,2,1999-08-25 00:00:00,-53.9,12.1,0.0,20.6696,1005.0,1
402,3,1999-08-25 06:00:00,-54.2,12.6,0.0,18.373,1006.0,1
402,4,1999-08-25 12:00:00,-54.8,12.8,0.0,18.373,1007.0,1
402,5,1999-08-25 18:00:00,-55.2,13.2,0.0,18.373,1005.0,1
402,6,1999-08-26 00:00:00,-55.7,13.8,0.0,18.373,1005.0,1
402,7,1999-08-26 06:00:00,-56.2,14.3,0.0,18.373,1007.0,1
402,8,1999-08-26 12:00:00,-56.6,15.0,0.0,18.373,1010.0,1
402,9,1999-08-27 18:00:00,-57.0,20.0,0.0,18.373,1007.0,1
402,10,1999-08-28 00:00:00,-56.6,21.1,0.0,18.373,1007.0,1
403,1,1999-08-24 18:00:00,-70.9,22.7,0.0,18.373,1009.0,1
403,2,1999-08-25 00:00:00,-71.5,22.8,0.0,18.373,1008.0,1
403,3,1999-08-25 06:00:00,-71.9,23.0,0.0,18.373,1007.0,1
403,4,1999-08-25 12:00:00,-72.1,23.2,0.0,20.6696,1004.0,1
403,5,1999-08-25 18:00:00,-72.3,23.4,0.0,25.2629,1000.0,1
403,6,1999-08-26 00:00:00,-72.5,23.6,0.0,27.5595,998.0,1
403,7,1999-08-26 06:00:00,-73.1,23.8,0.0,29.8561,995.0,1
403,8,1999-08-26 12:00:00,-73.6,24.1,0.0,29.8561,995.0,1
403,9,1999-08-26 18:00:00,-74.0,24.4,0.0,32.1527,990.0,1
403,10,1999-08-27 00:00:00,-74.4,24.8,0.0,29.8561,993.0,1
403,11,1999-08-27 06:00:00,-75.0,25.2,0.0,29.8561,988.0,1
403,12,1999-08-27 12:00:00,-75.5,25.6,0.0,29.8561,988.0,1
403,13,1999-08-27 18:00:00,-75.9,25.9,0.0,29.8561,987.0,1
403,14,1999-08-28 00:00:00,-76.2,26.1,0.0,32.1527,982.0,1
403,15,1999-08-28 06:00:00,-76.7,26.5,0.0,34.4494,976.0,1
403,16,1999-08-28 12:00:00,-77.0,27.1,0.0,39.0426,973.0,1
403,17,1999-08-28 18:00:00,-77.3,27.7,0.0,41.3392,969.0,1
403,18,1999-08-29 00:00:00,-77.7,28.3,0.0,41.3392,969.0,1
403,19,1999-08-29 06:00:00,-77.9,29.0,0.0,41.3392,970.0,1
403,20,1999-08-29 12:00:00,-78.4,29.9,0.0,41.3392,971.0,1
403,21,1999-08-29 18:00:00,-78.4,30.8,0.0,41.3392,967.0,1
403,22,1999-08-30 00:00:00,-78.1,31.9,0.0,41.3392,964.0,1
403,23,1999-08-30 06:00:00,-77.6,32.8,0.0,41.3392,962.0,1
403,24,1999-08-30 12:00:00,-76.5,33.6,0.0,39.0426,965.0,1
403,25,1999-08-30 18:00:00,-74.8,34.3,0.0,39.0426,966.0,1
403,26,1999-08-31 00:00:00,-73.6,34.9,0.0,36.746,971.0,1
403,27,1999-08-31 06:00:00,-72.9,35.1,0.0,36.746,977.0,1
403,28,1999-08-31 12:00:00,-72.8,35.2,0.0,34.4494,983.0,1
403,29,1999-08-31 18:00:00,-73.3,35.1,0.0,32.1527,984.0,1
403,30,1999-09-01 00:00:00,-73.6,35.2,0.0,27.5595,986.0,1
403,31,1999-09-01 06:00:00,-73.4,35.0,0.0,25.2629,987.0,1
403,32,1999-09-01 12:00:00,-73.5,35.4,0.0,22.9662,989.0,1
403,33,1999-09-01 18:00:00,-73.8,35.5,0.0,22.9662,988.0,1
403,34,1999-09-02 00:00:00,-73.7,35.4,0.0,22.9662,988.0,1
403,35,1999-09-02 06:00:00,-73.6,35.2,0.0,20.6696,989.0,1
403,36,1999-09-02 12:00:00,-73.7,35.1,0.0,20.6696,989.0,1
403,37,1999-09-02 18:00:00,-73.9,34.8,0.0,20.6696,990.0,1
403,38,1999-09-03 00:00:00,-74.0,34.2,0.0,20.6696,989.0,1
403,39,1999-09-03 06:00:00,-74.1,33.6,0.0,20.6696,989.0,1
403,40,1999-09-03 12:00:00,-73.9,33.2,0.0,20.6696,988.0,1
403,41,1999-09-03 18:00:00,-73.8,33.0,0.0,22.9662,987.0,1
403,42,1999-09-04 00:00:00,-74.0,33.1,0.0,22.9662,987.0,1
403,43,1999-09-04 06:00:00,-74.5,33.3,0.0,25.2629,986.0,1
403,44,1999-09-04 12:00:00,-75.3,33.9,0.0,25.2629,986.0,1
403,45,1999-09-04 18:00:00,-76.0,34.5,0.0,27.5595,986.0,1
403,46,1999-09-05 00:00:00,-76.8,35.0,0.0,22.9662,985.0,1
404,1,1999-09-08 12:00:00,-49.6,15.8,0.0,18.373,1003.0,1
404,2,1999-09-08 18:00:00,-51.1,16.3,0.0,20.6696,1000.0,1
404,3,1999-09-09 00:00:00,-52.6,16.7,0.0,20.6696,1000.0,1
404,4,1999-09-09 06:00:00,-53.9,17.1,0.0,20.6696,1003.0,1
404,5,1999-09-09 12:00:00,-55.1,17.3,0.0,22.9662,1003.0,1
404,6,1999-09-09 18:00:00,-56.3,17.9,0.0,27.5595,996.0,1
404,7,1999-09-10 00:00:00,-57.2,18.3,0.0,27.5595,995.0,1
404,8,1999-09-10 06:00:00,-58.2,18.6,0.0,27.5595,990.0,1
404,9,1999-09-10 12:00:00,-58.8,19.3,0.0,32.1527,989.0,1
404,10,1999-09-10 18:00:00,-59.6,20.2,0.0,32.1527,975.0,1
404,11,1999-09-11 00:00:00,-60.4,20.8,0.0,36.746,971.0,1
404,12,1999-09-11 06:00:00,-61.1,21.4,0.0,43.6359,963.0,1
404,13,1999-09-11 12:00:00,-62.0,21.9,0.0,43.6359,962.0,1
404,14,1999-09-11 18:00:00,-63.0,22.5,0.0,41.3392,966.0,1
404,15,1999-09-12 00:00:00,-64.1,22.7,0.0,39.0426,967.0,1
404,16,1999-09-12 06:00:00,-65.2,22.8,0.0,43.6359,960.0,1
404,17,1999-09-12 12:00:00,-66.2,23.0,0.0,48.2291,955.0,1
404,18,1999-09-12 18:00:00,-67.4,23.2,0.0,52.8224,940.0,1
404,19,1999-09-13 00:00:00,-68.7,23.4,0.0,57.4156,931.0,1
404,20,1999-09-13 06:00:00,-70.0,23.6,0.0,62.0089,922.0,1
404,21,1999-09-13 12:00:00,-71.4,23.9,0.0,62.0089,921.0,1
404,22,1999-09-13 18:00:00,-72.9,24.1,0.0,57.4156,923.0,1
404,23,1999-09-14 00:00:00,-74.0,24.5,0.0,52.8224,924.0,1
404,24,1999-09-14 06:00:00,-75.3,24.9,0.0,48.2291,927.0,1
404,25,1999-09-14 12:00:00,-76.3,25.4,0.0,48.2291,930.0,1
404,26,1999-09-14 18:00:00,-77.0,26.1,0.0,50.5258,930.0,1
404,27,1999-09-15 00:00:00,-77.7,27.1,0.0,52.8224,933.0,1
404,28,1999-09-15 06:00:00,-78.5,28.2,0.0,50.5258,935.0,1
404,29,1999-09-15 12:00:00,-78.9,29.3,0.0,45.9325,943.0,1
404,30,1999-09-15 18:00:00,-79.1,30.6,0.0,43.6359,947.0,1
404,31,1999-09-16 00:00:00,-78.7,32.1,0.0,41.3392,950.0,1
404,32,1999-09-16 06:00:00,-78.0,33.7,0.0,41.3392,956.0,1
404,33,1999-09-16 06:30:00,-78.0,33.8,0.0,41.3392,956.0,1
404,34,1999-09-16 12:00:00,-76.8,35.7,0.0,32.1527,967.0,1
404,35,1999-09-16 18:00:00,-75.3,38.0,0.0,27.5595,974.0,1
404,36,1999-09-17 00:00:00,-73.5,40.6,0.0,22.9662,980.0,1
404,37,1999-09-17 06:00:00,-72.1,42.1,0.0,22.9662,983.0,1
404,38,1999-09-17 12:00:00,-70.6,43.3,0.0,20.6696,984.0,1
404,39,1999-09-17 18:00:00,-68.9,44.2,0.0,20.6696,985.0,1
404,40,1999-09-18 00:00:00,-67.3,44.8,0.0,18.373,987.0,1
404,41,1999-09-19 12:00:00,-48.0,49.5,0.0,18.373,992.0,1
405,1,1999-09-12 18:00:00,-33.8,14.8,0.0,20.6696,997.0,1
405,2,1999-09-13 00:00:00,-35.6,15.1,0.0,25.2629,995.0,1
405,3,1999-09-13 06:00:00,-37.3,15.4,0.0,27.5595,990.0,1
405,4,1999-09-13 12:00:00,-39.2,15.9,0.0,29.8561,984.0,1
405,5,1999-09-13 18:00:00,-40.8,16.1,0.0,32.1527,979.0,1
405,6,1999-09-14 00:00:00,-42.2,16.3,0.0,34.4494,976.0,1
405,7,1999-09-14 06:00:00,-43.5,16.6,0.0,39.0426,973.0,1
405,8,1999-09-14 12:00:00,-44.6,16.8,0.0,41.3392,968.0,1
405,9,1999-09-14 18:00:00,-45.8,17.1,0.0,43.6359,962.0,1
405,10,1999-09-15 00:00:00,-46.9,17.2,0.0,45.9325,955.0,1
405,11,1999-09-15 06:00:00,-47.9,17.4,0.0,50.5258,948.0,1
405,12,1999-09-15 12:00:00,-48.9,17.5,0.0,52.8224,940.0,1
405,13,1999-09-15 18:00:00,-50.0,17.7,0.0,57.4156,933.0,1
405,14,1999-09-16 00:00:00,-50.8,17.8,0.0,59.7122,930.0,1
405,15,1999-09-16 06:00:00,-51.7,18.0,0.0,59.7122,933.0,1
405,16,1999-09-16 12:00:00,-52.6,18.2,0.0,57.4156,941.0,1
405,17,1999-09-16 18:00:00,-53.4,18.6,0.0,55.119,940.0,1
405,18,1999-09-17 00:00:00,-54.2,19.0,0.0,52.8224,944.0,1
405,19,1999-09-17 06:00:00,-55.0,19.4,0.0,57.4156,942.0,1
405,20,1999-09-17 12:00:00,-55.7,19.9,0.0,57.4156,945.0,1
405,21,1999-09-17 18:00:00,-56.3,20.4,0.0,52.8224,950.0,1
405,22,1999-09-18 00:00:00,-56.8,20.9,0.0,50.5258,953.0,1
405,23,1999-09-18 06:00:00,-57.1,21.6,0.0,48.2291,954.0,1
405,24,1999-09-18 12:00:00,-57.4,22.2,0.0,48.2291,953.0,1
405,25,1999-09-18 18:00:00,-57.8,22.8,0.0,48.2291,950.0,1
405,26,1999-09-19 00:00:00,-58.1,23.4,0.0,50.5258,947.0,1
405,27,1999-09-19 06:00:00,-58.7,24.1,0.0,52.8224,946.0,1
405,28,1999-09-19 12:00:00,-59.2,24.7,0.0,52.8224,946.0,1
405,29,1999-09-19 18:00:00,-60.0,25.5,0.0,52.8224,946.0,1
405,30,1999-09-20 00:00:00,-60.7,26.2,0.0,52.8224,947.0,1
405,31,1999-09-20 06:00:00,-61.4,26.8,0.0,50.5258,947.0,1
405,32,1999-09-20 12:00:00,-62.4,27.6,0.0,48.2291,948.0,1
405,33,1999-09-20 18:00:00,-62.7,28.3,0.0,45.9325,949.0,1
405,34,1999-09-21 00:00:00,-62.9,29.2,0.0,43.6359,950.0,1
405,35,1999-09-21 06:00:00,-62.8,30.1,0.0,41.3392,952.0,1
405,36,1999-09-21 12:00:00,-62.6,31.3,0.0,39.0426,955.0,1
405,37,1999-09-21 18:00:00,-62.1,32.7,0.0,36.746,958.0,1
405,38,1999-09-22 00:00:00,-61.2,34.3,0.0,34.4494,960.0,1
405,39,1999-09-22 06:00:00,-60.4,36.2,0.0,34.4494,961.0,1
405,40,1999-09-22 12:00:00,-59.4,38.1,0.0,32.1527,962.0,1
405,41,1999-09-22 18:00:00,-57.9,40.3,0.0,29.8561,963.0,1
405,42,1999-09-23 00:00:00,-55.6,42.2,0.0,27.5595,964.0,1
405,43,1999-09-23 06:00:00,-54.5,44.6,0.0,27.5595,968.0,1
405,44,1999-09-23 12:00:00,-51.9,46.6,0.0,27.5595,972.0,1
406,1,1999-09-20 00:00:00,-87.4,26.3,0.0,18.373,1002.0,1
406,2,1999-09-20 06:00:00,-86.9,26.6,0.0,18.373,1001.0,1
406,3,1999-09-20 12:00:00,-86.3,27.0,0.0,18.373,998.0,1
406,4,1999-09-20 18:00:00,-85.5,27.0,0.0,22.9662,998.0,1
406,5,1999-09-21 00:00:00,-84.6,27.1,0.0,22.9662,995.0,1
406,6,1999-09-21 06:00:00,-83.9,26.5,0.0,22.9662,995.0,1
406,7,1999-09-21 12:00:00,-82.8,26.0,0.0,22.9662,996.0,1
406,8,1999-09-21 18:00:00,-81.5,25.9,0.0,22.9662,999.0,1
406,9,1999-09-22 00:00:00,-78.6,26.9,0.0,18.373,1000.0,1
407,1,1999-10-13 18:00:00,-83.6,19.8,0.0,20.6696,1001.0,1
407,2,1999-10-14 00:00:00,-83.6,20.7,0.0,25.2629,999.0,1
407,3,1999-10-14 06:00:00,-83.6,21.0,0.0,27.5595,999.0,1
407,4,1999-10-14 12:00:00,-82.9,21.3,0.0,27.5595,997.0,1
407,5,1999-10-14 18:00:00,-82.4,22.4,0.0,27.5595,995.0,1
407,6,1999-10-15 00:00:00,-82.6,23.1,0.0,27.5595,988.0,1
407,7,1999-10-15 06:00:00,-82.2,23.8,0.0,29.8561,988.0,1
407,8,1999-10-15 12:00:00,-81.8,24.4,0.0,29.8561,987.0,1
407,9,1999-10-15 18:00:00,-81.3,25.1,0.0,29.8561,986.0,1
407,10,1999-10-16 00:00:00,-80.6,26.1,0.0,29.8561,986.0,1
407,11,1999-10-16 06:00:00,-80.2,27.0,0.0,29.8561,985.0,1
407,12,1999-10-16 12:00:00,-80.1,27.8,0.0,29.8561,982.0,1
407,13,1999-10-16 18:00:00,-79.9,28.6,0.0,29.8561,984.0,1
407,14,1999-10-17 00:00:00,-79.8,29.4,0.0,29.8561,984.0,1
407,15,1999-10-17 06:00:00,-79.8,30.2,0.0,29.8561,985.0,1
407,16,1999-10-17 12:00:00,-79.7,31.2,0.0,29.8561,984.0,1
407,17,1999-10-17 18:00:00,-79.0,32.2,0.0,32.1527,978.0,1
407,18,1999-10-18 00:00:00,-77.4,33.4,0.0,36.746,976.0,1
407,19,1999-10-18 06:00:00,-75.2,34.8,0.0,43.6359,964.0,1
407,20,1999-10-18 12:00:00,-71.6,36.8,0.0,41.3392,960.0,1
407,21,1999-10-18 18:00:00,-67.4,39.0,0.0,36.746,968.0,1
407,22,1999-10-19 00:00:00,-61.0,41.5,0.0,36.746,968.0,1
407,23,1999-10-19 06:00:00,-51.5,44.9,0.0,36.746,968.0,1
407,24,1999-10-19 12:00:00,-48.0,48.0,0.0,36.746,968.0,1
407,25,1999-10-19 18:00:00,-45.0,51.0,0.0,36.746,968.0,1
408,1,1999-10-18 12:00:00,-53.9,11.5,0.0,18.373,1003.0,1
408,2,1999-10-18 18:00:00,-55.1,12.2,0.0,18.373,1002.0,1
408,3,1999-10-19 00:00:00,-56.1,12.9,0.0,20.6696,1000.0,1
408,4,1999-10-19 06:00:00,-57.1,13.5,0.0,25.2629,994.0,1
408,5,1999-10-19 12:00:00,-58.1,14.1,0.0,27.5595,994.0,1
408,6,1999-10-19 18:00:00,-58.9,14.9,0.0,29.8561,992.0,1
408,7,1999-10-20 00:00:00,-59.5,15.7,0.0,32.1527,987.0,1
408,8,1999-10-20 06:00:00,-60.2,16.3,0.0,36.746,979.0,1
408,9,1999-10-20 12:00:00,-61.1,16.8,0.0,39.0426,980.0,1
408,10,1999-10-20 18:00:00,-62.0,17.2,0.0,36.746,983.0,1
408,11,1999-10-21 00:00:00,-62.7,17.6,0.0,34.4494,990.0,1
408,12,1999-10-21 06:00:00,-63.8,18.1,0.0,29.8561,992.0,1
408,13,1999-10-21 12:00:00,-64.8,18.5,0.0,27.5595,996.0,1
408,14,1999-10-21 18:00:00,-65.3,19.0,0.0,25.2629,994.0,1
408,15,1999-10-22 00:00:00,-65.8,19.4,0.0,22.9662,993.0,1
408,16,1999-10-22 06:00:00,-66.1,19.9,0.0,22.9662,992.0,1
408,17,1999-10-22 12:00:00,-65.9,20.5,0.0,22.9662,992.0,1
408,18,1999-10-22 18:00:00,-65.6,21.1,0.0,22.9662,993.0,1
408,19,1999-10-23 00:00:00,-65.2,22.0,0.0,22.9662,994.0,1
408,20,1999-10-23 06:00:00,-64.8,23.0,0.0,22.9662,995.0,1
408,21,1999-10-23 12:00:00,-64.3,24.0,0.0,25.2629,995.0,1
408,22,1999-10-23 18:00:00,-63.8,25.2,0.0,25.2629,995.0,1
408,23,1999-10-24 00:00:00,-63.1,26.6,0.0,25.2629,995.0,1
408,24,1999-10-24 06:00:00,-62.2,28.0,0.0,27.5595,990.0,1
408,25,1999-10-24 12:00:00,-61.1,29.7,0.0,29.8561,987.0,1
408,26,1999-10-24 18:00:00,-59.8,32.2,0.0,29.8561,987.0,1
408,27,1999-10-25 00:00:00,-58.1,34.9,0.0,27.5595,990.0,1
408,28,1999-10-25 06:00:00,-55.8,37.9,0.0,25.2629,994.0,1
408,29,1999-10-25 12:00:00,-51.8,40.0,0.0,22.9662,996.0,1
409,1,1999-11-14 12:00:00,-79.9,16.4,0.0,18.373,1000.0,1
409,2,1999-11-14 18:00:00,-79.3,16.3,0.0,25.2629,992.0,1
409,3,1999-11-15 00:00:00,-78.6,16.0,0.0,32.1527,988.0,1
409,4,1999-11-15 06:00:00,-77.7,15.5,0.0,34.4494,977.0,1
409,5,1999-11-15 12:00:00,-76.4,15.1,0.0,39.0426,971.0,1
409,6,1999-11-15 18:00:00,-74.8,14.8,0.0,34.4494,983.0,1
409,7,1999-11-16 00:00:00,-73.4,15.1,0.0,34.4494,982.0,1
409,8,1999-11-16 06:00:00,-72.0,15.1,0.0,34.4494,974.0,1
409,9,1999-11-16 12:00:00,-70.5,15.1,0.0,39.0426,971.0,1
409,10,1999-11-16 18:00:00,-69.0,15.5,0.0,39.0426,967.0,1
409,11,1999-11-17 00:00:00,-67.6,15.9,0.0,45.9325,959.0,1
409,12,1999-11-17 06:00:00,-66.5,16.4,0.0,48.2291,952.0,1
409,13,1999-11-17 12:00:00,-65.5,16.8,0.0,52.8224,946.0,1
409,14,1999-11-17 18:00:00,-64.8,17.4,0.0,62.0089,933.0,1
409,15,1999-11-18 00:00:00,-64.2,17.6,0.0,59.7122,940.0,1
409,16,1999-11-18 06:00:00,-63.9,17.8,0.0,57.4156,944.0,1
409,17,1999-11-18 12:00:00,-63.6,17.9,0.0,55.119,953.0,1
409,18,1999-11-18 18:00:00,-63.3,18.0,0.0,50.5258,966.0,1
409,19,1999-11-19 00:00:00,-63.1,18.1,0.0,39.0426,975.0,1
409,20,1999-11-19 06:00:00,-62.9,18.0,0.0,34.4494,979.0,1
409,21,1999-11-19 12:00:00,-62.8,17.9,0.0,32.1527,986.0,1
409,22,1999-11-19 18:00:00,-62.5,17.6,0.0,27.5595,994.0,1
409,23,1999-11-20 00:00:00,-61.8,17.3,0.0,25.2629,994.0,1
409,24,1999-11-20 06:00:00,-61.1,17.0,0.0,25.2629,995.0,1
409,25,1999-11-20 12:00:00,-60.4,16.5,0.0,22.9662,996.0,1
409,26,1999-11-20 18:00:00,-59.8,15.9,0.0,20.6696,998.0,1
409,27,1999-11-21 00:00:00,-59.0,16.0,0.0,18.373,998.0,1
410,1,2000-08-04 18:00:00,-25.2,12.7,0.0,18.373,1002.0,1
410,2,2000-08-05 00:00:00,-26.7,13.2,0.0,18.373,1001.0,1
410,3,2000-08-05 06:00:00,-28.2,13.7,0.0,20.6696,1000.0,1
410,4,2000-08-05 12:00:00,-29.8,14.1,0.0,20.6696,999.0,1
410,5,2000-08-05 18:00:00,-31.4,14.5,0.0,25.2629,994.0,1
410,6,2000-08-06 00:00:00,-33.2,14.5,0.0,29.8561,987.0,1
410,7,2000-08-06 06:00:00,-34.4,14.6,0.0,29.8561,985.0,1
410,8,2000-08-06 12:00:00,-35.4,14.7,0.0,32.1527,983.0,1
410,9,2000-08-06 18:00:00,-36.6,15.2,0.0,34.4494,981.0,1
410,10,2000-08-07 00:00:00,-38.1,15.7,0.0,34.4494,979.0,1
410,11,2000-08-07 06:00:00,-39.6,16.0,0.0,36.746,978.0,1
410,12,2000-08-07 12:00:00,-41.0,16.2,0.0,36.746,977.0,1
410,13,2000-08-07 18:00:00,-42.2,16.5,0.0,36.746,978.0,1
410,14,2000-08-08 00:00:00,-43.6,16.7,0.0,34.4494,979.0,1
410,15,2000-08-08 06:00:00,-44.9,17.0,0.0,32.1527,982.0,1
410,16,2000-08-08 12:00:00,-45.7,17.7,0.0,32.1527,985.0,1
410,17,2000-08-08 18:00:00,-46.5,18.6,0.0,29.8561,987.0,1
410,18,2000-08-09 00:00:00,-47.2,19.6,0.0,27.5595,989.0,1
410,19,2000-08-09 06:00:00,-48.5,20.6,0.0,27.5595,992.0,1
410,20,2000-08-09 12:00:00,-49.9,21.9,0.0,25.2629,994.0,1
410,21,2000-08-09 18:00:00,-51.3,23.4,0.0,27.5595,991.0,1
410,22,2000-08-10 00:00:00,-52.6,24.8,0.0,29.8561,988.0,1
410,23,2000-08-10 06:00:00,-54.0,26.1,0.0,29.8561,987.0,1
410,24,2000-08-10 12:00:00,-55.3,27.5,0.0,29.8561,986.0,1
410,25,2000-08-10 18:00:00,-56.7,28.8,0.0,29.8561,984.0,1
410,26,2000-08-11 00:00:00,-57.7,29.9,0.0,32.1527,982.0,1
410,27,2000-08-11 06:00:00,-58.4,31.1,0.0,34.4494,979.0,1
410,28,2000-08-11 12:00:00,-58.6,32.2,0.0,36.746,976.0,1
410,29,2000-08-11 18:00:00,-58.5,33.3,0.0,39.0426,973.0,1
410,30,2000-08-12 00:00:00,-58.0,34.3,0.0,41.3392,970.0,1
410,31,2000-08-12 06:00:00,-56.7,35.1,0.0,45.9325,960.0,1
410,32,2000-08-12 12:00:00,-55.3,35.9,0.0,50.5258,950.0,1
410,33,2000-08-12 18:00:00,-53.8,36.8,0.0,50.5258,954.0,1
410,34,2000-08-13 00:00:00,-52.0,37.4,0.0,48.2291,958.0,1
410,35,2000-08-13 06:00:00,-50.3,38.0,0.0,43.6359,966.0,1
410,36,2000-08-13 12:00:00,-48.3,38.4,0.0,39.0426,973.0,1
410,37,2000-08-13 18:00:00,-46.3,38.8,0.0,34.4494,980.0,1
410,38,2000-08-14 00:00:00,-44.2,39.0,0.0,29.8561,987.0,1
410,39,2000-08-14 06:00:00,-42.2,39.1,0.0,27.5595,991.0,1
410,40,2000-08-14 12:00:00,-40.6,39.1,0.0,25.2629,994.0,1
410,41,2000-08-14 18:00:00,-39.3,39.1,0.0,22.9662,997.0,1
410,42,2000-08-15 00:00:00,-38.5,38.9,0.0,20.6696,1000.0,1
410,43,2000-08-15 06:00:00,-38.5,38.3,0.0,20.6696,1001.0,1
410,44,2000-08-15 12:00:00,-38.5,37.3,0.0,20.6696,1002.0,1
410,45,2000-08-15 18:00:00,-38.9,36.6,0.0,18.373,1002.0,1
410,46,2000-08-16 00:00:00,-39.4,36.1,0.0,18.373,1003.0,1
410,47,2000-08-16 06:00:00,-40.2,35.4,0.0,18.373,1003.0,1
410,48,2000-08-16 12:00:00,-41.3,34.6,0.0,18.373,1003.0,1
410,49,2000-08-16 18:00:00,-42.4,33.9,0.0,18.373,1002.0,1
410,50,2000-08-17 00:00:00,-43.5,33.4,0.0,20.6696,1001.0,1
410,51,2000-08-17 06:00:00,-44.2,33.0,0.0,20.6696,1000.0,1
410,52,2000-08-17 12:00:00,-44.9,33.0,0.0,22.9662,998.0,1
410,53,2000-08-17 18:00:00,-45.8,33.0,0.0,22.9662,997.0,1
410,54,2000-08-18 00:00:00,-46.5,33.2,0.0,25.2629,995.0,1
410,55,2000-08-18 06:00:00,-47.1,33.6,0.0,25.2629,993.0,1
410,56,2000-08-18 12:00:00,-47.6,34.2,0.0,27.5595,991.0,1
410,57,2000-08-18 18:00:00,-48.0,34.7,0.0,29.8561,987.0,1
410,58,2000-08-19 00:00:00,-48.1,34.9,0.0,34.4494,979.0,1
410,59,2000-08-19 06:00:00,-48.2,35.3,0.0,36.746,976.0,1
410,60,2000-08-19 12:00:00,-48.2,35.6,0.0,39.0426,973.0,1
410,61,2000-08-19 18:00:00,-48.2,36.0,0.0,41.3392,970.0,1
410,62,2000-08-20 00:00:00,-48.1,36.4,0.0,41.3392,970.0,1
410,63,2000-08-20 06:00:00,-48.0,36.7,0.0,41.3392,971.0,1
410,64,2000-08-20 12:00:00,-47.9,37.1,0.0,39.0426,972.0,1
410,65,2000-08-20 18:00:00,-47.7,37.4,0.0,39.0426,973.0,1
410,66,2000-08-21 00:00:00,-47.5,37.9,0.0,39.0426,974.0,1
410,67,2000-08-21 06:00:00,-47.3,38.3,0.0,36.746,976.0,1
410,68,2000-08-21 12:00:00,-47.2,38.9,0.0,36.746,977.0,1
410,69,2000-08-21 18:00:00,-46.7,40.0,0.0,36.746,978.0,1
410,70,2000-08-22 00:00:00,-45.9,41.2,0.0,34.4494,979.0,1
410,71,2000-08-22 06:00:00,-45.4,42.6,0.0,34.4494,981.0,1
410,72,2000-08-22 12:00:00,-44.0,44.0,0.0,32.1527,983.0,1
410,73,2000-08-22 18:00:00,-42.1,46.1,0.0,29.8561,985.0,1
410,74,2000-08-23 00:00:00,-39.5,48.3,0.0,29.8561,987.0,1
410,75,2000-08-23 06:00:00,-36.8,50.7,0.0,25.2629,994.0,1
410,76,2000-08-23 12:00:00,-35.4,53.2,0.0,20.6696,997.0,1
410,77,2000-08-23 18:00:00,-34.0,57.0,0.0,20.6696,997.0,1
410,78,2000-08-24 00:00:00,-30.3,59.5,0.0,18.373,995.0,1
411,1,2000-08-14 12:00:00,-95.4,23.5,0.0,18.373,1009.0,1
411,2,2000-08-14 18:00:00,-96.3,23.9,0.0,20.6696,1009.0,1
411,3,2000-08-15 00:00:00,-97.0,24.1,0.0,20.6696,1007.0,1
411,4,2000-08-15 06:00:00,-97.7,24.5,0.0,20.6696,1009.0,1
412,1,2000-08-20 12:00:00,-48.8,14.0,0.0,18.373,1008.0,1
412,2,2000-08-20 18:00:00,-50.6,14.7,0.0,20.6696,1007.0,1
412,3,2000-08-21 00:00:00,-52.1,15.1,0.0,25.2629,1006.0,1
412,4,2000-08-21 06:00:00,-54.0,15.4,0.0,29.8561,1005.0,1
412,5,2000-08-21 12:00:00,-56.3,15.7,0.0,34.4494,1004.0,1
412,6,2000-08-21 18:00:00,-58.5,16.1,0.0,34.4494,1004.0,1
412,7,2000-08-22 00:00:00,-60.1,16.8,0.0,32.1527,995.0,1
412,8,2000-08-22 06:00:00,-61.7,17.5,0.0,29.8561,993.0,1
412,9,2000-08-22 12:00:00,-63.5,18.1,0.0,29.8561,994.0,1
412,10,2000-08-22 18:00:00,-65.4,18.8,0.0,29.8561,995.0,1
412,11,2000-08-23 00:00:00,-66.7,19.2,0.0,29.8561,995.0,1
412,12,2000-08-23 06:00:00,-68.1,19.5,0.0,29.8561,995.0,1
412,13,2000-08-23 12:00:00,-69.7,19.8,0.0,27.5595,1005.0,1
412,14,2000-08-23 18:00:00,-71.5,20.0,0.0,22.9662,1009.0,1
412,15,2000-08-24 00:00:00,-73.3,19.9,0.0,18.373,1010.0,1
413,1,2000-09-11 12:00:00,-72.2,30.4,0.0,20.6696,1002.0,1
413,2,2000-09-11 18:00:00,-72.6,30.1,0.0,29.8561,998.0,1
413,3,2000-09-12 00:00:00,-72.7,30.1,0.0,29.8561,992.0,1
413,4,2000-09-12 06:00:00,-72.8,30.2,0.0,27.5595,993.0,1
413,5,2000-09-12 12:00:00,-73.1,30.3,0.0,27.5595,991.0,1
413,6,2000-09-12 18:00:00,-73.3,30.6,0.0,29.8561,987.0,1
413,7,2000-09-13 00:00:00,-73.7,30.8,0.0,29.8561,986.0,1
413,8,2000-09-13 06:00:00,-74.0,30.7,0.0,29.8561,986.0,1
413,9,2000-09-13 12:00:00,-73.8,30.7,0.0,27.5595,987.0,1
413,10,2000-09-13 18:00:00,-73.7,30.5,0.0,25.2629,989.0,1
413,11,2000-09-14 00:00:00,-73.6,30.2,0.0,22.9662,991.0,1
413,12,2000-09-14 06:00:00,-73.6,29.6,0.0,20.6696,993.0,1
413,13,2000-09-14 12:00:00,-73.4,29.5,0.0,20.6696,994.0,1
413,14,2000-09-14 18:00:00,-73.1,29.3,0.0,20.6696,995.0,1
413,15,2000-09-15 00:00:00,-72.8,29.2,0.0,20.6696,995.0,1
413,16,2000-09-15 06:00:00,-72.4,29.1,0.0,20.6696,996.0,1
413,17,2000-09-15 12:00:00,-71.2,29.8,0.0,22.9662,997.0,1
413,18,2000-09-15 18:00:00,-69.7,30.1,0.0,27.5595,997.0,1
413,19,2000-09-16 00:00:00,-67.5,30.8,0.0,29.8561,994.0,1
413,20,2000-09-16 06:00:00,-66.1,32.6,0.0,29.8561,988.0,1
413,21,2000-09-16 12:00:00,-64.2,34.3,0.0,29.8561,987.0,1
413,22,2000-09-16 18:00:00,-61.8,36.1,0.0,32.1527,985.0,1
413,23,2000-09-17 00:00:00,-59.5,37.9,0.0,27.5595,990.0,1
413,24,2000-09-17 06:00:00,-57.4,40.1,0.0,25.2629,995.0,1
413,25,2000-09-17 12:00:00,-55.0,42.5,0.0,22.9662,1000.0,1
413,26,2000-09-17 18:00:00,-53.0,45.5,0.0,22.9662,1002.0,1
414,1,2000-09-16 00:00:00,-86.7,22.5,0.0,18.373,1000.0,1
414,2,2000-09-16 06:00:00,-86.6,22.9,0.0,22.9662,997.0,1
414,3,2000-09-16 12:00:00,-86.3,23.5,0.0,25.2629,992.0,1
414,4,2000-09-16 18:00:00,-85.9,24.3,0.0,27.5595,983.0,1
414,5,2000-09-17 00:00:00,-85.4,25.2,0.0,29.8561,985.0,1
414,6,2000-09-17 06:00:00,-84.9,26.1,0.0,32.1527,981.0,1
414,7,2000-09-17 12:00:00,-84.3,27.1,0.0,29.8561,987.0,1
414,8,2000-09-17 18:00:00,-83.8,28.0,0.0,29.8561,985.0,1
414,9,2000-09-18 00:00:00,-83.4,28.9,0.0,27.5595,989.0,1
414,10,2000-09-18 06:00:00,-83.0,29.8,0.0,18.373,1000.0,1
415,1,2000-09-21 12:00:00,-87.0,26.1,0.0,20.6696,1006.0,1
415,2,2000-09-21 18:00:00,-87.1,27.1,0.0,27.5595,999.0,1
415,3,2000-09-22 00:00:00,-87.2,28.4,0.0,27.5595,996.0,1
415,4,2000-09-22 06:00:00,-87.2,29.5,0.0,22.9662,1001.0,1
415,5,2000-09-24 00:00:00,-76.1,36.4,0.0,18.373,1008.0,1
415,6,2000-09-24 06:00:00,-74.7,37.2,0.0,20.6696,1005.0,1
415,7,2000-09-24 12:00:00,-72.5,38.0,0.0,20.6696,1001.0,1
415,8,2000-09-24 18:00:00,-70.1,39.2,0.0,20.6696,997.0,1
415,9,2000-09-25 00:00:00,-66.8,40.1,0.0,25.2629,993.0,1
415,10,2000-09-25 06:00:00,-62.2,41.6,0.0,27.5595,986.0,1
415,11,2000-09-25 12:00:00,-55.5,44.0,0.0,25.2629,988.0,1
415,12,2000-09-25 18:00:00,-48.8,46.1,0.0,20.6696,990.0,1
416,1,2000-09-22 06:00:00,-27.2,12.7,0.0,18.373,1001.0,1
416,2,2000-09-22 12:00:00,-28.7,13.1,0.0,20.6696,1000.0,1
416,3,2000-09-22 18:00:00,-30.1,13.5,0.0,20.6696,1000.0,1
416,4,2000-09-23 00:00:00,-31.2,13.7,0.0,22.9662,997.0,1
416,5,2000-09-23 06:00:00,-32.3,13.9,0.0,25.2629,994.0,1
416,6,2000-09-23 12:00:00,-33.2,14.3,0.0,32.1527,984.0,1
416,7,2000-09-23 18:00:00,-34.2,14.6,0.0,39.0426,973.0,1
416,8,2000-09-24 00:00:00,-35.0,14.9,0.0,48.2291,960.0,1
416,9,2000-09-24 06:00:00,-35.8,15.1,0.0,45.9325,960.0,1
416,10,2000-09-24 12:00:00,-36.8,15.5,0.0,45.9325,960.0,1
416,11,2000-09-24 18:00:00,-37.8,15.8,0.0,45.9325,960.0,1
416,12,2000-09-25 00:00:00,-38.6,16.3,0.0,43.6359,965.0,1
416,13,2000-09-25 06:00:00,-39.5,16.7,0.0,43.6359,965.0,1
416,14,2000-09-25 12:00:00,-40.4,17.2,0.0,41.3392,970.0,1
416,15,2000-09-25 18:00:00,-41.2,17.6,0.0,41.3392,970.0,1
416,16,2000-09-26 00:00:00,-42.0,17.9,0.0,41.3392,970.0,1
416,17,2000-09-26 06:00:00,-42.9,18.3,0.0,39.0426,973.0,1
416,18,2000-09-26 12:00:00,-43.9,18.6,0.0,34.4494,980.0,1
416,19,2000-09-26 18:00:00,-45.0,19.1,0.0,34.4494,980.0,1
416,20,2000-09-27 00:00:00,-46.0,19.6,0.0,36.746,977.0,1
416,21,2000-09-27 06:00:00,-47.0,20.4,0.0,39.0426,973.0,1
416,22,2000-09-27 12:00:00,-48.1,21.0,0.0,41.3392,970.0,1
416,23,2000-09-27 18:00:00,-49.5,21.9,0.0,43.6359,965.0,1
416,24,2000-09-28 00:00:00,-50.6,22.8,0.0,45.9325,960.0,1
416,25,2000-09-28 06:00:00,-52.0,23.8,0.0,48.2291,955.0,1
416,26,2000-09-28 12:00:00,-52.9,25.0,0.0,50.5258,950.0,1
416,27,2000-09-28 18:00:00,-54.2,26.6,0.0,55.119,943.0,1
416,28,2000-09-29 00:00:00,-55.1,28.0,0.0,52.8224,948.0,1
416,29,2000-09-29 06:00:00,-55.9,29.7,0.0,50.5258,950.0,1
416,30,2000-09-29 12:00:00,-56.2,31.2,0.0,48.2291,955.0,1
416,31,2000-09-29 18:00:00,-55.9,32.9,0.0,41.3392,965.0,1
416,32,2000-09-30 00:00:00,-55.2,34.4,0.0,39.0426,970.0,1
416,33,2000-09-30 06:00:00,-54.0,35.7,0.0,36.746,975.0,1
416,34,2000-09-30 12:00:00,-51.8,37.0,0.0,34.4494,979.0,1
416,35,2000-09-30 18:00:00,-49.8,38.3,0.0,32.1527,985.0,1
416,36,2000-10-01 00:00:00,-47.9,39.7,0.0,29.8561,987.0,1
416,37,2000-10-01 06:00:00,-45.7,40.9,0.0,27.5595,990.0,1
416,38,2000-10-01 12:00:00,-43.6,42.1,0.0,25.2629,990.0,1
416,39,2000-10-01 18:00:00,-39.5,43.5,0.0,25.2629,990.0,1
416,40,2000-10-02 00:00:00,-36.5,44.5,0.0,25.2629,982.0,1
416,41,2000-10-02 06:00:00,-33.0,45.7,0.0,27.5595,972.0,1
416,42,2000-10-02 12:00:00,-29.0,47.0,0.0,27.5595,975.0,1
416,43,2000-10-02 18:00:00,-25.0,48.5,0.0,27.5595,976.0,1
416,44,2000-10-03 00:00:00,-20.5,49.5,0.0,27.5595,976.0,1
416,45,2000-10-03 06:00:00,-16.5,50.5,0.0,27.5595,978.0,1
416,46,2000-10-03 12:00:00,-12.0,52.0,0.0,25.2629,982.0,1
416,47,2000-10-03 18:00:00,-9.0,55.0,0.0,20.6696,988.0,1
416,48,2000-10-04 00:00:00,-6.0,58.0,0.0,20.6696,989.0,1
416,49,2000-10-04 06:00:00,-4.0,62.0,0.0,20.6696,994.0,1
417,1,2000-09-26 18:00:00,-35.3,11.7,0.0,18.373,1002.0,1
417,2,2000-09-27 00:00:00,-36.4,12.1,0.0,22.9662,998.0,1
417,3,2000-09-27 06:00:00,-37.6,12.2,0.0,25.2629,993.0,1
417,4,2000-09-27 12:00:00,-38.8,12.4,0.0,29.8561,985.0,1
417,5,2000-09-27 18:00:00,-40.1,12.5,0.0,32.1527,978.0,1
417,6,2000-09-28 00:00:00,-41.3,12.4,0.0,34.4494,976.0,1
417,7,2000-09-28 06:00:00,-42.5,12.2,0.0,36.746,975.0,1
417,8,2000-09-28 12:00:00,-43.8,11.7,0.0,36.746,975.0,1
417,9,2000-09-28 18:00:00,-45.0,11.3,0.0,34.4494,976.0,1
417,10,2000-09-29 00:00:00,-46.1,10.9,0.0,34.4494,977.0,1
417,11,2000-09-29 06:00:00,-47.2,10.7,0.0,32.1527,980.0,1
417,12,2000-09-29 12:00:00,-48.6,10.5,0.0,29.8561,984.0,1
417,13,2000-09-29 18:00:00,-50.1,10.5,0.0,27.5595,988.0,1
417,14,2000-09-30 00:00:00,-51.7,10.4,0.0,25.2629,992.0,1
417,15,2000-09-30 06:00:00,-53.3,10.3,0.0,22.9662,996.0,1
417,16,2000-09-30 12:00:00,-54.9,10.3,0.0,20.6696,1000.0,1
417,17,2000-09-30 18:00:00,-56.6,10.5,0.0,18.373,1003.0,1
417,18,2000-10-01 00:00:00,-58.0,10.7,0.0,18.373,1005.0,1
418,1,2000-09-29 18:00:00,-84.8,17.4,0.0,18.373,1000.0,1
418,2,2000-09-30 00:00:00,-85.4,17.7,0.0,20.6696,993.0,1
418,3,2000-09-30 06:00:00,-86.0,17.9,0.0,25.2629,987.0,1
418,4,2000-09-30 12:00:00,-86.4,17.9,0.0,29.8561,982.0,1
418,5,2000-09-30 18:00:00,-86.7,17.9,0.0,34.4494,977.0,1
418,6,2000-10-01 00:00:00,-86.9,17.9,0.0,45.9325,955.0,1
418,7,2000-10-01 06:00:00,-87.2,17.9,0.0,55.119,941.0,1
418,8,2000-10-01 12:00:00,-87.4,17.9,0.0,52.8224,944.0,1
418,9,2000-10-01 18:00:00,-87.7,17.9,0.0,50.5258,950.0,1
418,10,2000-10-02 00:00:00,-87.9,17.8,0.0,45.9325,959.0,1
418,11,2000-10-02 06:00:00,-87.8,17.6,0.0,36.746,974.0,1
418,12,2000-10-02 12:00:00,-87.8,17.7,0.0,32.1527,980.0,1
418,13,2000-10-02 18:00:00,-87.9,17.7,0.0,29.8561,987.0,1
418,14,2000-10-03 00:00:00,-88.0,17.9,0.0,27.5595,989.0,1
418,15,2000-10-03 06:00:00,-88.4,18.0,0.0,20.6696,990.0,1
418,16,2000-10-04 18:00:00,-93.5,20.3,0.0,18.373,996.0,1
418,17,2000-10-05 00:00:00,-94.8,20.7,0.0,27.5595,988.0,1
418,18,2000-10-05 06:00:00,-96.1,21.2,0.0,29.8561,987.0,1
418,19,2000-10-05 12:00:00,-97.0,21.8,0.0,34.4494,983.0,1
418,20,2000-10-05 18:00:00,-97.9,22.6,0.0,36.746,980.0,1
418,21,2000-10-06 00:00:00,-99.0,23.2,0.0,20.6696,988.0,1
419,1,2000-10-06 06:00:00,-73.1,30.6,0.0,18.373,1006.0,1
419,2,2000-10-06 12:00:00,-72.4,30.9,0.0,18.373,1007.0,1
419,3,2000-10-06 18:00:00,-71.8,31.3,0.0,18.373,1007.0,1
419,4,2000-10-07 00:00:00,-70.7,32.1,0.0,18.373,1006.0,1
419,5,2000-10-07 06:00:00,-69.6,33.1,0.0,18.373,1006.0,1
419,6,2000-10-07 12:00:00,-68.3,35.4,0.0,18.373,1006.0,1
419,7,2000-10-07 18:00:00,-66.7,37.4,0.0,18.373,1005.0,1
419,8,2000-10-08 00:00:00,-64.0,40.0,0.0,18.373,1004.0,1
419,9,2000-10-08 06:00:00,-60.0,43.0,0.0,18.373,1003.0,1
419,10,2000-10-08 12:00:00,-57.0,46.0,0.0,18.373,1003.0,1
419,11,2000-10-10 00:00:00,-30.0,56.0,0.0,18.373,999.0,1
419,12,2000-10-10 06:00:00,-24.0,55.0,0.0,22.9662,987.0,1
419,13,2000-10-10 12:00:00,-17.0,54.0,0.0,25.2629,980.0,1
419,14,2000-10-10 18:00:00,-10.0,53.0,0.0,27.5595,973.0,1
420,1,2000-10-17 06:00:00,-71.0,29.8,0.0,20.6696,1000.0,1
420,2,2000-10-17 12:00:00,-70.9,29.8,0.0,25.2629,995.0,1
420,3,2000-10-17 18:00:00,-70.9,30.1,0.0,29.8561,988.0,1
420,4,2000-10-18 00:00:00,-70.9,30.4,0.0,29.8561,988.0,1
420,5,2000-10-18 06:00:00,-70.8,30.8,0.0,29.8561,986.0,1
420,6,2000-10-18 12:00:00,-70.4,31.5,0.0,29.8561,984.0,1
420,7,2000-10-18 18:00:00,-69.5,32.6,0.0,32.1527,979.0,1
420,8,2000-10-19 00:00:00,-67.8,34.2,0.0,34.4494,983.0,1
420,9,2000-10-19 06:00:00,-65.5,36.3,0.0,29.8561,986.0,1
420,10,2000-10-19 12:00:00,-61.6,39.8,0.0,34.4494,979.0,1
420,11,2000-10-19 18:00:00,-58.5,44.0,0.0,39.0426,965.0,1
420,12,2000-10-20 00:00:00,-56.5,48.0,0.0,34.4494,966.0,1
420,13,2000-10-20 06:00:00,-56.0,50.0,0.0,32.1527,966.0,1
420,14,2000-10-20 12:00:00,-53.5,51.0,0.0,29.8561,968.0,1
420,15,2000-10-20 18:00:00,-50.5,52.0,0.0,27.5595,970.0,1
421,1,2000-10-20 18:00:00,-56.3,31.4,0.0,18.373,1000.0,1
421,2,2000-10-21 00:00:00,-55.2,32.4,0.0,22.9662,999.0,1
421,3,2000-10-21 06:00:00,-53.5,33.3,0.0,22.9662,1000.0,1
421,4,2000-10-21 12:00:00,-52.3,34.1,0.0,22.9662,1000.0,1
421,5,2000-10-21 18:00:00,-51.3,34.8,0.0,20.6696,1000.0,1
421,6,2000-10-22 00:00:00,-50.5,35.7,0.0,18.373,1004.0,1
421,7,2000-10-22 06:00:00,-49.0,37.0,0.0,18.373,1005.0,1
422,1,2000-10-26 12:00:00,-71.8,27.4,0.0,18.373,1002.0,1
422,2,2000-10-26 18:00:00,-72.1,28.3,0.0,20.6696,1000.0,1
422,3,2000-10-27 00:00:00,-72.5,29.2,0.0,22.9662,997.0,1
422,4,2000-10-27 06:00:00,-72.6,30.0,0.0,22.9662,997.0,1
422,5,2000-10-27 12:00:00,-72.5,30.9,0.0,22.9662,997.0,1
422,6,2000-10-27 18:00:00,-71.6,32.6,0.0,22.9662,996.0,1
422,7,2000-10-28 00:00:00,-70.7,34.2,0.0,22.9662,994.0,1
422,8,2000-10-28 06:00:00,-69.9,35.7,0.0,22.9662,992.0,1
422,9,2000-10-28 12:00:00,-68.1,36.5,0.0,22.9662,990.0,1
422,10,2000-10-28 18:00:00,-65.5,38.0,0.0,25.2629,984.0,1
422,11,2000-10-29 00:00:00,-62.6,40.5,0.0,25.2629,978.0,1
422,12,2000-10-29 06:00:00,-60.0,44.0,0.0,22.9662,980.0,1
422,13,2000-10-29 12:00:00,-59.5,46.0,0.0,20.6696,992.0,1
423,1,2001-06-05 12:00:00,-95.0,27.5,0.0,18.373,1007.0,1
423,2,2001-06-05 18:00:00,-95.3,28.5,0.0,22.9662,1002.0,1
423,3,2001-06-06 00:00:00,-95.3,29.3,0.0,20.6696,1003.0,1
423,4,2001-06-11 12:00:00,-89.4,30.7,0.0,18.373,1000.0,1
423,5,2001-06-17 12:00:00,-73.4,39.3,0.0,18.373,1004.0,1
424,1,2001-08-02 18:00:00,-84.9,26.2,0.0,20.6696,1010.0,1
424,2,2001-08-03 00:00:00,-85.6,26.4,0.0,18.373,1007.0,1
424,3,2001-08-05 06:00:00,-86.7,27.5,0.0,18.373,1004.0,1
424,4,2001-08-05 12:00:00,-86.4,28.1,0.0,22.9662,990.0,1
424,5,2001-08-05 18:00:00,-86.4,28.6,0.0,27.5595,991.0,1
424,6,2001-08-06 00:00:00,-86.3,29.5,0.0,27.5595,992.0,1
424,7,2001-08-06 06:00:00,-86.4,30.6,0.0,27.5595,991.0,1
425,1,2001-08-18 00:00:00,-68.2,14.4,0.0,20.6696,1004.0,1
425,2,2001-08-18 06:00:00,-70.4,14.6,0.0,25.2629,1003.0,1
425,3,2001-08-18 12:00:00,-72.9,14.8,0.0,22.9662,1006.0,1
425,4,2001-08-18 18:00:00,-75.2,15.3,0.0,22.9662,1003.0,1
425,5,2001-08-19 00:00:00,-77.2,15.3,0.0,25.2629,1002.0,1
425,6,2001-08-19 06:00:00,-78.4,15.4,0.0,27.5595,997.0,1
425,7,2001-08-19 12:00:00,-79.6,15.7,0.0,27.5595,1004.0,1
425,8,2001-08-19 18:00:00,-81.1,16.2,0.0,25.2629,1005.0,1
425,9,2001-08-20 00:00:00,-82.6,16.7,0.0,22.9662,1007.0,1
425,10,2001-08-20 06:00:00,-84.1,17.1,0.0,22.9662,1008.0,1
425,11,2001-08-20 12:00:00,-85.6,17.5,0.0,22.9662,1007.0,1
425,12,2001-08-20 18:00:00,-86.7,17.9,0.0,25.2629,1006.0,1
425,13,2001-08-21 00:00:00,-87.7,18.1,0.0,27.5595,1000.0,1
425,14,2001-08-21 06:00:00,-88.1,18.2,0.0,25.2629,1000.0,1
425,15,2001-08-21 12:00:00,-88.7,18.4,0.0,20.6696,1002.0,1
426,1,2001-08-22 12:00:00,-64.3,17.9,0.0,20.6696,1010.0,1
426,2,2001-08-22 18:00:00,-65.9,19.1,0.0,22.9662,1009.0,1
426,3,2001-08-23 00:00:00,-67.4,19.8,0.0,22.9662,1010.0,1
426,4,2001-08-23 06:00:00,-68.9,20.7,0.0,22.9662,1010.0,1
426,5,2001-08-27 00:00:00,-63.3,36.3,0.0,18.373,1001.0,1
426,6,2001-08-27 06:00:00,-62.0,37.7,0.0,22.9662,1000.0,1
426,7,2001-08-27 12:00:00,-60.7,38.9,0.0,25.2629,996.0,1
426,8,2001-08-27 18:00:00,-59.4,40.6,0.0,27.5595,994.0,1
426,9,2001-08-28 00:00:00,-57.5,42.1,0.0,27.5595,995.0,1
426,10,2001-08-28 06:00:00,-56.0,43.5,0.0,25.2629,996.0,1
426,11,2001-08-28 12:00:00,-53.4,44.0,0.0,22.9662,997.0,1
426,12,2001-08-28 18:00:00,-50.5,45.5,0.0,20.6696,998.0,1
426,13,2001-08-29 00:00:00,-48.5,47.0,0.0,20.6696,999.0,1
426,14,2001-08-29 06:00:00,-45.0,49.0,0.0,20.6696,999.0,1
426,15,2001-08-29 12:00:00,-40.9,51.0,0.0,18.373,1000.0,1
427,1,2001-09-02 06:00:00,-37.5,13.2,0.0,18.373,1002.0,1
427,2,2001-09-02 12:00:00,-39.0,13.5,0.0,20.6696,1003.0,1
427,3,2001-09-02 18:00:00,-40.6,14.1,0.0,20.6696,1003.0,1
427,4,2001-09-03 00:00:00,-42.2,14.7,0.0,20.6696,1003.0,1
427,5,2001-09-03 06:00:00,-43.7,15.3,0.0,22.9662,1003.0,1
427,6,2001-09-03 12:00:00,-45.3,15.9,0.0,22.9662,1003.0,1
427,7,2001-09-03 18:00:00,-47.1,16.3,0.0,18.373,1002.0,1
427,8,2001-09-04 00:00:00,-48.7,16.7,0.0,18.373,1002.0,1
427,9,2001-09-04 06:00:00,-50.3,17.0,0.0,20.6696,1000.0,1
427,10,2001-09-04 12:00:00,-52.0,17.0,0.0,20.6696,1000.0,1
427,11,2001-09-04 18:00:00,-53.4,17.2,0.0,20.6696,1000.0,1
427,12,2001-09-05 00:00:00,-54.8,17.4,0.0,20.6696,1000.0,1
427,13,2001-09-05 06:00:00,-55.9,17.8,0.0,20.6696,1000.0,1
427,14,2001-09-08 06:00:00,-58.8,26.5,0.0,18.373,999.0,1
427,15,2001-09-08 12:00:00,-59.2,27.2,0.0,20.6696,999.0,1
427,16,2001-09-08 18:00:00,-59.8,28.4,0.0,27.5595,994.0,1
427,17,2001-09-09 00:00:00,-60.4,29.7,0.0,34.4494,987.0,1
427,18,2001-09-09 06:00:00,-61.3,30.6,0.0,41.3392,982.0,1
427,19,2001-09-09 12:00:00,-62.2,31.5,0.0,43.6359,979.0,1
427,20,2001-09-09 18:00:00,-62.8,32.4,0.0,48.2291,968.0,1
427,21,2001-09-10 00:00:00,-63.3,33.3,0.0,48.2291,969.0,1
427,22,2001-09-10 06:00:00,-64.1,34.2,0.0,48.2291,969.0,1
427,23,2001-09-10 12:00:00,-64.7,34.9,0.0,45.9325,969.0,1
427,24,2001-09-10 18:00:00,-65.4,35.7,0.0,41.3392,970.0,1
427,25,2001-09-11 00:00:00,-65.7,36.4,0.0,36.746,973.0,1
427,26,2001-09-11 06:00:00,-65.9,36.9,0.0,36.746,976.0,1
427,27,2001-09-11 12:00:00,-65.6,37.4,0.0,36.746,976.0,1
427,28,2001-09-11 18:00:00,-65.1,37.8,0.0,36.746,976.0,1
427,29,2001-09-12 00:00:00,-64.3,38.0,0.0,36.746,976.0,1
427,30,2001-09-12 06:00:00,-63.3,38.0,0.0,34.4494,979.0,1
427,31,2001-09-12 12:00:00,-62.6,37.9,0.0,34.4494,979.0,1
427,32,2001-09-12 18:00:00,-62.0,37.9,0.0,34.4494,979.0,1
427,33,2001-09-13 00:00:00,-61.4,38.1,0.0,34.4494,979.0,1
427,34,2001-09-13 06:00:00,-61.0,38.3,0.0,32.1527,982.0,1
427,35,2001-09-13 12:00:00,-60.6,38.8,0.0,32.1527,982.0,1
427,36,2001-09-13 18:00:00,-60.2,39.6,0.0,32.1527,982.0,1
427,37,2001-09-14 00:00:00,-59.3,40.6,0.0,32.1527,982.0,1
427,38,2001-09-14 06:00:00,-58.1,42.0,0.0,29.8561,987.0,1
427,39,2001-09-14 12:00:00,-56.7,43.3,0.0,29.8561,987.0,1
427,40,2001-09-14 18:00:00,-55.2,44.7,0.0,29.8561,984.0,1
427,41,2001-09-15 00:00:00,-52.7,46.7,0.0,27.5595,981.0,1
427,42,2001-09-15 06:00:00,-51.0,49.0,0.0,27.5595,981.0,1
427,43,2001-09-15 12:00:00,-49.0,52.0,0.0,25.2629,978.0,1
427,44,2001-09-15 18:00:00,-47.5,55.0,0.0,25.2629,976.0,1
427,45,2001-09-16 00:00:00,-46.0,58.0,0.0,25.2629,972.0,1
427,46,2001-09-16 06:00:00,-44.5,60.0,0.0,25.2629,976.0,1
427,47,2001-09-16 12:00:00,-42.0,61.5,0.0,25.2629,981.0,1
427,48,2001-09-16 18:00:00,-38.9,63.0,0.0,22.9662,985.0,1
427,49,2001-09-17 00:00:00,-35.0,65.0,0.0,18.373,995.0,1
428,1,2001-09-12 00:00:00,-48.4,20.2,0.0,18.373,1000.0,1
428,2,2001-09-12 06:00:00,-48.8,21.0,0.0,20.6696,998.0,1
428,3,2001-09-12 12:00:00,-48.9,22.0,0.0,25.2629,994.0,1
428,4,2001-09-12 18:00:00,-49.0,22.9,0.0,27.5595,993.0,1
428,5,2001-09-13 00:00:00,-48.9,23.9,0.0,29.8561,987.0,1
428,6,2001-09-13 06:00:00,-48.6,24.8,0.0,34.4494,979.0,1
428,7,2001-09-13 12:00:00,-48.4,25.9,0.0,39.0426,972.0,1
428,8,2001-09-13 18:00:00,-48.0,27.1,0.0,43.6359,966.0,1
428,9,2001-09-14 00:00:00,-47.2,28.2,0.0,45.9325,962.0,1
428,10,2001-09-14 06:00:00,-46.6,29.3,0.0,45.9325,962.0,1
428,11,2001-09-14 12:00:00,-45.5,30.1,0.0,43.6359,966.0,1
428,12,2001-09-14 18:00:00,-44.3,30.9,0.0,41.3392,970.0,1
428,13,2001-09-15 00:00:00,-42.8,31.2,0.0,41.3392,970.0,1
428,14,2001-09-15 06:00:00,-41.4,31.5,0.0,41.3392,970.0,1
428,15,2001-09-15 12:00:00,-39.5,31.7,0.0,41.3392,970.0,1
428,16,2001-09-15 18:00:00,-37.6,32.1,0.0,39.0426,975.0,1
428,17,2001-09-16 00:00:00,-36.0,32.1,0.0,39.0426,975.0,1
428,18,2001-09-16 06:00:00,-34.8,32.6,0.0,36.746,976.0,1
428,19,2001-09-16 12:00:00,-33.3,33.4,0.0,34.4494,977.0,1
428,20,2001-09-16 18:00:00,-32.4,34.3,0.0,32.1527,979.0,1
428,21,2001-09-17 00:00:00,-32.0,35.1,0.0,32.1527,981.0,1
428,22,2001-09-17 06:00:00,-31.7,35.4,0.0,29.8561,983.0,1
428,23,2001-09-17 12:00:00,-31.5,35.3,0.0,27.5595,985.0,1
428,24,2001-09-17 18:00:00,-31.8,35.2,0.0,25.2629,990.0,1
428,25,2001-09-18 00:00:00,-32.0,35.0,0.0,20.6696,995.0,1
428,26,2001-09-18 06:00:00,-32.0,34.8,0.0,18.373,998.0,1
429,1,2001-09-13 18:00:00,-84.5,25.4,0.0,18.373,998.0,1
429,2,2001-09-14 00:00:00,-84.1,25.4,0.0,20.6696,997.0,1
429,3,2001-09-14 06:00:00,-83.6,25.8,0.0,22.9662,992.0,1
429,4,2001-09-14 12:00:00,-82.6,27.1,0.0,27.5595,983.0,1
429,5,2001-09-14 18:00:00,-81.8,28.0,0.0,20.6696,994.0,1
429,6,2001-09-15 00:00:00,-81.4,28.6,0.0,18.373,995.0,1
429,7,2001-09-15 06:00:00,-80.9,28.6,0.0,18.373,995.0,1
429,8,2001-09-15 12:00:00,-80.1,28.9,0.0,18.373,998.0,1
429,9,2001-09-15 18:00:00,-79.0,29.8,0.0,20.6696,999.0,1
429,10,2001-09-16 00:00:00,-77.9,30.4,0.0,22.9662,998.0,1
429,11,2001-09-16 06:00:00,-76.8,30.8,0.0,22.9662,998.0,1
429,12,2001-09-16 12:00:00,-74.9,31.6,0.0,25.2629,995.0,1
429,13,2001-09-16 18:00:00,-72.8,32.3,0.0,25.2629,995.0,1
429,14,2001-09-17 00:00:00,-70.7,33.1,0.0,29.8561,991.0,1
429,15,2001-09-17 06:00:00,-68.5,34.0,0.0,29.8561,991.0,1
429,16,2001-09-17 12:00:00,-66.6,35.3,0.0,32.1527,983.0,1
429,17,2001-09-17 18:00:00,-64.7,36.2,0.0,32.1527,983.0,1
429,18,2001-09-18 00:00:00,-62.9,36.9,0.0,27.5595,987.0,1
429,19,2001-09-18 06:00:00,-61.8,37.9,0.0,25.2629,990.0,1
429,20,2001-09-18 12:00:00,-60.4,39.0,0.0,25.2629,990.0,1
429,21,2001-09-18 18:00:00,-58.9,40.2,0.0,27.5595,980.0,1
429,22,2001-09-19 00:00:00,-57.5,41.5,0.0,27.5595,975.0,1
429,23,2001-09-19 06:00:00,-55.5,42.8,0.0,25.2629,976.0,1
429,24,2001-09-19 12:00:00,-54.0,43.5,0.0,27.5595,978.0,1
429,25,2001-09-19 18:00:00,-52.0,46.5,0.0,27.5595,986.0,1
429,26,2001-09-20 00:00:00,-48.5,48.5,0.0,27.5595,988.0,1
429,27,2001-09-20 06:00:00,-46.0,50.0,0.0,27.5595,986.0,1
429,28,2001-09-20 12:00:00,-43.0,52.0,0.0,27.5595,984.0,1
429,29,2001-09-20 18:00:00,-40.0,54.0,0.0,29.8561,981.0,1
429,30,2001-09-21 00:00:00,-37.5,55.0,0.0,29.8561,981.0,1
429,31,2001-09-21 06:00:00,-35.0,55.0,0.0,29.8561,981.0,1
429,32,2001-09-21 12:00:00,-32.5,56.0,0.0,27.5595,984.0,1
429,33,2001-09-21 18:00:00,-31.0,57.5,0.0,25.2629,987.0,1
430,1,2001-09-22 12:00:00,-66.3,27.9,0.0,18.373,1007.0,1
430,2,2001-09-22 18:00:00,-66.7,28.6,0.0,22.9662,998.0,1
430,3,2001-09-23 00:00:00,-67.0,29.3,0.0,25.2629,995.0,1
430,4,2001-09-23 06:00:00,-67.3,30.1,0.0,25.2629,994.0,1
430,5,2001-09-23 12:00:00,-67.5,31.0,0.0,29.8561,990.0,1
430,6,2001-09-23 18:00:00,-67.4,31.9,0.0,36.746,986.0,1
430,7,2001-09-24 00:00:00,-67.1,32.8,0.0,39.0426,983.0,1
430,8,2001-09-24 06:00:00,-66.8,33.8,0.0,34.4494,989.0,1
430,9,2001-09-24 12:00:00,-66.3,35.0,0.0,32.1527,990.0,1
430,10,2001-09-24 18:00:00,-65.4,35.9,0.0,32.1527,991.0,1
430,11,2001-09-25 00:00:00,-64.3,36.8,0.0,29.8561,992.0,1
430,12,2001-09-25 06:00:00,-63.4,37.7,0.0,29.8561,992.0,1
430,13,2001-09-25 12:00:00,-62.4,38.5,0.0,29.8561,992.0,1
430,14,2001-09-25 18:00:00,-61.6,39.2,0.0,29.8561,990.0,1
430,15,2001-09-26 00:00:00,-60.7,39.6,0.0,29.8561,990.0,1
430,16,2001-09-26 06:00:00,-60.3,40.4,0.0,34.4494,980.0,1
430,17,2001-09-26 12:00:00,-59.2,41.0,0.0,41.3392,970.0,1
430,18,2001-09-26 18:00:00,-57.5,41.8,0.0,36.746,977.0,1
430,19,2001-09-27 00:00:00,-54.6,42.2,0.0,32.1527,987.0,1
430,20,2001-09-27 06:00:00,-51.3,42.4,0.0,29.8561,991.0,1
430,21,2001-09-27 12:00:00,-47.5,42.2,0.0,27.5595,994.0,1
430,22,2001-09-27 18:00:00,-44.5,41.5,0.0,20.6696,996.0,1
431,1,2001-10-05 18:00:00,-66.0,15.5,0.0,20.6696,1005.0,1
431,2,2001-10-06 00:00:00,-67.7,15.7,0.0,22.9662,1001.0,1
431,3,2001-10-06 06:00:00,-69.0,16.0,0.0,25.2629,998.0,1
431,4,2001-10-06 12:00:00,-70.5,16.5,0.0,25.2629,998.0,1
431,5,2001-10-06 18:00:00,-72.2,16.9,0.0,29.8561,992.0,1
431,6,2001-10-07 00:00:00,-74.0,16.9,0.0,34.4494,993.0,1
431,7,2001-10-07 06:00:00,-75.3,16.9,0.0,34.4494,989.0,1
431,8,2001-10-07 12:00:00,-77.0,17.3,0.0,34.4494,989.0,1
431,9,2001-10-07 18:00:00,-78.9,17.4,0.0,34.4494,991.0,1
431,10,2001-10-08 00:00:00,-80.6,17.3,0.0,36.746,988.0,1
431,11,2001-10-08 06:00:00,-82.3,17.2,0.0,41.3392,963.0,1
431,12,2001-10-08 12:00:00,-84.0,17.1,0.0,55.119,950.0,1
431,13,2001-10-08 18:00:00,-86.0,16.8,0.0,52.8224,950.0,1
431,14,2001-10-09 00:00:00,-88.0,16.5,0.0,57.4156,948.0,1
431,15,2001-10-09 06:00:00,-89.9,16.2,0.0,27.5595,1005.0,1
432,1,2001-10-07 06:00:00,-55.7,11.3,0.0,18.373,1007.0,1
432,2,2001-10-07 12:00:00,-57.7,11.7,0.0,20.6696,1007.0,1
432,3,2001-10-07 18:00:00,-59.5,12.5,0.0,20.6696,1007.0,1
432,4,2001-10-08 00:00:00,-60.2,13.1,0.0,20.6696,1006.0,1
432,5,2001-10-08 06:00:00,-62.0,13.8,0.0,20.6696,1004.0,1
433,1,2001-10-11 18:00:00,-63.5,30.8,0.0,20.6696,998.0,1
433,2,2001-10-12 00:00:00,-64.7,31.8,0.0,27.5595,991.0,1
433,3,2001-10-12 06:00:00,-65.8,32.2,0.0,27.5595,988.0,1
433,4,2001-10-12 12:00:00,-65.8,32.8,0.0,27.5595,988.0,1
433,5,2001-10-12 18:00:00,-66.3,33.5,0.0,27.5595,988.0,1
433,6,2001-10-13 00:00:00,-66.1,34.2,0.0,27.5595,988.0,1
433,7,2001-10-13 06:00:00,-65.3,34.9,0.0,27.5595,988.0,1
433,8,2001-10-13 12:00:00,-64.8,36.2,0.0,27.5595,986.0,1
433,9,2001-10-13 18:00:00,-64.6,37.3,0.0,29.8561,985.0,1
433,10,2001-10-14 00:00:00,-64.0,37.9,0.0,29.8561,985.0,1
433,11,2001-10-14 06:00:00,-63.7,38.6,0.0,32.1527,982.0,1
433,12,2001-10-14 12:00:00,-63.9,39.3,0.0,27.5595,988.0,1
433,13,2001-10-14 18:00:00,-64.1,40.1,0.0,25.2629,992.0,1
433,14,2001-10-15 00:00:00,-64.4,40.9,0.0,22.9662,995.0,1
433,15,2001-10-15 06:00:00,-65.0,42.3,0.0,20.6696,997.0,1
433,16,2001-10-15 12:00:00,-64.8,44.2,0.0,18.373,998.0,1
433,17,2001-10-15 18:00:00,-62.0,48.0,0.0,18.373,1002.0,1
434,1,2001-11-01 06:00:00,-83.4,16.5,0.0,20.6696,999.0,1
434,2,2001-11-01 12:00:00,-83.6,16.8,0.0,22.9662,995.0,1
434,3,2001-11-01 18:00:00,-83.8,17.0,0.0,22.9662,993.0,1
434,4,2001-11-02 00:00:00,-83.9,17.3,0.0,25.2629,991.0,1
434,5,2001-11-02 06:00:00,-83.9,17.5,0.0,27.5595,988.0,1
434,6,2001-11-02 12:00:00,-84.0,17.8,0.0,32.1527,979.0,1
434,7,2001-11-02 18:00:00,-84.0,18.0,0.0,36.746,969.0,1
434,8,2001-11-03 00:00:00,-84.0,18.5,0.0,41.3392,957.0,1
434,9,2001-11-03 06:00:00,-84.3,18.8,0.0,48.2291,942.0,1
434,10,2001-11-03 12:00:00,-84.3,18.9,0.0,52.8224,937.0,1
434,11,2001-11-03 18:00:00,-84.1,19.3,0.0,50.5258,934.0,1
434,12,2001-11-04 00:00:00,-83.7,19.7,0.0,52.8224,938.0,1
434,13,2001-11-04 06:00:00,-83.3,20.1,0.0,55.119,944.0,1
434,14,2001-11-04 12:00:00,-82.5,20.8,0.0,55.119,947.0,1
434,15,2001-11-04 18:00:00,-81.8,21.5,0.0,55.119,949.0,1
434,16,2001-11-05 00:00:00,-80.9,22.3,0.0,48.2291,953.0,1
434,17,2001-11-05 06:00:00,-79.7,23.1,0.0,36.746,972.0,1
434,18,2001-11-05 12:00:00,-78.0,24.3,0.0,36.746,974.0,1
434,19,2001-11-05 18:00:00,-76.4,25.4,0.0,34.4494,980.0,1
434,20,2001-11-06 00:00:00,-74.5,26.3,0.0,34.4494,980.0,1
434,21,2001-11-06 06:00:00,-72.6,26.9,0.0,34.4494,980.0,1
434,22,2001-11-06 12:00:00,-69.7,27.3,0.0,29.8561,984.0,1
434,23,2001-11-06 18:00:00,-66.5,28.7,0.0,25.2629,989.0,1
435,1,2001-11-04 00:00:00,-50.4,33.9,0.0,20.6696,988.0,1
435,2,2001-11-04 06:00:00,-50.4,34.1,0.0,20.6696,990.0,1
435,3,2001-11-04 12:00:00,-50.4,34.3,0.0,20.6696,993.0,1
435,4,2001-11-04 18:00:00,-50.3,35.2,0.0,22.9662,993.0,1
435,5,2001-11-05 00:00:00,-50.1,36.1,0.0,25.2629,991.0,1
435,6,2001-11-05 06:00:00,-50.1,37.0,0.0,27.5595,988.0,1
435,7,2001-11-05 12:00:00,-50.3,37.8,0.0,29.8561,986.0,1
435,8,2001-11-05 18:00:00,-50.2,38.8,0.0,29.8561,986.0,1
435,9,2001-11-06 00:00:00,-49.7,39.7,0.0,27.5595,990.0,1
435,10,2001-11-06 06:00:00,-49.2,41.3,0.0,25.2629,994.0,1
435,11,2001-11-06 12:00:00,-48.5,43.0,0.0,22.9662,996.0,1
435,12,2001-11-06 18:00:00,-48.0,45.0,0.0,22.9662,1000.0,1
436,1,2001-11-24 00:00:00,-50.3,29.3,0.0,22.9662,990.0,1
436,2,2001-11-24 06:00:00,-50.0,29.3,0.0,22.9662,990.0,1
436,3,2001-11-24 12:00:00,-49.8,29.5,0.0,22.9662,989.0,1
436,4,2001-11-24 18:00:00,-49.5,30.3,0.0,22.9662,989.0,1
436,5,2001-11-25 00:00:00,-50.6,31.3,0.0,22.9662,989.0,1
436,6,2001-11-25 06:00:00,-52.0,31.8,0.0,22.9662,989.0,1
436,7,2001-11-25 12:00:00,-53.5,31.7,0.0,25.2629,989.0,1
436,8,2001-11-25 18:00:00,-55.0,30.8,0.0,27.5595,987.0,1
436,9,2001-11-26 00:00:00,-55.3,30.3,0.0,27.5595,979.0,1
436,10,2001-11-26 06:00:00,-55.6,30.1,0.0,27.5595,979.0,1
436,11,2001-11-26 12:00:00,-55.9,30.6,0.0,29.8561,979.0,1
436,12,2001-11-26 18:00:00,-56.0,31.1,0.0,29.8561,977.0,1
436,13,2001-11-27 00:00:00,-56.2,32.1,0.0,34.4494,975.0,1
436,14,2001-11-27 06:00:00,-57.0,32.6,0.0,36.746,973.0,1
436,15,2001-11-27 12:00:00,-57.2,31.5,0.0,36.746,974.0,1
436,16,2001-11-27 18:00:00,-56.0,32.0,0.0,34.4494,975.0,1
436,17,2001-11-28 00:00:00,-55.8,32.3,0.0,34.4494,975.0,1
436,18,2001-11-28 06:00:00,-55.7,32.6,0.0,34.4494,975.0,1
436,19,2001-11-28 12:00:00,-56.2,32.4,0.0,34.4494,977.0,1
436,20,2001-11-28 18:00:00,-57.0,31.4,0.0,32.1527,979.0,1
436,21,2001-11-29 00:00:00,-57.6,30.3,0.0,29.8561,987.0,1
436,22,2001-11-29 06:00:00,-58.7,29.3,0.0,27.5595,990.0,1
436,23,2001-11-29 12:00:00,-60.1,28.4,0.0,27.5595,992.0,1
436,24,2001-11-29 18:00:00,-61.8,27.3,0.0,25.2629,994.0,1
436,25,2001-11-30 00:00:00,-63.2,26.2,0.0,20.6696,998.0,1
436,26,2001-12-02 12:00:00,-69.2,25.5,0.0,18.373,1001.0,1
436,27,2001-12-02 18:00:00,-69.5,26.4,0.0,18.373,1001.0,1
437,1,2002-07-15 12:00:00,-71.0,36.1,0.0,20.6696,1004.0,1
437,2,2002-07-15 18:00:00,-68.2,36.8,0.0,20.6696,1002.0,1
437,3,2002-07-16 00:00:00,-65.1,37.9,0.0,22.9662,1000.0,1
437,4,2002-07-16 06:00:00,-61.7,38.6,0.0,22.9662,998.0,1
437,5,2002-07-16 12:00:00,-57.9,40.5,0.0,22.9662,998.0,1
437,6,2002-07-16 18:00:00,-54.5,42.5,0.0,22.9662,997.0,1
437,7,2002-07-17 00:00:00,-53.0,44.5,0.0,22.9662,998.0,1
437,8,2002-07-17 06:00:00,-53.9,46.5,0.0,20.6696,999.0,1
437,9,2002-07-17 12:00:00,-54.0,48.0,0.0,18.373,1002.0,1
437,10,2002-07-17 18:00:00,-53.0,49.0,0.0,18.373,1001.0,1
437,11,2002-07-18 00:00:00,-52.5,50.5,0.0,18.373,999.0,1
437,12,2002-07-18 06:00:00,-52.5,53.0,0.0,18.373,997.0,1
438,1,2002-08-07 00:00:00,-76.2,30.1,0.0,18.373,999.0,1
438,2,2002-08-07 06:00:00,-76.2,29.7,0.0,18.373,999.0,1
438,3,2002-08-07 12:00:00,-76.0,29.4,0.0,18.373,999.0,1
438,4,2002-08-07 18:00:00,-75.7,29.7,0.0,18.373,1000.0,1
438,5,2002-08-08 00:00:00,-75.3,29.7,0.0,20.6696,1000.0,1
438,6,2002-08-08 06:00:00,-74.9,29.7,0.0,20.6696,1000.0,1
438,7,2002-08-08 12:00:00,-74.0,29.9,0.0,20.6696,1003.0,1
438,8,2002-08-08 18:00:00,-72.0,31.0,0.0,20.6696,1008.0,1
439,1,2002-08-30 00:00:00,-33.1,9.7,0.0,18.373,1002.0,1
439,2,2002-08-30 06:00:00,-34.5,10.0,0.0,20.6696,1000.0,1
439,3,2002-08-30 12:00:00,-36.3,10.3,0.0,22.9662,997.0,1
439,4,2002-08-30 18:00:00,-37.7,10.8,0.0,22.9662,1000.0,1
439,5,2002-08-31 00:00:00,-39.1,11.5,0.0,20.6696,1000.0,1
439,6,2002-08-31 06:00:00,-40.9,12.1,0.0,18.373,1002.0,1
439,7,2002-09-01 18:00:00,-51.2,15.6,0.0,18.373,1002.0,1
439,8,2002-09-02 00:00:00,-52.0,16.4,0.0,18.373,1001.0,1
439,9,2002-09-02 06:00:00,-52.5,17.1,0.0,18.373,1001.0,1
439,10,2002-09-02 12:00:00,-52.9,17.9,0.0,20.6696,1000.0,1
439,11,2002-09-02 18:00:00,-53.3,18.5,0.0,20.6696,1002.0,1
439,12,2002-09-03 00:00:00,-53.7,19.3,0.0,18.373,1002.0,1
439,13,2002-09-03 06:00:00,-53.7,19.6,0.0,20.6696,1000.0,1
439,14,2002-09-03 12:00:00,-52.9,21.0,0.0,20.6696,1000.0,1
439,15,2002-09-03 18:00:00,-52.4,22.2,0.0,20.6696,1001.0,1
439,16,2002-09-04 00:00:00,-52.4,23.1,0.0,20.6696,1001.0,1
440,1,2002-09-03 12:00:00,-78.4,30.4,0.0,25.2629,1002.0,1
440,2,2002-09-03 18:00:00,-79.0,30.0,0.0,20.6696,1004.0,1
440,3,2002-09-04 00:00:00,-79.1,29.9,0.0,18.373,1005.0,1
441,1,2002-09-06 06:00:00,-94.1,27.6,0.0,20.6696,1005.0,1
441,2,2002-09-06 12:00:00,-94.5,27.7,0.0,22.9662,1001.0,1
441,3,2002-09-06 18:00:00,-94.7,27.8,0.0,22.9662,999.0,1
441,4,2002-09-07 00:00:00,-95.0,27.9,0.0,22.9662,998.0,1
441,5,2002-09-07 06:00:00,-95.6,28.1,0.0,22.9662,999.0,1
442,1,2002-09-09 00:00:00,-72.3,30.5,0.0,18.373,1004.0,1
442,2,2002-09-09 06:00:00,-72.6,31.2,0.0,18.373,1003.0,1
442,3,2002-09-09 12:00:00,-73.6,31.6,0.0,18.373,1002.0,1
442,4,2002-09-09 18:00:00,-74.5,31.9,0.0,18.373,1002.0,1
442,5,2002-09-10 00:00:00,-75.5,32.1,0.0,20.6696,996.0,1
442,6,2002-09-10 06:00:00,-75.5,33.0,0.0,22.9662,990.0,1
442,7,2002-09-10 12:00:00,-75.4,33.7,0.0,22.9662,987.0,1
442,8,2002-09-10 18:00:00,-75.4,35.0,0.0,25.2629,985.0,1
442,9,2002-09-11 00:00:00,-74.7,35.5,0.0,25.2629,983.0,1
442,10,2002-09-11 06:00:00,-73.0,36.8,0.0,27.5595,977.0,1
442,11,2002-09-11 12:00:00,-70.8,38.0,0.0,32.1527,971.0,1
442,12,2002-09-11 18:00:00,-66.8,40.3,0.0,39.0426,964.0,1
442,13,2002-09-12 00:00:00,-62.8,43.1,0.0,36.746,962.0,1
442,14,2002-09-12 06:00:00,-59.6,46.5,0.0,34.4494,960.0,1
442,15,2002-09-12 12:00:00,-57.7,48.6,0.0,27.5595,965.0,1
442,16,2002-09-12 18:00:00,-55.5,50.1,0.0,27.5595,967.0,1
442,17,2002-09-13 00:00:00,-54.0,51.0,0.0,25.2629,968.0,1
442,18,2002-09-13 06:00:00,-52.5,52.5,0.0,22.9662,968.0,1
442,19,2002-09-13 12:00:00,-51.4,54.5,0.0,20.6696,972.0,1
442,20,2002-09-13 18:00:00,-49.5,56.0,0.0,20.6696,976.0,1
442,21,2002-09-14 00:00:00,-51.5,57.0,0.0,18.373,982.0,1
443,1,2002-09-13 06:00:00,-88.8,26.9,0.0,18.373,1002.0,1
443,2,2002-09-13 12:00:00,-89.3,27.4,0.0,20.6696,1002.0,1
443,3,2002-09-13 18:00:00,-89.3,27.7,0.0,20.6696,1003.0,1
443,4,2002-09-14 00:00:00,-89.2,28.0,0.0,22.9662,1001.0,1
443,5,2002-09-14 06:00:00,-89.1,28.7,0.0,22.9662,1003.0,1
443,6,2002-09-14 12:00:00,-88.8,30.0,0.0,22.9662,1003.0,1
444,1,2002-09-18 12:00:00,-78.5,17.7,0.0,18.373,1004.0,1
444,2,2002-09-18 18:00:00,-78.6,18.7,0.0,20.6696,1001.0,1
444,3,2002-09-19 00:00:00,-79.3,19.3,0.0,22.9662,998.0,1
444,4,2002-09-19 06:00:00,-80.4,19.7,0.0,22.9662,990.0,1
444,5,2002-09-19 12:00:00,-80.9,19.9,0.0,27.5595,990.0,1
444,6,2002-09-19 18:00:00,-81.7,20.4,0.0,29.8561,983.0,1
444,7,2002-09-20 00:00:00,-82.3,20.7,0.0,34.4494,979.0,1
444,8,2002-09-20 06:00:00,-83.0,21.1,0.0,41.3392,967.0,1
444,9,2002-09-20 12:00:00,-83.5,21.5,0.0,39.0426,966.0,1
444,10,2002-09-20 18:00:00,-84.0,21.8,0.0,34.4494,965.0,1
444,11,2002-09-21 00:00:00,-84.3,22.1,0.0,34.4494,964.0,1
444,12,2002-09-21 06:00:00,-85.1,22.3,0.0,39.0426,964.0,1
444,13,2002-09-21 12:00:00,-85.8,22.0,0.0,45.9325,955.0,1
444,14,2002-09-21 18:00:00,-86.1,21.9,0.0,50.5258,946.0,1
444,15,2002-09-22 00:00:00,-86.5,22.1,0.0,50.5258,947.0,1
444,16,2002-09-22 06:00:00,-87.4,22.0,0.0,50.5258,936.0,1
444,17,2002-09-22 12:00:00,-88.2,21.9,0.0,50.5258,934.0,1
444,18,2002-09-22 18:00:00,-88.9,21.6,0.0,50.5258,935.0,1
444,19,2002-09-23 00:00:00,-89.4,21.0,0.0,45.9325,950.0,1
444,20,2002-09-23 06:00:00,-89.6,20.6,0.0,32.1527,952.0,1
444,21,2002-09-23 12:00:00,-89.6,20.1,0.0,27.5595,960.0,1
444,22,2002-09-23 18:00:00,-89.4,20.3,0.0,22.9662,968.0,1
444,23,2002-09-24 06:00:00,-89.5,21.0,0.0,20.6696,985.0,1
444,24,2002-09-24 12:00:00,-89.7,21.7,0.0,22.9662,987.0,1
444,25,2002-09-24 18:00:00,-89.8,22.1,0.0,22.9662,988.0,1
444,26,2002-09-25 00:00:00,-89.7,23.0,0.0,22.9662,987.0,1
444,27,2002-09-25 06:00:00,-89.7,24.2,0.0,22.9662,987.0,1
444,28,2002-09-25 12:00:00,-90.2,25.4,0.0,22.9662,990.0,1
444,29,2002-09-25 18:00:00,-90.4,26.3,0.0,25.2629,988.0,1
444,30,2002-09-26 00:00:00,-90.3,27.5,0.0,25.2629,989.0,1
444,31,2002-09-26 06:00:00,-90.3,29.1,0.0,25.2629,984.0,1
444,32,2002-09-26 12:00:00,-89.9,30.0,0.0,25.2629,985.0,1
444,33,2002-09-26 18:00:00,-89.8,32.2,0.0,18.373,988.0,1
445,1,2002-09-19 12:00:00,-43.3,41.5,0.0,22.9662,1004.0,1
446,1,2002-09-21 18:00:00,-51.3,31.7,0.0,18.373,1006.0,1
446,2,2002-09-22 00:00:00,-50.9,32.4,0.0,20.6696,1004.0,1
446,3,2002-09-22 06:00:00,-50.5,32.8,0.0,18.373,1006.0,1
446,4,2002-09-22 12:00:00,-49.9,33.2,0.0,18.373,1006.0,1
446,5,2002-09-22 18:00:00,-49.5,33.3,0.0,18.373,1006.0,1
446,6,2002-09-23 18:00:00,-49.6,31.9,0.0,18.373,1003.0,1
446,7,2002-09-24 00:00:00,-50.0,31.4,0.0,18.373,1003.0,1
446,8,2002-09-24 06:00:00,-50.4,31.0,0.0,20.6696,1000.0,1
446,9,2002-09-24 12:00:00,-50.7,30.6,0.0,22.9662,997.0,1
446,10,2002-09-24 18:00:00,-51.1,30.3,0.0,25.2629,994.0,1
446,11,2002-09-25 00:00:00,-52.1,30.0,0.0,25.2629,994.0,1
446,12,2002-09-25 06:00:00,-53.7,29.7,0.0,25.2629,994.0,1
446,13,2002-09-25 12:00:00,-54.4,29.3,0.0,27.5595,990.0,1
446,14,2002-09-25 18:00:00,-55.3,29.0,0.0,29.8561,987.0,1
446,15,2002-09-26 00:00:00,-56.6,28.6,0.0,29.8561,987.0,1
446,16,2002-09-26 06:00:00,-57.5,28.2,0.0,32.1527,984.0,1
446,17,2002-09-26 12:00:00,-58.3,27.9,0.0,34.4494,982.0,1
446,18,2002-09-26 18:00:00,-59.0,27.8,0.0,34.4494,981.0,1
446,19,2002-09-27 00:00:00,-59.5,27.5,0.0,34.4494,980.0,1
446,20,2002-09-27 06:00:00,-60.0,27.1,0.0,34.4494,982.0,1
446,21,2002-09-27 12:00:00,-60.4,27.0,0.0,34.4494,982.0,1
446,22,2002-09-27 18:00:00,-60.8,26.8,0.0,32.1527,984.0,1
446,23,2002-09-28 00:00:00,-61.4,26.5,0.0,32.1527,984.0,1
446,24,2002-09-28 06:00:00,-62.3,26.3,0.0,29.8561,987.0,1
446,25,2002-09-28 12:00:00,-62.9,26.5,0.0,27.5595,990.0,1
446,26,2002-09-28 18:00:00,-63.2,26.7,0.0,22.9662,997.0,1
446,27,2002-09-29 00:00:00,-63.7,27.1,0.0,20.6696,1000.0,1
446,28,2002-09-29 06:00:00,-64.4,27.2,0.0,18.373,1002.0,1
446,29,2002-09-29 12:00:00,-64.7,27.7,0.0,18.373,1002.0,1
446,30,2002-09-29 18:00:00,-64.7,28.1,0.0,18.373,1002.0,1
446,31,2002-09-30 00:00:00,-64.6,28.7,0.0,18.373,1002.0,1
446,32,2002-10-01 18:00:00,-67.5,28.5,0.0,18.373,1002.0,1
446,33,2002-10-02 00:00:00,-67.7,28.4,0.0,20.6696,1000.0,1
446,34,2002-10-02 06:00:00,-67.8,28.5,0.0,20.6696,1000.0,1
446,35,2002-10-02 12:00:00,-67.6,28.8,0.0,22.9662,997.0,1
446,36,2002-10-02 18:00:00,-66.9,29.0,0.0,25.2629,994.0,1
446,37,2002-10-03 00:00:00,-66.7,29.1,0.0,25.2629,994.0,1
446,38,2002-10-03 06:00:00,-66.6,29.0,0.0,25.2629,994.0,1
446,39,2002-10-03 12:00:00,-67.2,29.0,0.0,22.9662,1000.0,1
446,40,2002-10-03 18:00:00,-67.7,29.3,0.0,20.6696,1000.0,1
446,41,2002-10-04 00:00:00,-68.0,29.4,0.0,20.6696,1000.0,1
446,42,2002-10-12 06:00:00,-75.9,35.4,0.0,18.373,1009.0,1
446,43,2002-10-12 12:00:00,-74.1,36.7,0.0,18.373,1009.0,1
447,1,2002-09-23 06:00:00,-56.8,12.2,0.0,18.373,1005.0,1
447,2,2002-09-23 12:00:00,-58.7,12.4,0.0,20.6696,1004.0,1
447,3,2002-09-23 18:00:00,-60.4,12.5,0.0,22.9662,1005.0,1
447,4,2002-09-24 00:00:00,-62.1,12.7,0.0,22.9662,1006.0,1
447,5,2002-09-24 06:00:00,-63.7,12.8,0.0,22.9662,1006.0,1
447,6,2002-09-24 12:00:00,-64.9,13.0,0.0,27.5595,1004.0,1
447,7,2002-09-24 18:00:00,-66.0,13.2,0.0,22.9662,1007.0,1
447,8,2002-09-25 12:00:00,-68.2,14.0,0.0,18.373,1008.0,1
447,9,2002-09-25 18:00:00,-68.9,14.2,0.0,18.373,1007.0,1
447,10,2002-09-27 18:00:00,-75.0,16.7,0.0,18.373,1004.0,1
447,11,2002-09-28 00:00:00,-75.1,17.4,0.0,20.6696,999.0,1
447,12,2002-09-28 06:00:00,-75.6,17.5,0.0,20.6696,999.0,1
447,13,2002-09-28 12:00:00,-75.4,18.1,0.0,20.6696,1002.0,1
447,14,2002-09-28 18:00:00,-75.7,18.5,0.0,20.6696,1003.0,1
447,15,2002-09-29 00:00:00,-76.1,18.8,0.0,20.6696,1001.0,1
447,16,2002-09-29 06:00:00,-76.8,18.8,0.0,18.373,999.0,1
447,17,2002-09-29 12:00:00,-77.2,18.7,0.0,20.6696,994.0,1
447,18,2002-09-29 18:00:00,-77.6,18.7,0.0,22.9662,994.0,1
447,19,2002-09-30 00:00:00,-78.1,19.0,0.0,25.2629,993.0,1
447,20,2002-09-30 06:00:00,-78.7,19.1,0.0,27.5595,990.0,1
447,21,2002-09-30 12:00:00,-79.6,19.6,0.0,29.8561,986.0,1
447,22,2002-09-30 18:00:00,-80.3,20.0,0.0,29.8561,984.0,1
447,23,2002-10-01 00:00:00,-81.1,20.5,0.0,32.1527,978.0,1
447,24,2002-10-01 06:00:00,-82.2,21.0,0.0,34.4494,970.0,1
447,25,2002-10-01 12:00:00,-83.2,21.6,0.0,41.3392,971.0,1
447,26,2002-10-01 18:00:00,-84.4,22.4,0.0,41.3392,971.0,1
447,27,2002-10-02 00:00:00,-85.7,23.0,0.0,41.3392,967.0,1
447,28,2002-10-02 06:00:00,-87.2,23.6,0.0,45.9325,962.0,1
447,29,2002-10-02 12:00:00,-88.3,24.4,0.0,50.5258,952.0,1
447,30,2002-10-02 18:00:00,-89.5,25.4,0.0,55.119,941.0,1
447,31,2002-10-03 00:00:00,-90.3,26.7,0.0,57.4156,940.0,1
447,32,2002-10-03 06:00:00,-91.4,28.1,0.0,48.2291,957.0,1
447,33,2002-10-03 12:00:00,-92.1,29.2,0.0,36.746,962.0,1
447,34,2002-10-03 18:00:00,-92.4,30.5,0.0,27.5595,976.0,1
447,35,2002-10-04 00:00:00,-92.1,31.9,0.0,18.373,985.0,1
448,1,2003-04-20 00:00:00,-69.0,33.6,0.0,18.373,1005.0,1
448,2,2003-04-20 06:00:00,-68.9,32.7,0.0,18.373,1003.0,1
448,3,2003-04-20 12:00:00,-68.2,32.0,0.0,20.6696,1000.0,1
448,4,2003-04-20 18:00:00,-67.3,31.7,0.0,20.6696,998.0,1
448,5,2003-04-21 00:00:00,-66.4,31.4,0.0,22.9662,995.0,1
448,6,2003-04-21 06:00:00,-65.8,30.6,0.0,22.9662,995.0,1
448,7,2003-04-21 12:00:00,-64.8,30.0,0.0,22.9662,995.0,1
448,8,2003-04-21 18:00:00,-63.1,29.4,0.0,22.9662,994.0,1
448,9,2003-04-22 00:00:00,-61.5,29.4,0.0,22.9662,994.0,1
448,10,2003-04-22 06:00:00,-60.1,29.5,0.0,22.9662,994.0,1
448,11,2003-04-22 12:00:00,-58.5,29.6,0.0,20.6696,995.0,1
448,12,2003-04-22 18:00:00,-56.6,29.7,0.0,20.6696,996.0,1
448,13,2003-04-23 00:00:00,-54.7,30.0,0.0,18.373,998.0,1
448,14,2003-04-23 06:00:00,-53.0,30.6,0.0,18.373,1000.0,1
448,15,2003-04-23 12:00:00,-51.5,31.4,0.0,18.373,1000.0,1
448,16,2003-04-26 18:00:00,-32.8,33.6,0.0,18.373,1002.0,1
448,17,2003-04-27 00:00:00,-29.2,34.4,0.0,18.373,1002.0,1
448,18,2003-04-27 06:00:00,-25.8,35.3,0.0,18.373,999.0,1
448,19,2003-04-27 12:00:00,-22.4,36.1,0.0,18.373,1000.0,1
449,1,2003-06-29 18:00:00,-91.1,24.6,0.0,18.373,1009.0,1
449,2,2003-06-30 00:00:00,-91.3,25.9,0.0,20.6696,1008.0,1
449,3,2003-06-30 06:00:00,-91.5,27.1,0.0,20.6696,1007.0,1
449,4,2003-06-30 12:00:00,-91.5,28.2,0.0,22.9662,1002.0,1
449,5,2003-06-30 18:00:00,-91.0,29.1,0.0,22.9662,997.0,1
449,6,2003-07-01 00:00:00,-90.3,30.4,0.0,20.6696,998.0,1
450,1,2003-07-08 06:00:00,-64.8,14.0,0.0,18.373,1009.0,1
450,2,2003-07-08 12:00:00,-67.6,14.4,0.0,18.373,1009.0,1
450,3,2003-07-08 18:00:00,-70.0,14.8,0.0,20.6696,1006.0,1
450,4,2003-07-09 00:00:00,-72.0,15.0,0.0,22.9662,1001.0,1
450,5,2003-07-09 06:00:00,-74.4,15.1,0.0,27.5595,1003.0,1
450,6,2003-07-09 12:00:00,-76.5,15.3,0.0,25.2629,1004.0,1
450,7,2003-07-09 18:00:00,-78.6,15.8,0.0,25.2629,1002.0,1
450,8,2003-07-10 00:00:00,-80.3,16.1,0.0,25.2629,1002.0,1
450,9,2003-07-10 06:00:00,-81.7,16.6,0.0,25.2629,998.0,1
450,10,2003-07-10 12:00:00,-82.8,17.5,0.0,32.1527,988.0,1
450,11,2003-07-10 18:00:00,-84.1,18.6,0.0,25.2629,1003.0,1
450,12,2003-07-11 00:00:00,-85.5,19.7,0.0,22.9662,1010.0,1
450,13,2003-07-11 06:00:00,-86.3,20.4,0.0,22.9662,1009.0,1
450,14,2003-07-11 12:00:00,-87.2,21.1,0.0,22.9662,1009.0,1
450,15,2003-07-11 18:00:00,-88.2,21.8,0.0,20.6696,1009.0,1
450,16,2003-07-12 00:00:00,-89.2,22.6,0.0,20.6696,1008.0,1
450,17,2003-07-12 06:00:00,-90.2,23.3,0.0,20.6696,1007.0,1
450,18,2003-07-12 12:00:00,-90.7,23.9,0.0,20.6696,1006.0,1
450,19,2003-07-12 18:00:00,-90.9,24.6,0.0,20.6696,1008.0,1
450,20,2003-07-13 00:00:00,-91.5,24.9,0.0,20.6696,1003.0,1
450,21,2003-07-13 06:00:00,-91.9,24.9,0.0,20.6696,1005.0,1
450,22,2003-07-13 12:00:00,-92.1,25.1,0.0,22.9662,999.0,1
450,23,2003-07-13 18:00:00,-92.2,25.3,0.0,22.9662,995.0,1
450,24,2003-07-14 00:00:00,-92.2,25.6,0.0,25.2629,991.0,1
450,25,2003-07-14 06:00:00,-92.3,26.0,0.0,25.2629,993.0,1
450,26,2003-07-14 12:00:00,-92.6,26.7,0.0,25.2629,991.0,1
450,27,2003-07-14 18:00:00,-93.0,27.3,0.0,27.5595,989.0,1
450,28,2003-07-15 00:00:00,-93.6,27.7,0.0,27.5595,988.0,1
450,29,2003-07-15 06:00:00,-94.6,27.9,0.0,29.8561,987.0,1
450,30,2003-07-15 12:00:00,-95.5,28.3,0.0,34.4494,982.0,1
450,31,2003-07-15 18:00:00,-96.9,28.6,0.0,32.1527,984.0,1
450,32,2003-07-16 00:00:00,-98.2,28.5,0.0,22.9662,995.0,1
450,33,2003-07-16 06:00:00,-99.4,28.5,0.0,18.373,999.0,1
451,1,2003-07-17 06:00:00,-55.6,33.4,0.0,20.6696,1011.0,1
451,2,2003-07-17 12:00:00,-56.4,34.4,0.0,22.9662,1009.0,1
451,3,2003-07-17 18:00:00,-56.6,35.3,0.0,25.2629,1008.0,1
451,4,2003-07-18 00:00:00,-56.4,36.2,0.0,25.2629,1007.0,1
451,5,2003-07-18 06:00:00,-56.0,37.1,0.0,25.2629,1006.0,1
451,6,2003-07-18 12:00:00,-54.9,38.1,0.0,27.5595,1003.0,1
451,7,2003-07-18 18:00:00,-53.4,39.2,0.0,29.8561,1002.0,1
451,8,2003-07-19 00:00:00,-51.7,40.1,0.0,29.8561,1001.0,1
451,9,2003-07-19 06:00:00,-50.0,41.1,0.0,29.8561,1000.0,1
451,10,2003-07-19 12:00:00,-47.8,42.1,0.0,29.8561,1001.0,1
451,11,2003-07-19 18:00:00,-45.8,42.7,0.0,27.5595,1003.0,1
451,12,2003-07-20 00:00:00,-44.0,42.7,0.0,25.2629,1005.0,1
451,13,2003-07-20 06:00:00,-42.4,42.5,0.0,20.6696,1007.0,1
451,14,2003-07-20 12:00:00,-40.7,41.9,0.0,18.373,1008.0,1
452,1,2003-08-15 00:00:00,-85.7,26.6,0.0,18.373,1008.0,1
452,2,2003-08-15 06:00:00,-88.3,26.4,0.0,18.373,1008.0,1
452,3,2003-08-15 12:00:00,-90.5,26.1,0.0,20.6696,1007.0,1
452,4,2003-08-15 18:00:00,-92.5,26.0,0.0,22.9662,1001.0,1
452,5,2003-08-16 00:00:00,-94.4,25.9,0.0,25.2629,995.0,1
452,6,2003-08-16 06:00:00,-96.2,25.6,0.0,27.5595,988.0,1
452,7,2003-08-16 12:00:00,-97.6,25.2,0.0,29.8561,988.0,1
453,1,2003-08-28 18:00:00,-38.2,15.1,0.0,18.373,1004.0,1
453,2,2003-08-29 00:00:00,-40.1,15.2,0.0,20.6696,1000.0,1
453,3,2003-08-29 06:00:00,-41.8,15.4,0.0,22.9662,997.0,1
453,4,2003-08-29 12:00:00,-43.1,15.5,0.0,22.9662,997.0,1
453,5,2003-08-29 18:00:00,-44.3,15.8,0.0,27.5595,990.0,1
453,6,2003-08-30 00:00:00,-45.6,16.3,0.0,29.8561,987.0,1
453,7,2003-08-30 06:00:00,-46.9,16.7,0.0,32.1527,984.0,1
453,8,2003-08-30 12:00:00,-48.0,17.0,0.0,39.0426,973.0,1
453,9,2003-08-30 18:00:00,-49.2,17.3,0.0,45.9325,960.0,1
453,10,2003-08-31 00:00:00,-50.3,17.6,0.0,50.5258,952.0,1
453,11,2003-08-31 06:00:00,-51.4,17.8,0.0,50.5258,952.0,1
453,12,2003-08-31 12:00:00,-52.5,18.0,0.0,50.5258,952.0,1
453,13,2003-08-31 18:00:00,-53.5,18.2,0.0,52.8224,948.0,1
453,14,2003-09-01 00:00:00,-54.3,18.3,0.0,55.119,945.0,1
453,15,2003-09-01 06:00:00,-55.3,18.5,0.0,55.119,949.0,1
453,16,2003-09-01 12:00:00,-56.3,18.7,0.0,55.119,949.0,1
453,17,2003-09-01 18:00:00,-57.3,19.0,0.0,57.4156,944.0,1
453,18,2003-09-02 00:00:00,-58.3,19.3,0.0,57.4156,943.0,1
453,19,2003-09-02 06:00:00,-59.2,19.6,0.0,55.119,945.0,1
453,20,2003-09-02 12:00:00,-59.9,20.1,0.0,55.119,945.0,1
453,21,2003-09-02 18:00:00,-60.7,20.5,0.0,55.119,946.0,1
453,22,2003-09-03 00:00:00,-61.3,20.9,0.0,52.8224,945.0,1
453,23,2003-09-03 06:00:00,-61.8,21.3,0.0,50.5258,945.0,1
453,24,2003-09-03 12:00:00,-62.3,21.9,0.0,50.5258,945.0,1
453,25,2003-09-03 18:00:00,-62.8,22.5,0.0,50.5258,944.0,1
453,26,2003-09-04 00:00:00,-63.0,23.2,0.0,52.8224,939.0,1
453,27,2003-09-04 06:00:00,-63.3,23.8,0.0,48.2291,944.0,1
453,28,2003-09-04 12:00:00,-63.8,24.8,0.0,48.2291,944.0,1
453,29,2003-09-04 18:00:00,-64.3,25.8,0.0,50.5258,941.0,1
453,30,2003-09-05 00:00:00,-64.6,27.1,0.0,52.8224,940.0,1
453,31,2003-09-05 06:00:00,-65.1,28.6,0.0,48.2291,946.0,1
453,32,2003-09-05 12:00:00,-65.3,30.1,0.0,48.2291,951.0,1
453,33,2003-09-05 18:00:00,-65.3,31.8,0.0,48.2291,950.0,1
453,34,2003-09-06 00:00:00,-64.7,33.4,0.0,45.9325,953.0,1
453,35,2003-09-06 06:00:00,-64.0,34.9,0.0,45.9325,956.0,1
453,36,2003-09-06 12:00:00,-62.4,36.0,0.0,45.9325,957.0,1
453,37,2003-09-06 18:00:00,-60.4,36.9,0.0,45.9325,958.0,1
453,38,2003-09-07 00:00:00,-58.2,37.9,0.0,41.3392,962.0,1
453,39,2003-09-07 06:00:00,-55.7,39.1,0.0,39.0426,965.0,1
453,40,2003-09-07 12:00:00,-53.4,40.6,0.0,36.746,967.0,1
453,41,2003-09-07 18:00:00,-50.7,42.3,0.0,34.4494,972.0,1
453,42,2003-09-08 00:00:00,-47.9,44.3,0.0,32.1527,975.0,1
453,43,2003-09-08 06:00:00,-44.7,46.3,0.0,32.1527,977.0,1
453,44,2003-09-08 12:00:00,-40.8,48.7,0.0,29.8561,980.0,1
453,45,2003-09-08 18:00:00,-36.0,51.7,0.0,29.8561,980.0,1
453,46,2003-09-09 00:00:00,-32.0,54.0,0.0,27.5595,980.0,1
453,47,2003-09-09 06:00:00,-29.0,56.0,0.0,22.9662,982.0,1
453,48,2003-09-09 12:00:00,-27.0,58.0,0.0,22.9662,982.0,1
453,49,2003-09-09 18:00:00,-27.0,60.0,0.0,18.373,990.0,1
454,1,2003-09-05 12:00:00,-84.4,28.1,0.0,18.373,997.0,1
454,2,2003-09-05 18:00:00,-84.2,28.3,0.0,22.9662,997.0,1
455,1,2003-09-06 12:00:00,-33.9,13.6,0.0,18.373,1003.0,1
455,2,2003-09-06 18:00:00,-34.9,13.4,0.0,20.6696,1000.0,1
455,3,2003-09-07 00:00:00,-35.8,13.5,0.0,25.2629,994.0,1
455,4,2003-09-07 06:00:00,-36.5,13.9,0.0,27.5595,991.0,1
455,5,2003-09-07 12:00:00,-37.3,14.4,0.0,29.8561,987.0,1
455,6,2003-09-07 18:00:00,-38.5,15.2,0.0,32.1527,984.0,1
455,7,2003-09-08 00:00:00,-39.7,15.8,0.0,36.746,976.0,1
455,8,2003-09-08 06:00:00,-40.9,16.5,0.0,43.6359,966.0,1
455,9,2003-09-08 12:00:00,-42.0,17.1,0.0,50.5258,952.0,1
455,10,2003-09-08 18:00:00,-43.1,17.6,0.0,50.5258,952.0,1
455,11,2003-09-09 00:00:00,-44.1,18.2,0.0,52.8224,948.0,1
455,12,2003-09-09 06:00:00,-45.2,18.9,0.0,52.8224,948.0,1
455,13,2003-09-09 12:00:00,-46.3,19.4,0.0,52.8224,948.0,1
455,14,2003-09-09 18:00:00,-47.3,20.0,0.0,52.8224,948.0,1
455,15,2003-09-10 00:00:00,-48.3,20.5,0.0,50.5258,952.0,1
455,16,2003-09-10 06:00:00,-49.4,20.9,0.0,50.5258,952.0,1
455,17,2003-09-10 12:00:00,-50.4,21.1,0.0,52.8224,948.0,1
455,18,2003-09-10 18:00:00,-51.4,21.1,0.0,55.119,942.0,1
455,19,2003-09-11 00:00:00,-52.3,21.2,0.0,57.4156,935.0,1
455,20,2003-09-11 06:00:00,-53.2,21.3,0.0,57.4156,935.0,1
455,21,2003-09-11 12:00:00,-54.0,21.4,0.0,62.0089,925.0,1
455,22,2003-09-11 18:00:00,-54.8,21.5,0.0,66.6021,915.0,1
455,23,2003-09-12 00:00:00,-55.7,21.6,0.0,64.3055,920.0,1
455,24,2003-09-12 06:00:00,-56.6,21.7,0.0,64.3055,920.0,1
455,25,2003-09-12 12:00:00,-57.4,21.6,0.0,64.3055,920.0,1
455,26,2003-09-12 18:00:00,-58.2,21.7,0.0,64.3055,920.0,1
455,27,2003-09-13 00:00:00,-59.1,21.8,0.0,62.0089,925.0,1
455,28,2003-09-13 06:00:00,-60.1,21.9,0.0,59.7122,935.0,1
455,29,2003-09-13 12:00:00,-61.0,22.1,0.0,62.0089,935.0,1
455,30,2003-09-13 18:00:00,-62.1,22.5,0.0,64.3055,932.0,1
455,31,2003-09-14 00:00:00,-63.3,22.9,0.0,62.0089,935.0,1
455,32,2003-09-14 06:00:00,-64.6,23.2,0.0,62.0089,939.0,1
455,33,2003-09-14 12:00:00,-65.8,23.5,0.0,62.0089,935.0,1
455,34,2003-09-14 18:00:00,-67.0,23.9,0.0,64.3055,933.0,1
455,35,2003-09-15 00:00:00,-67.9,24.3,0.0,59.7122,937.0,1
455,36,2003-09-15 06:00:00,-68.8,24.5,0.0,57.4156,940.0,1
455,37,2003-09-15 12:00:00,-69.4,24.8,0.0,55.119,946.0,1
455,38,2003-09-15 18:00:00,-69.8,25.3,0.0,52.8224,949.0,1
455,39,2003-09-16 00:00:00,-70.2,25.7,0.0,48.2291,952.0,1
455,40,2003-09-16 06:00:00,-70.5,26.3,0.0,45.9325,955.0,1
455,41,2003-09-16 12:00:00,-70.9,26.8,0.0,43.6359,959.0,1
455,42,2003-09-16 18:00:00,-71.2,27.4,0.0,43.6359,959.0,1
455,43,2003-09-17 00:00:00,-71.5,28.1,0.0,43.6359,957.0,1
455,44,2003-09-17 06:00:00,-71.9,28.9,0.0,43.6359,957.0,1
455,45,2003-09-17 12:00:00,-72.5,29.7,0.0,41.3392,957.0,1
455,46,2003-09-17 18:00:00,-73.0,30.6,0.0,41.3392,955.0,1
455,47,2003-09-18 00:00:00,-73.5,31.5,0.0,41.3392,953.0,1
455,48,2003-09-18 06:00:00,-74.3,32.5,0.0,41.3392,956.0,1
455,49,2003-09-18 12:00:00,-75.2,33.7,0.0,41.3392,956.0,1
455,50,2003-09-18 18:00:00,-76.4,35.1,0.0,39.0426,958.0,1
455,51,2003-09-19 00:00:00,-77.7,36.7,0.0,29.8561,969.0,1
455,52,2003-09-19 06:00:00,-78.9,38.6,0.0,22.9662,988.0,1
456,1,2003-09-25 06:00:00,-61.7,28.8,0.0,18.373,1002.0,1
456,2,2003-09-25 12:00:00,-61.4,29.2,0.0,20.6696,1000.0,1
456,3,2003-09-25 18:00:00,-61.6,30.4,0.0,22.9662,996.0,1
456,4,2003-09-26 00:00:00,-61.8,30.9,0.0,25.2629,992.0,1
456,5,2003-09-26 06:00:00,-61.8,31.1,0.0,27.5595,990.0,1
456,6,2003-09-26 12:00:00,-62.0,31.8,0.0,29.8561,987.0,1
456,7,2003-09-26 18:00:00,-62.0,32.5,0.0,32.1527,987.0,1
456,8,2003-09-27 00:00:00,-62.0,33.3,0.0,34.4494,984.0,1
456,9,2003-09-27 06:00:00,-62.2,34.4,0.0,34.4494,981.0,1
456,10,2003-09-27 12:00:00,-62.8,35.2,0.0,34.4494,979.0,1
456,11,2003-09-27 18:00:00,-63.2,35.5,0.0,41.3392,969.0,1
456,12,2003-09-28 00:00:00,-63.6,36.3,0.0,41.3392,970.0,1
456,13,2003-09-28 06:00:00,-64.0,37.1,0.0,41.3392,970.0,1
456,14,2003-09-28 12:00:00,-64.1,38.5,0.0,41.3392,970.0,1
456,15,2003-09-28 18:00:00,-64.1,40.2,0.0,41.3392,970.0,1
456,16,2003-09-29 00:00:00,-63.9,42.8,0.0,39.0426,972.0,1
456,17,2003-09-29 06:00:00,-63.8,46.0,0.0,29.8561,982.0,1
456,18,2003-09-29 12:00:00,-62.4,49.8,0.0,20.6696,995.0,1
457,1,2003-09-28 00:00:00,-44.5,22.0,0.0,20.6696,1000.0,1
457,2,2003-09-28 06:00:00,-44.3,23.0,0.0,22.9662,997.0,1
457,3,2003-09-28 12:00:00,-43.6,23.9,0.0,22.9662,997.0,1
457,4,2003-09-28 18:00:00,-42.6,24.8,0.0,22.9662,997.0,1
457,5,2003-09-29 00:00:00,-41.3,26.1,0.0,22.9662,997.0,1
457,6,2003-09-29 06:00:00,-39.9,27.2,0.0,25.2629,994.0,1
457,7,2003-09-29 12:00:00,-38.2,28.3,0.0,25.2629,991.0,1
457,8,2003-09-29 18:00:00,-36.8,29.2,0.0,29.8561,987.0,1
457,9,2003-09-30 00:00:00,-35.4,30.0,0.0,29.8561,987.0,1
457,10,2003-09-30 06:00:00,-34.8,30.8,0.0,25.2629,992.0,1
457,11,2003-09-30 12:00:00,-35.1,31.8,0.0,25.2629,992.0,1
457,12,2003-09-30 18:00:00,-36.0,32.6,0.0,22.9662,996.0,1
457,13,2003-10-01 00:00:00,-37.1,32.5,0.0,22.9662,997.0,1
457,14,2003-10-01 06:00:00,-38.3,32.4,0.0,22.9662,997.0,1
457,15,2003-10-01 12:00:00,-39.6,32.2,0.0,25.2629,994.0,1
457,16,2003-10-01 18:00:00,-40.9,31.7,0.0,29.8561,987.0,1
457,17,2003-10-02 00:00:00,-42.1,31.1,0.0,29.8561,987.0,1
457,18,2003-10-02 06:00:00,-43.0,30.3,0.0,34.4494,979.0,1
457,19,2003-10-02 12:00:00,-43.6,30.1,0.0,34.4494,979.0,1
457,20,2003-10-02 18:00:00,-44.7,29.9,0.0,36.746,976.0,1
457,21,2003-10-03 00:00:00,-45.8,29.6,0.0,36.746,976.0,1
457,22,2003-10-03 06:00:00,-46.9,29.4,0.0,41.3392,970.0,1
457,23,2003-10-03 12:00:00,-47.8,29.4,0.0,41.3392,970.0,1
457,24,2003-10-03 18:00:00,-49.1,29.6,0.0,45.9325,962.0,1
457,25,2003-10-04 00:00:00,-50.3,29.9,0.0,45.9325,962.0,1
457,26,2003-10-04 06:00:00,-51.6,30.1,0.0,45.9325,962.0,1
457,27,2003-10-04 12:00:00,-52.8,30.1,0.0,48.2291,956.0,1
457,28,2003-10-04 18:00:00,-54.0,30.2,0.0,50.5258,952.0,1
457,29,2003-10-05 00:00:00,-54.7,30.3,0.0,45.9325,962.0,1
457,30,2003-10-05 06:00:00,-55.5,30.4,0.0,43.6359,968.0,1
457,31,2003-10-05 12:00:00,-56.1,30.7,0.0,41.3392,973.0,1
457,32,2003-10-05 18:00:00,-56.4,31.4,0.0,39.0426,975.0,1
457,33,2003-10-06 00:00:00,-56.2,32.3,0.0,36.746,977.0,1
457,34,2003-10-06 06:00:00,-56.0,33.5,0.0,36.746,977.0,1
457,35,2003-10-06 12:00:00,-55.6,35.2,0.0,34.4494,979.0,1
457,36,2003-10-06 18:00:00,-55.0,36.9,0.0,32.1527,983.0,1
457,37,2003-10-07 00:00:00,-54.0,38.6,0.0,29.8561,987.0,1
457,38,2003-10-07 06:00:00,-52.1,40.5,0.0,27.5595,987.0,1
457,39,2003-10-07 12:00:00,-49.5,43.8,0.0,27.5595,987.0,1
457,40,2003-10-07 18:00:00,-47.2,47.5,0.0,27.5595,980.0,1
457,41,2003-10-08 00:00:00,-44.0,52.0,0.0,27.5595,978.0,1
457,42,2003-10-08 06:00:00,-40.5,56.5,0.0,29.8561,974.0,1
457,43,2003-10-08 12:00:00,-37.0,59.5,0.0,29.8561,974.0,1
457,44,2003-10-08 18:00:00,-33.4,61.1,0.0,29.8561,970.0,1
457,45,2003-10-09 00:00:00,-28.7,62.1,0.0,27.5595,970.0,1
457,46,2003-10-09 06:00:00,-24.0,62.5,0.0,25.2629,972.0,1
457,47,2003-10-09 12:00:00,-19.0,62.6,0.0,25.2629,973.0,1
457,48,2003-10-09 18:00:00,-12.6,62.5,0.0,22.9662,976.0,1
457,49,2003-10-10 00:00:00,-6.0,63.0,0.0,22.9662,980.0,1
458,1,2003-10-01 00:00:00,-92.9,20.9,0.0,18.373,1006.0,1
458,2,2003-10-01 06:00:00,-92.9,20.9,0.0,18.373,1005.0,1
458,3,2003-10-01 12:00:00,-93.0,21.0,0.0,18.373,1004.0,1
458,4,2003-10-01 18:00:00,-93.2,21.0,0.0,20.6696,1003.0,1
458,5,2003-10-02 00:00:00,-93.4,20.9,0.0,20.6696,1002.0,1
458,6,2003-10-02 06:00:00,-93.4,20.7,0.0,20.6696,1000.0,1
458,7,2003-10-02 12:00:00,-93.4,20.5,0.0,20.6696,998.0,1
458,8,2003-10-02 18:00:00,-93.6,20.4,0.0,22.9662,996.0,1
458,9,2003-10-03 00:00:00,-94.0,20.5,0.0,25.2629,993.0,1
458,10,2003-10-03 06:00:00,-94.3,20.3,0.0,22.9662,994.0,1
458,11,2003-10-03 12:00:00,-94.5,20.1,0.0,22.9662,994.0,1
458,12,2003-10-03 18:00:00,-94.7,19.9,0.0,22.9662,995.0,1
458,13,2003-10-04 00:00:00,-94.5,19.6,0.0,22.9662,995.0,1
458,14,2003-10-04 06:00:00,-94.0,19.5,0.0,22.9662,994.0,1
458,15,2003-10-04 12:00:00,-93.8,19.3,0.0,22.9662,994.0,1
458,16,2003-10-04 18:00:00,-93.8,18.8,0.0,22.9662,996.0,1
458,17,2003-10-05 00:00:00,-93.6,18.6,0.0,22.9662,996.0,1
458,18,2003-10-05 06:00:00,-93.5,18.5,0.0,22.9662,996.0,1
458,19,2003-10-05 12:00:00,-93.5,18.4,0.0,22.9662,997.0,1
458,20,2003-10-05 18:00:00,-93.7,18.2,0.0,18.373,1000.0,1
459,1,2003-10-10 18:00:00,-68.8,19.1,0.0,18.373,1004.0,1
459,2,2003-10-11 00:00:00,-69.7,20.1,0.0,18.373,1002.0,1
459,3,2003-10-11 06:00:00,-70.4,20.9,0.0,18.373,1003.0,1
460,1,2003-10-15 00:00:00,-42.5,11.2,0.0,18.373,1003.0,1
460,2,2003-10-15 06:00:00,-43.1,11.5,0.0,20.6696,1000.0,1
460,3,2003-10-15 12:00:00,-43.7,11.8,0.0,20.6696,1000.0,1
460,4,2003-10-15 18:00:00,-44.3,12.2,0.0,20.6696,1000.0,1
460,5,2003-10-16 00:00:00,-45.0,12.6,0.0,20.6696,1000.0,1
460,6,2003-10-16 06:00:00,-45.6,13.1,0.0,20.6696,1000.0,1
460,7,2003-10-16 12:00:00,-46.0,13.5,0.0,22.9662,997.0,1
460,8,2003-10-16 18:00:00,-46.6,14.0,0.0,25.2629,994.0,1
460,9,2003-10-17 00:00:00,-47.2,14.4,0.0,25.2629,995.0,1
460,10,2003-10-17 06:00:00,-47.6,15.0,0.0,25.2629,994.0,1
460,11,2003-10-17 12:00:00,-48.0,15.5,0.0,27.5595,990.0,1
460,12,2003-10-17 18:00:00,-48.1,16.1,0.0,25.2629,994.0,1
460,13,2003-10-18 00:00:00,-48.1,16.3,0.0,25.2629,994.0,1
460,14,2003-10-18 06:00:00,-47.9,16.3,0.0,25.2629,994.0,1
460,15,2003-10-18 12:00:00,-47.8,16.5,0.0,25.2629,994.0,1
460,16,2003-10-18 18:00:00,-47.7,16.7,0.0,22.9662,997.0,1
460,17,2003-10-19 00:00:00,-47.6,17.0,0.0,22.9662,997.0,1
460,18,2003-10-19 06:00:00,-47.4,17.3,0.0,22.9662,997.0,1
460,19,2003-10-19 12:00:00,-47.3,17.6,0.0,22.9662,997.0,1
460,20,2003-10-19 18:00:00,-47.5,17.6,0.0,20.6696,1000.0,1
460,21,2003-10-20 00:00:00,-47.7,17.4,0.0,20.6696,1000.0,1
460,22,2003-10-20 06:00:00,-47.9,17.6,0.0,20.6696,1000.0,1
460,23,2003-10-20 12:00:00,-48.1,17.8,0.0,18.373,1002.0,1
460,24,2003-10-21 06:00:00,-50.3,18.6,0.0,18.373,1002.0,1
460,25,2003-10-21 12:00:00,-51.0,18.7,0.0,20.6696,1000.0,1
460,26,2003-10-21 18:00:00,-52.0,18.6,0.0,20.6696,1000.0,1
460,27,2003-10-22 00:00:00,-52.9,18.5,0.0,18.373,1002.0,1
461,1,2003-12-05 00:00:00,-75.2,13.7,0.0,20.6696,1000.0,1
461,2,2003-12-05 06:00:00,-74.8,13.9,0.0,22.9662,993.0,1
461,3,2003-12-05 12:00:00,-74.4,14.1,0.0,22.9662,993.0,1
461,4,2003-12-05 18:00:00,-73.8,14.3,0.0,22.9662,995.0,1
461,5,2003-12-06 00:00:00,-73.0,15.0,0.0,22.9662,995.0,1
461,6,2003-12-06 06:00:00,-72.5,15.9,0.0,25.2629,995.0,1
461,7,2003-12-06 12:00:00,-72.2,16.6,0.0,25.2629,995.0,1
461,8,2003-12-06 18:00:00,-72.0,17.2,0.0,25.2629,994.0,1
461,9,2003-12-07 00:00:00,-71.4,17.9,0.0,20.6696,997.0,1
461,10,2003-12-07 06:00:00,-70.6,18.9,0.0,18.373,1000.0,1
461,11,2003-12-07 12:00:00,-69.5,20.5,0.0,18.373,1003.0,1
461,12,2003-12-07 18:00:00,-68.1,22.4,0.0,20.6696,1002.0,1
461,13,2003-12-08 00:00:00,-65.9,23.5,0.0,20.6696,1002.0,1
461,14,2003-12-08 06:00:00,-63.7,24.4,0.0,20.6696,1004.0,1
461,15,2003-12-08 12:00:00,-61.6,25.4,0.0,18.373,1005.0,1
461,16,2003-12-08 18:00:00,-59.5,26.3,0.0,18.373,1005.0,1
461,17,2003-12-09 00:00:00,-57.1,27.4,0.0,18.373,1005.0,1
461,18,2003-12-09 06:00:00,-54.2,28.9,0.0,18.373,1006.0,1
461,19,2003-12-09 12:00:00,-51.1,30.4,0.0,18.373,1006.0,1
461,20,2003-12-09 18:00:00,-47.7,31.9,0.0,18.373,1006.0,1
462,1,2003-12-07 18:00:00,-34.5,27.5,0.0,18.373,1005.0,1
462,2,2003-12-08 00:00:00,-34.8,26.1,0.0,18.373,1004.0,1
462,3,2003-12-08 06:00:00,-35.8,24.1,0.0,18.373,1004.0,1
462,4,2003-12-08 12:00:00,-36.8,22.4,0.0,18.373,1004.0,1
462,5,2003-12-08 18:00:00,-37.9,20.7,0.0,18.373,1004.0,1
462,6,2003-12-09 00:00:00,-37.7,20.4,0.0,18.373,1002.0,1
462,7,2003-12-09 06:00:00,-37.4,20.0,0.0,18.373,998.0,1
462,8,2003-12-09 12:00:00,-37.2,19.5,0.0,22.9662,992.0,1
462,9,2003-12-09 18:00:00,-37.0,21.0,0.0,27.5595,990.0,1
462,10,2003-12-10 00:00:00,-37.0,22.2,0.0,20.6696,1000.0,1
463,1,2004-08-02 06:00:00,-79.4,31.4,0.0,18.373,1005.0,1
463,2,2004-08-02 12:00:00,-79.0,31.3,0.0,22.9662,992.0,1
463,3,2004-08-02 18:00:00,-78.7,31.8,0.0,22.9662,993.0,1
463,4,2004-08-03 00:00:00,-78.2,32.4,0.0,27.5595,987.0,1
463,5,2004-08-03 06:00:00,-77.4,33.0,0.0,32.1527,983.0,1
463,6,2004-08-03 12:00:00,-76.4,34.2,0.0,39.0426,974.0,1
463,7,2004-08-03 18:00:00,-75.2,35.3,0.0,39.0426,972.0,1
463,8,2004-08-04 00:00:00,-73.7,36.0,0.0,36.746,974.0,1
463,9,2004-08-04 06:00:00,-72.1,36.8,0.0,36.746,973.0,1
463,10,2004-08-04 12:00:00,-70.2,37.3,0.0,39.0426,973.0,1
463,11,2004-08-04 18:00:00,-68.3,37.8,0.0,43.6359,965.0,1
463,12,2004-08-05 00:00:00,-66.0,38.5,0.0,48.2291,957.0,1
463,13,2004-08-05 06:00:00,-63.1,39.5,0.0,48.2291,957.0,1
463,14,2004-08-05 12:00:00,-59.6,40.8,0.0,45.9325,962.0,1
463,15,2004-08-05 18:00:00,-55.0,42.7,0.0,41.3392,970.0,1
463,16,2004-08-06 00:00:00,-49.3,44.5,0.0,34.4494,978.0,1
463,17,2004-08-06 06:00:00,-44.2,46.1,0.0,29.8561,984.0,1
463,18,2004-08-06 12:00:00,-37.5,47.0,0.0,22.9662,987.0,1
464,1,2004-08-09 18:00:00,-88.3,22.9,0.0,18.373,1007.0,1
464,2,2004-08-10 00:00:00,-89.0,23.1,0.0,20.6696,1006.0,1
464,3,2004-08-10 06:00:00,-89.8,23.4,0.0,20.6696,1005.0,1
464,4,2004-08-10 12:00:00,-90.6,24.0,0.0,22.9662,1002.0,1
464,5,2004-08-10 18:00:00,-90.6,24.4,0.0,20.6696,1003.0,1
464,6,2004-08-11 00:00:00,-90.6,24.7,0.0,18.373,1003.0,1
464,7,2004-08-11 06:00:00,-90.6,25.2,0.0,18.373,1003.0,1
464,8,2004-08-11 12:00:00,-90.4,25.7,0.0,20.6696,1001.0,1
464,9,2004-08-11 18:00:00,-89.6,26.4,0.0,25.2629,1001.0,1
464,10,2004-08-12 00:00:00,-88.8,27.0,0.0,22.9662,1007.0,1
464,11,2004-08-12 06:00:00,-88.1,27.7,0.0,20.6696,1008.0,1
464,12,2004-08-12 12:00:00,-86.1,29.0,0.0,20.6696,1002.0,1
465,1,2004-08-10 12:00:00,-67.6,13.8,0.0,18.373,1004.0,1
465,2,2004-08-10 18:00:00,-69.8,14.9,0.0,20.6696,1000.0,1
465,3,2004-08-11 00:00:00,-71.8,15.6,0.0,25.2629,999.0,1
465,4,2004-08-11 06:00:00,-73.7,16.0,0.0,25.2629,999.0,1
465,5,2004-08-11 12:00:00,-75.4,16.3,0.0,27.5595,995.0,1
465,6,2004-08-11 18:00:00,-76.8,16.7,0.0,29.8561,993.0,1
465,7,2004-08-12 00:00:00,-78.1,17.4,0.0,29.8561,992.0,1
465,8,2004-08-12 06:00:00,-79.3,18.2,0.0,34.4494,988.0,1
465,9,2004-08-12 12:00:00,-80.7,19.2,0.0,36.746,984.0,1
465,10,2004-08-12 18:00:00,-81.6,20.5,0.0,41.3392,980.0,1
465,11,2004-08-13 00:00:00,-82.2,21.7,0.0,41.3392,976.0,1
465,12,2004-08-13 06:00:00,-82.6,23.0,0.0,48.2291,966.0,1
465,13,2004-08-13 12:00:00,-82.9,24.4,0.0,43.6359,969.0,1
465,14,2004-08-13 18:00:00,-82.4,26.1,0.0,57.4156,947.0,1
465,15,2004-08-14 00:00:00,-81.6,28.1,0.0,34.4494,970.0,1
465,16,2004-08-14 06:00:00,-80.8,30.1,0.0,34.4494,993.0,1
465,17,2004-08-14 12:00:00,-79.7,32.3,0.0,29.8561,988.0,1
465,18,2004-08-14 18:00:00,-78.1,34.5,0.0,27.5595,1000.0,1
465,19,2004-08-15 00:00:00,-75.9,36.9,0.0,18.373,1012.0,1
466,1,2004-08-15 06:00:00,-58.3,11.5,0.0,20.6696,1009.0,1
466,2,2004-08-15 12:00:00,-60.8,11.8,0.0,20.6696,1009.0,1
467,1,2004-08-14 06:00:00,-25.5,12.9,0.0,18.373,1004.0,1
467,2,2004-08-14 12:00:00,-26.8,13.2,0.0,20.6696,1004.0,1
467,3,2004-08-14 18:00:00,-28.1,13.5,0.0,25.2629,994.0,1
467,4,2004-08-15 00:00:00,-29.3,13.8,0.0,29.8561,987.0,1
467,5,2004-08-15 06:00:00,-30.8,14.1,0.0,34.4494,981.0,1
467,6,2004-08-15 12:00:00,-32.1,14.7,0.0,36.746,978.0,1
467,7,2004-08-15 18:00:00,-33.5,15.2,0.0,39.0426,975.0,1
467,8,2004-08-16 00:00:00,-34.8,16.0,0.0,41.3392,970.0,1
467,9,2004-08-16 06:00:00,-36.0,16.8,0.0,41.3392,970.0,1
467,10,2004-08-16 12:00:00,-37.2,17.7,0.0,41.3392,970.0,1
467,11,2004-08-16 18:00:00,-38.2,19.0,0.0,43.6359,964.0,1
467,12,2004-08-17 00:00:00,-38.9,20.3,0.0,43.6359,965.0,1
467,13,2004-08-17 06:00:00,-39.6,21.7,0.0,41.3392,970.0,1
467,14,2004-08-17 12:00:00,-40.0,23.3,0.0,41.3392,970.0,1
467,15,2004-08-17 18:00:00,-40.3,24.6,0.0,39.0426,974.0,1
467,16,2004-08-18 00:00:00,-40.6,25.9,0.0,34.4494,981.0,1
467,17,2004-08-18 06:00:00,-40.3,27.3,0.0,29.8561,985.0,1
467,18,2004-08-18 12:00:00,-39.8,28.1,0.0,25.2629,994.0,1
467,19,2004-08-18 18:00:00,-38.9,28.9,0.0,20.6696,1005.0,1
467,20,2004-08-19 00:00:00,-37.8,29.3,0.0,18.373,1007.0,1
467,21,2004-08-19 06:00:00,-37.7,29.7,0.0,18.373,1007.0,1
468,1,2004-08-26 00:00:00,-41.5,11.9,0.0,18.373,1003.0,1
468,2,2004-08-26 06:00:00,-42.9,12.3,0.0,20.6696,1000.0,1
468,3,2004-08-26 12:00:00,-44.5,12.8,0.0,25.2629,994.0,1
468,4,2004-08-26 18:00:00,-45.8,13.3,0.0,29.8561,987.0,1
468,5,2004-08-27 00:00:00,-46.8,13.7,0.0,32.1527,984.0,1
468,6,2004-08-27 06:00:00,-47.8,14.2,0.0,34.4494,980.0,1
468,7,2004-08-27 12:00:00,-48.5,14.7,0.0,41.3392,970.0,1
468,8,2004-08-27 18:00:00,-49.3,15.4,0.0,45.9325,962.0,1
468,9,2004-08-28 00:00:00,-50.0,15.9,0.0,45.9325,962.0,1
468,10,2004-08-28 06:00:00,-50.9,16.6,0.0,45.9325,962.0,1
468,11,2004-08-28 12:00:00,-51.6,17.2,0.0,48.2291,958.0,1
468,12,2004-08-28 18:00:00,-52.3,17.7,0.0,52.8224,948.0,1
468,13,2004-08-29 00:00:00,-52.9,18.1,0.0,52.8224,948.0,1
468,14,2004-08-29 06:00:00,-53.6,18.4,0.0,52.8224,948.0,1
468,15,2004-08-29 12:00:00,-54.4,18.6,0.0,52.8224,948.0,1
468,16,2004-08-29 18:00:00,-55.0,18.8,0.0,50.5258,948.0,1
468,17,2004-08-30 00:00:00,-55.8,18.9,0.0,48.2291,954.0,1
468,18,2004-08-30 06:00:00,-56.8,19.0,0.0,45.9325,958.0,1
468,19,2004-08-30 12:00:00,-58.1,19.2,0.0,45.9325,956.0,1
468,20,2004-08-30 18:00:00,-59.3,19.4,0.0,50.5258,948.0,1
468,21,2004-08-31 00:00:00,-60.7,19.6,0.0,50.5258,946.0,1
468,22,2004-08-31 06:00:00,-62.1,19.8,0.0,52.8224,950.0,1
468,23,2004-08-31 12:00:00,-63.5,20.0,0.0,55.119,949.0,1
468,24,2004-08-31 18:00:00,-65.0,20.3,0.0,57.4156,942.0,1
468,25,2004-09-01 00:00:00,-66.4,20.6,0.0,55.119,941.0,1
468,26,2004-09-01 06:00:00,-67.9,21.0,0.0,55.119,939.0,1
468,27,2004-09-01 12:00:00,-69.1,21.4,0.0,55.119,937.0,1
468,28,2004-09-01 18:00:00,-70.4,21.8,0.0,55.119,941.0,1
468,29,2004-09-02 00:00:00,-71.4,22.2,0.0,55.119,939.0,1
468,30,2004-09-02 06:00:00,-72.5,22.7,0.0,57.4156,937.0,1
468,31,2004-09-02 12:00:00,-73.5,23.2,0.0,55.119,939.0,1
468,32,2004-09-02 18:00:00,-74.3,23.8,0.0,52.8224,948.0,1
468,33,2004-09-03 00:00:00,-75.0,24.2,0.0,48.2291,948.0,1
468,34,2004-09-03 06:00:00,-75.7,24.7,0.0,45.9325,954.0,1
468,35,2004-09-03 12:00:00,-76.3,25.3,0.0,43.6359,958.0,1
468,36,2004-09-03 18:00:00,-77.1,25.7,0.0,41.3392,960.0,1
468,37,2004-09-04 00:00:00,-77.5,26.0,0.0,39.0426,960.0,1
468,38,2004-09-04 06:00:00,-77.9,26.4,0.0,39.0426,960.0,1
468,39,2004-09-04 12:00:00,-78.5,26.8,0.0,41.3392,962.0,1
468,40,2004-09-04 18:00:00,-79.1,26.8,0.0,41.3392,962.0,1
468,41,2004-09-05 00:00:00,-79.4,27.0,0.0,43.6359,958.0,1
468,42,2004-09-05 06:00:00,-80.2,27.2,0.0,41.3392,960.0,1
468,43,2004-09-05 12:00:00,-80.7,27.4,0.0,36.746,969.0,1
468,44,2004-09-05 18:00:00,-81.7,27.8,0.0,27.5595,975.0,1
468,45,2004-09-06 00:00:00,-82.3,28.1,0.0,25.2629,978.0,1
468,46,2004-09-06 06:00:00,-83.3,28.6,0.0,25.2629,981.0,1
468,47,2004-09-06 12:00:00,-83.7,29.2,0.0,25.2629,982.0,1
468,48,2004-09-06 18:00:00,-84.0,30.1,0.0,22.9662,982.0,1
469,1,2004-08-29 18:00:00,-70.5,31.8,0.0,18.373,1005.0,1
469,2,2004-08-30 00:00:00,-71.1,32.6,0.0,18.373,1005.0,1
469,3,2004-08-30 06:00:00,-71.5,33.8,0.0,22.9662,1002.0,1
469,4,2004-08-30 12:00:00,-71.5,35.8,0.0,20.6696,1007.0,1
469,5,2004-08-30 18:00:00,-71.4,37.6,0.0,20.6696,1008.0,1
470,1,2004-08-28 12:00:00,-78.5,31.3,0.0,20.6696,1000.0,1
470,2,2004-08-28 18:00:00,-78.8,31.3,0.0,22.9662,997.0,1
470,3,2004-08-29 00:00:00,-79.1,31.5,0.0,25.2629,994.0,1
470,4,2004-08-29 06:00:00,-79.4,32.1,0.0,27.5595,991.0,1
470,5,2004-08-29 12:00:00,-79.5,32.8,0.0,29.8561,986.0,1
470,6,2004-08-29 18:00:00,-79.6,33.5,0.0,20.6696,992.0,1
470,7,2004-09-01 00:00:00,-67.5,41.0,0.0,18.373,999.0,1
470,8,2004-09-01 06:00:00,-63.5,41.7,0.0,20.6696,999.0,1
470,9,2004-09-01 12:00:00,-59.6,43.0,0.0,20.6696,999.0,1
470,10,2004-09-01 18:00:00,-55.0,45.0,0.0,20.6696,998.0,1
470,11,2004-09-02 00:00:00,-50.0,47.0,0.0,20.6696,997.0,1
470,12,2004-09-02 06:00:00,-44.0,48.5,0.0,20.6696,996.0,1
470,13,2004-09-02 12:00:00,-38.0,50.0,0.0,20.6696,994.0,1
470,14,2004-09-02 18:00:00,-32.0,51.1,0.0,18.373,994.0,1
471,1,2004-09-03 12:00:00,-32.1,9.5,0.0,18.373,1003.0,1
471,2,2004-09-03 18:00:00,-33.6,9.3,0.0,20.6696,1000.0,1
471,3,2004-09-04 00:00:00,-35.0,9.1,0.0,20.6696,999.0,1
471,4,2004-09-04 06:00:00,-36.5,8.9,0.0,22.9662,997.0,1
471,5,2004-09-04 12:00:00,-38.2,8.9,0.0,22.9662,997.0,1
471,6,2004-09-04 18:00:00,-39.9,9.0,0.0,25.2629,994.0,1
471,7,2004-09-05 00:00:00,-41.4,9.3,0.0,27.5595,991.0,1
471,8,2004-09-05 06:00:00,-43.4,9.5,0.0,29.8561,987.0,1
471,9,2004-09-05 12:00:00,-45.1,9.8,0.0,39.0426,977.0,1
471,10,2004-09-05 18:00:00,-46.8,10.2,0.0,50.5258,955.0,1
471,11,2004-09-06 00:00:00,-48.5,10.6,0.0,52.8224,948.0,1
471,12,2004-09-06 06:00:00,-50.5,10.8,0.0,50.5258,950.0,1
471,13,2004-09-06 12:00:00,-52.5,11.0,0.0,50.5258,955.0,1
471,14,2004-09-06 18:00:00,-54.4,11.3,0.0,41.3392,969.0,1
471,15,2004-09-07 00:00:00,-56.1,11.2,0.0,41.3392,964.0,1
471,16,2004-09-07 06:00:00,-57.8,11.3,0.0,43.6359,965.0,1
471,17,2004-09-07 12:00:00,-59.4,11.6,0.0,45.9325,963.0,1
471,18,2004-09-07 18:00:00,-61.1,11.8,0.0,48.2291,956.0,1
471,19,2004-09-08 00:00:00,-62.6,12.0,0.0,52.8224,950.0,1
471,20,2004-09-08 06:00:00,-64.1,12.3,0.0,55.119,946.0,1
471,21,2004-09-08 12:00:00,-65.5,12.6,0.0,55.119,955.0,1
471,22,2004-09-08 18:00:00,-67.0,13.0,0.0,55.119,950.0,1
471,23,2004-09-09 00:00:00,-68.3,13.3,0.0,59.7122,938.0,1
471,24,2004-09-09 06:00:00,-69.5,13.7,0.0,64.3055,925.0,1
471,25,2004-09-09 12:00:00,-70.8,14.2,0.0,64.3055,919.0,1
471,26,2004-09-09 18:00:00,-71.9,14.7,0.0,59.7122,921.0,1
471,27,2004-09-10 00:00:00,-72.8,15.2,0.0,59.7122,923.0,1
471,28,2004-09-10 06:00:00,-73.8,15.7,0.0,57.4156,930.0,1
471,29,2004-09-10 12:00:00,-74.7,16.2,0.0,57.4156,934.0,1
471,30,2004-09-10 18:00:00,-75.8,16.8,0.0,55.119,940.0,1
471,31,2004-09-11 00:00:00,-76.5,17.3,0.0,62.0089,926.0,1
471,32,2004-09-11 06:00:00,-77.6,17.4,0.0,59.7122,923.0,1
471,33,2004-09-11 12:00:00,-78.4,17.7,0.0,57.4156,925.0,1
471,34,2004-09-11 18:00:00,-79.0,18.0,0.0,66.6021,920.0,1
471,35,2004-09-12 00:00:00,-79.6,18.2,0.0,66.6021,910.0,1
471,36,2004-09-12 06:00:00,-80.4,18.4,0.0,62.0089,915.0,1
471,37,2004-09-12 12:00:00,-81.2,18.8,0.0,62.0089,919.0,1
471,38,2004-09-12 18:00:00,-82.1,19.1,0.0,59.7122,920.0,1
471,39,2004-09-13 00:00:00,-82.8,19.5,0.0,64.3055,916.0,1
471,40,2004-09-13 06:00:00,-83.5,19.9,0.0,64.3055,920.0,1
471,41,2004-09-13 12:00:00,-84.1,20.4,0.0,64.3055,915.0,1
471,42,2004-09-13 18:00:00,-84.7,20.9,0.0,64.3055,912.0,1
471,43,2004-09-14 00:00:00,-85.1,21.6,0.0,64.3055,914.0,1
471,44,2004-09-14 06:00:00,-85.6,22.4,0.0,64.3055,924.0,1
471,45,2004-09-14 12:00:00,-86.0,23.0,0.0,57.4156,930.0,1
471,46,2004-09-14 18:00:00,-86.5,23.7,0.0,55.119,931.0,1
471,47,2004-09-15 00:00:00,-87.0,24.7,0.0,55.119,928.0,1
471,48,2004-09-15 06:00:00,-87.4,25.6,0.0,55.119,935.0,1
471,49,2004-09-15 12:00:00,-87.9,26.7,0.0,52.8224,939.0,1
471,50,2004-09-15 18:00:00,-88.2,27.9,0.0,52.8224,937.0,1
471,51,2004-09-16 00:00:00,-88.2,28.9,0.0,50.5258,931.0,1
471,52,2004-09-16 06:00:00,-87.9,30.0,0.0,48.2291,943.0,1
471,53,2004-09-16 06:50:00,-87.9,30.2,0.0,48.2291,946.0,1
471,54,2004-09-16 12:00:00,-87.7,31.4,0.0,32.1527,965.0,1
471,55,2004-09-16 18:00:00,-87.4,32.5,0.0,22.9662,975.0,1
471,56,2004-09-23 12:00:00,-92.2,28.9,0.0,22.9662,998.0,1
471,57,2004-09-23 18:00:00,-92.7,29.2,0.0,18.373,1003.0,1
472,1,2004-09-14 18:00:00,-63.5,16.7,0.0,22.9662,996.0,1
472,2,2004-09-15 00:00:00,-64.0,17.1,0.0,25.2629,996.0,1
472,3,2004-09-15 06:00:00,-64.8,17.2,0.0,25.2629,994.0,1
472,4,2004-09-15 12:00:00,-65.4,17.6,0.0,27.5595,991.0,1
472,5,2004-09-15 18:00:00,-66.2,18.1,0.0,27.5595,991.0,1
472,6,2004-09-16 00:00:00,-67.1,18.5,0.0,27.5595,993.0,1
472,7,2004-09-16 06:00:00,-67.8,18.6,0.0,27.5595,992.0,1
472,8,2004-09-16 12:00:00,-68.5,18.6,0.0,32.1527,984.0,1
472,9,2004-09-16 18:00:00,-69.0,18.8,0.0,29.8561,988.0,1
472,10,2004-09-17 00:00:00,-69.4,19.2,0.0,27.5595,990.0,1
472,11,2004-09-17 06:00:00,-69.9,19.4,0.0,25.2629,990.0,1
472,12,2004-09-17 12:00:00,-70.7,19.7,0.0,22.9662,990.0,1
472,13,2004-09-18 00:00:00,-72.0,20.2,0.0,18.373,1000.0,1
472,14,2004-09-18 06:00:00,-72.5,20.4,0.0,20.6696,1000.0,1
472,15,2004-09-18 12:00:00,-72.8,21.2,0.0,20.6696,1000.0,1
472,16,2004-09-18 18:00:00,-72.3,21.7,0.0,18.373,1005.0,1
472,17,2004-09-19 00:00:00,-72.2,22.2,0.0,18.373,1002.0,1
472,18,2004-09-19 06:00:00,-72.3,22.8,0.0,18.373,1002.0,1
472,19,2004-09-19 12:00:00,-72.5,23.5,0.0,18.373,1000.0,1
472,20,2004-09-19 18:00:00,-72.3,24.2,0.0,20.6696,996.0,1
472,21,2004-09-20 00:00:00,-72.1,24.8,0.0,22.9662,994.0,1
472,22,2004-09-20 06:00:00,-72.0,25.5,0.0,25.2629,992.0,1
472,23,2004-09-20 12:00:00,-71.7,26.6,0.0,27.5595,989.0,1
472,24,2004-09-20 18:00:00,-71.4,27.2,0.0,34.4494,984.0,1
472,25,2004-09-21 00:00:00,-70.8,27.4,0.0,34.4494,982.0,1
472,26,2004-09-21 06:00:00,-70.2,27.6,0.0,34.4494,972.0,1
472,27,2004-09-21 12:00:00,-69.5,27.6,0.0,34.4494,972.0,1
472,28,2004-09-21 18:00:00,-69.2,27.4,0.0,34.4494,972.0,1
472,29,2004-09-22 00:00:00,-68.9,27.2,0.0,36.746,972.0,1
472,30,2004-09-22 06:00:00,-68.7,26.8,0.0,39.0426,968.0,1
472,31,2004-09-22 12:00:00,-68.5,26.5,0.0,39.0426,968.0,1
472,32,2004-09-22 18:00:00,-68.8,26.2,0.0,39.0426,967.0,1
472,33,2004-09-23 00:00:00,-69.0,25.7,0.0,39.0426,966.0,1
472,34,2004-09-23 06:00:00,-69.3,25.5,0.0,39.0426,966.0,1
472,35,2004-09-23 12:00:00,-69.6,25.5,0.0,36.746,966.0,1
472,36,2004-09-23 18:00:00,-70.0,25.8,0.0,34.4494,966.0,1
472,37,2004-09-24 00:00:00,-70.4,26.0,0.0,32.1527,966.0,1
472,38,2004-09-24 06:00:00,-71.2,26.1,0.0,34.4494,969.0,1
472,39,2004-09-24 12:00:00,-72.2,26.2,0.0,36.746,969.0,1
472,40,2004-09-24 18:00:00,-73.1,26.4,0.0,39.0426,968.0,1
472,41,2004-09-25 00:00:00,-74.3,26.4,0.0,39.0426,964.0,1
472,42,2004-09-25 06:00:00,-75.6,26.5,0.0,41.3392,960.0,1
472,43,2004-09-25 12:00:00,-76.9,26.6,0.0,45.9325,957.0,1
472,44,2004-09-25 18:00:00,-78.2,26.9,0.0,48.2291,952.0,1
472,45,2004-09-26 00:00:00,-79.4,27.1,0.0,48.2291,951.0,1
472,46,2004-09-26 06:00:00,-80.6,27.3,0.0,43.6359,953.0,1
472,47,2004-09-26 12:00:00,-81.6,27.7,0.0,34.4494,965.0,1
472,48,2004-09-26 18:00:00,-82.3,28.3,0.0,25.2629,970.0,1
472,49,2004-09-27 00:00:00,-82.7,29.3,0.0,20.6696,978.0,1
472,50,2004-09-27 06:00:00,-83.3,30.1,0.0,18.373,981.0,1
473,1,2004-09-17 00:00:00,-33.3,11.2,0.0,18.373,1002.0,1
473,2,2004-09-17 06:00:00,-34.4,11.6,0.0,22.9662,997.0,1
473,3,2004-09-17 12:00:00,-35.3,12.1,0.0,25.2629,994.0,1
473,4,2004-09-17 18:00:00,-36.0,13.0,0.0,25.2629,992.0,1
473,5,2004-09-18 00:00:00,-37.0,13.9,0.0,32.1527,984.0,1
473,6,2004-09-18 06:00:00,-38.0,14.5,0.0,39.0426,975.0,1
473,7,2004-09-18 12:00:00,-38.8,15.0,0.0,41.3392,970.0,1
473,8,2004-09-18 18:00:00,-39.7,15.6,0.0,43.6359,965.0,1
473,9,2004-09-19 00:00:00,-40.8,15.9,0.0,43.6359,965.0,1
473,10,2004-09-19 06:00:00,-41.6,16.0,0.0,45.9325,960.0,1
473,11,2004-09-19 12:00:00,-42.4,16.3,0.0,48.2291,955.0,1
473,12,2004-09-19 18:00:00,-43.4,16.7,0.0,50.5258,951.0,1
473,13,2004-09-20 00:00:00,-44.5,16.8,0.0,50.5258,951.0,1
473,14,2004-09-20 06:00:00,-45.2,17.0,0.0,52.8224,948.0,1
473,15,2004-09-20 12:00:00,-46.0,17.5,0.0,50.5258,951.0,1
473,16,2004-09-20 18:00:00,-46.5,18.1,0.0,50.5258,951.0,1
473,17,2004-09-21 00:00:00,-47.0,18.7,0.0,55.119,943.0,1
473,18,2004-09-21 06:00:00,-47.3,19.6,0.0,57.4156,938.0,1
473,19,2004-09-21 12:00:00,-47.8,20.8,0.0,55.119,943.0,1
473,20,2004-09-21 18:00:00,-48.3,22.3,0.0,48.2291,948.0,1
473,21,2004-09-22 00:00:00,-48.8,23.7,0.0,45.9325,955.0,1
473,22,2004-09-22 06:00:00,-49.4,24.9,0.0,43.6359,962.0,1
473,23,2004-09-22 12:00:00,-49.5,26.2,0.0,41.3392,967.0,1
473,24,2004-09-22 18:00:00,-48.7,27.5,0.0,41.3392,970.0,1
473,25,2004-09-23 00:00:00,-47.7,29.0,0.0,43.6359,965.0,1
473,26,2004-09-23 06:00:00,-46.3,30.7,0.0,50.5258,951.0,1
473,27,2004-09-23 12:00:00,-44.4,32.5,0.0,48.2291,953.0,1
473,28,2004-09-23 18:00:00,-43.0,34.5,0.0,41.3392,955.0,1
473,29,2004-09-24 00:00:00,-41.9,36.8,0.0,36.746,957.0,1
473,30,2004-09-24 06:00:00,-41.2,39.5,0.0,34.4494,959.0,1
473,31,2004-09-24 12:00:00,-40.5,42.6,0.0,32.1527,961.0,1
473,32,2004-09-24 18:00:00,-40.5,45.5,0.0,29.8561,962.0,1
473,33,2004-09-25 00:00:00,-40.5,48.1,0.0,25.2629,963.0,1
473,34,2004-09-25 06:00:00,-38.9,50.4,0.0,25.2629,967.0,1
473,35,2004-09-25 12:00:00,-36.5,53.0,0.0,25.2629,973.0,1
473,36,2004-09-25 18:00:00,-32.0,56.1,0.0,25.2629,980.0,1
473,37,2004-09-26 00:00:00,-26.0,59.5,0.0,25.2629,986.0,1
473,38,2004-09-26 06:00:00,-17.0,62.0,0.0,25.2629,983.0,1
473,39,2004-09-26 12:00:00,-8.0,63.5,0.0,27.5595,976.0,1
473,40,2004-09-26 18:00:00,-2.0,64.0,0.0,27.5595,976.0,1
473,41,2004-09-27 00:00:00,2.5,64.0,0.0,25.2629,980.0,1
473,42,2004-09-27 06:00:00,7.0,64.5,0.0,20.6696,980.0,1
473,43,2004-09-27 12:00:00,10.5,65.0,0.0,18.373,986.0,1
474,1,2004-09-20 12:00:00,-35.4,13.5,0.0,18.373,1002.0,1
474,2,2004-09-20 18:00:00,-36.4,13.7,0.0,22.9662,997.0,1
474,3,2004-09-21 00:00:00,-37.4,13.7,0.0,25.2629,994.0,1
474,4,2004-09-21 06:00:00,-38.3,13.9,0.0,27.5595,990.0,1
474,5,2004-09-21 12:00:00,-39.1,14.1,0.0,27.5595,990.0,1
474,6,2004-09-21 18:00:00,-39.7,14.3,0.0,27.5595,990.0,1
474,7,2004-09-22 00:00:00,-40.2,14.4,0.0,25.2629,994.0,1
474,8,2004-09-22 06:00:00,-40.6,14.4,0.0,22.9662,997.0,1
474,9,2004-09-22 12:00:00,-41.1,14.2,0.0,20.6696,1000.0,1
474,10,2004-09-22 18:00:00,-41.5,13.9,0.0,20.6696,1000.0,1
474,11,2004-09-23 00:00:00,-41.4,13.2,0.0,20.6696,1000.0,1
474,12,2004-09-23 06:00:00,-40.6,13.0,0.0,18.373,1002.0,1
474,13,2004-09-24 06:00:00,-42.4,13.8,0.0,18.373,1002.0,1
474,14,2004-09-25 12:00:00,-45.4,15.7,0.0,20.6696,1000.0,1
474,15,2004-09-25 18:00:00,-45.7,16.7,0.0,20.6696,1000.0,1
474,16,2004-09-26 00:00:00,-45.8,17.4,0.0,20.6696,1000.0,1
474,17,2004-09-26 06:00:00,-45.9,18.0,0.0,22.9662,997.0,1
474,18,2004-09-26 12:00:00,-46.0,18.7,0.0,25.2629,994.0,1
474,19,2004-09-26 18:00:00,-46.0,19.2,0.0,22.9662,997.0,1
474,20,2004-09-27 00:00:00,-46.0,19.6,0.0,20.6696,1000.0,1
474,21,2004-09-27 06:00:00,-46.1,20.0,0.0,20.6696,1000.0,1
474,22,2004-09-27 12:00:00,-46.2,20.6,0.0,20.6696,1000.0,1
474,23,2004-09-27 18:00:00,-46.2,21.3,0.0,18.373,1002.0,1
474,24,2004-09-28 00:00:00,-46.4,22.0,0.0,18.373,1002.0,1
474,25,2004-09-28 06:00:00,-46.5,23.0,0.0,18.373,1002.0,1
474,26,2004-09-28 12:00:00,-46.5,24.3,0.0,20.6696,1000.0,1
474,27,2004-09-28 18:00:00,-46.5,25.4,0.0,25.2629,994.0,1
474,28,2004-09-29 00:00:00,-46.4,26.4,0.0,27.5595,990.0,1
474,29,2004-09-29 06:00:00,-46.2,27.5,0.0,27.5595,990.0,1
474,30,2004-09-29 12:00:00,-45.8,28.9,0.0,27.5595,990.0,1
474,31,2004-09-29 18:00:00,-45.8,30.1,0.0,27.5595,990.0,1
474,32,2004-09-30 00:00:00,-46.1,31.1,0.0,27.5595,990.0,1
474,33,2004-09-30 06:00:00,-46.7,32.0,0.0,25.2629,994.0,1
474,34,2004-09-30 12:00:00,-47.3,32.4,0.0,22.9662,997.0,1
474,35,2004-09-30 18:00:00,-47.8,33.1,0.0,20.6696,1000.0,1
474,36,2004-10-01 00:00:00,-47.8,34.1,0.0,22.9662,997.0,1
474,37,2004-10-01 06:00:00,-47.6,35.1,0.0,25.2629,994.0,1
474,38,2004-10-01 12:00:00,-47.0,36.3,0.0,27.5595,990.0,1
474,39,2004-10-01 18:00:00,-45.8,37.7,0.0,27.5595,990.0,1
474,40,2004-10-02 00:00:00,-43.8,38.9,0.0,27.5595,990.0,1
474,41,2004-10-02 06:00:00,-41.6,40.3,0.0,29.8561,987.0,1
474,42,2004-10-02 12:00:00,-39.1,41.6,0.0,29.8561,987.0,1
474,43,2004-10-02 18:00:00,-36.0,42.8,0.0,25.2629,994.0,1
474,44,2004-10-03 00:00:00,-33.0,43.8,0.0,22.9662,997.0,1
474,45,2004-10-03 06:00:00,-30.0,44.5,0.0,20.6696,1000.0,1
475,1,2004-10-09 00:00:00,-93.7,24.6,0.0,18.373,1000.0,1
475,2,2004-10-09 18:00:00,-92.0,26.8,0.0,18.373,997.0,1
475,3,2004-10-10 00:00:00,-91.4,27.3,0.0,18.373,998.0,1
475,4,2004-10-10 06:00:00,-91.2,28.1,0.0,18.373,999.0,1
476,1,2004-10-10 00:00:00,-65.2,30.0,0.0,18.373,1000.0,1
476,2,2004-10-10 06:00:00,-66.3,31.0,0.0,18.373,1000.0,1
476,3,2004-10-10 12:00:00,-66.5,31.5,0.0,18.373,1000.0,1
476,4,2004-10-10 18:00:00,-66.5,32.1,0.0,18.373,998.0,1
476,5,2004-10-11 00:00:00,-65.5,32.9,0.0,18.373,994.0,1
476,6,2004-10-11 06:00:00,-63.9,34.3,0.0,18.373,992.0,1
476,7,2004-10-11 12:00:00,-61.8,36.0,0.0,20.6696,986.0,1
476,8,2004-10-11 18:00:00,-60.5,38.5,0.0,20.6696,986.0,1
477,1,2004-11-29 06:00:00,-47.8,29.0,0.0,18.373,998.0,1
477,2,2004-11-29 12:00:00,-47.9,29.6,0.0,18.373,998.0,1
477,3,2004-11-29 18:00:00,-48.8,30.2,0.0,20.6696,998.0,1
477,4,2004-11-30 00:00:00,-49.7,30.7,0.0,20.6696,997.0,1
477,5,2004-11-30 06:00:00,-50.5,30.9,0.0,20.6696,997.0,1
477,6,2004-11-30 12:00:00,-51.0,31.3,0.0,18.373,997.0,1
477,7,2004-11-30 18:00:00,-51.0,31.7,0.0,18.373,997.0,1
477,8,2004-12-01 00:00:00,-50.9,31.8,0.0,18.373,997.0,1
477,9,2004-12-01 06:00:00,-50.8,31.9,0.0,18.373,997.0,1
477,10,2004-12-01 12:00:00,-50.4,31.6,0.0,18.373,997.0,1
478,1,2005-06-10 00:00:00,-84.2,20.4,0.0,18.373,1001.0,1
478,2,2005-06-10 06:00:00,-84.4,21.2,0.0,20.6696,1000.0,1
478,3,2005-06-10 12:00:00,-84.7,23.0,0.0,22.9662,1000.0,1
478,4,2005-06-10 18:00:00,-85.1,24.9,0.0,25.2629,995.0,1
478,5,2005-06-11 00:00:00,-85.6,26.5,0.0,27.5595,990.0,1
478,6,2005-06-11 06:00:00,-86.8,27.7,0.0,27.5595,993.0,1
478,7,2005-06-11 12:00:00,-87.2,28.9,0.0,25.2629,990.0,1
478,8,2005-06-11 18:00:00,-87.5,30.1,0.0,22.9662,991.0,1
479,1,2005-07-05 12:00:00,-90.4,26.4,0.0,20.6696,1002.0,1
479,2,2005-07-05 18:00:00,-90.5,27.6,0.0,27.5595,997.0,1
479,3,2005-07-06 00:00:00,-90.3,28.5,0.0,29.8561,992.0,1
479,4,2005-07-06 06:00:00,-90.0,29.6,0.0,22.9662,994.0,1
479,5,2005-07-06 12:00:00,-88.9,30.8,0.0,18.373,998.0,1
480,1,2005-07-05 18:00:00,-67.3,13.6,0.0,18.373,1005.0,1
480,2,2005-07-06 00:00:00,-68.5,14.3,0.0,20.6696,1000.0,1
480,3,2005-07-06 06:00:00,-69.7,14.7,0.0,22.9662,995.0,1
480,4,2005-07-06 12:00:00,-70.9,15.1,0.0,25.2629,991.0,1
480,5,2005-07-06 18:00:00,-71.9,15.6,0.0,27.5595,989.0,1
480,6,2005-07-07 00:00:00,-73.0,16.2,0.0,32.1527,982.0,1
480,7,2005-07-07 06:00:00,-74.1,16.7,0.0,36.746,972.0,1
480,8,2005-07-07 12:00:00,-74.9,17.6,0.0,41.3392,967.0,1
480,9,2005-07-07 18:00:00,-76.1,18.5,0.0,45.9325,957.0,1
480,10,2005-07-08 00:00:00,-77.1,19.4,0.0,55.119,951.0,1
480,11,2005-07-08 06:00:00,-78.4,20.3,0.0,50.5258,953.0,1
480,12,2005-07-08 12:00:00,-79.5,20.9,0.0,59.7122,938.0,1
480,13,2005-07-08 18:00:00,-80.6,22.0,0.0,55.119,941.0,1
480,14,2005-07-08 18:45:00,-80.7,22.1,0.0,55.119,941.0,1
480,15,2005-07-09 00:00:00,-81.6,22.7,0.0,45.9325,960.0,1
480,16,2005-07-09 06:00:00,-82.5,23.4,0.0,34.4494,973.0,1
480,17,2005-07-09 12:00:00,-83.4,24.3,0.0,36.746,967.0,1
480,18,2005-07-09 18:00:00,-84.2,25.2,0.0,41.3392,962.0,1
480,19,2005-07-10 00:00:00,-85.0,26.1,0.0,50.5258,942.0,1
480,20,2005-07-10 06:00:00,-85.8,27.2,0.0,57.4156,935.0,1
480,21,2005-07-10 12:00:00,-86.3,28.5,0.0,55.119,930.0,1
480,22,2005-07-10 18:00:00,-86.9,29.9,0.0,50.5258,942.0,1
480,23,2005-07-11 00:00:00,-87.7,31.5,0.0,20.6696,970.0,1
481,1,2005-07-12 06:00:00,-48.5,11.0,0.0,18.373,1005.0,1
481,2,2005-07-12 12:00:00,-50.2,11.0,0.0,20.6696,1004.0,1
481,3,2005-07-12 18:00:00,-52.0,11.0,0.0,20.6696,1004.0,1
481,4,2005-07-13 00:00:00,-53.7,11.0,0.0,20.6696,1003.0,1
481,5,2005-07-13 06:00:00,-55.4,11.1,0.0,20.6696,1003.0,1
481,6,2005-07-13 12:00:00,-57.2,11.2,0.0,22.9662,1003.0,1
481,7,2005-07-13 18:00:00,-58.9,11.4,0.0,25.2629,1003.0,1
481,8,2005-07-14 00:00:00,-60.2,11.6,0.0,32.1527,999.0,1
481,9,2005-07-14 06:00:00,-61.5,11.9,0.0,34.4494,991.0,1
481,10,2005-07-14 12:00:00,-63.2,12.4,0.0,39.0426,980.0,1
481,11,2005-07-14 18:00:00,-64.9,12.9,0.0,45.9325,971.0,1
481,12,2005-07-15 00:00:00,-66.7,13.3,0.0,50.5258,959.0,1
481,13,2005-07-15 06:00:00,-68.4,13.7,0.0,52.8224,952.0,1
481,14,2005-07-15 12:00:00,-70.1,14.1,0.0,52.8224,964.0,1
481,15,2005-07-15 18:00:00,-71.8,14.5,0.0,43.6359,969.0,1
481,16,2005-07-16 00:00:00,-73.4,14.9,0.0,50.5258,958.0,1
481,17,2005-07-16 06:00:00,-75.0,15.4,0.0,55.119,953.0,1
481,18,2005-07-16 12:00:00,-76.5,15.9,0.0,59.7122,944.0,1
481,19,2005-07-16 18:00:00,-78.0,16.4,0.0,62.0089,937.0,1
481,20,2005-07-17 00:00:00,-79.5,17.1,0.0,64.3055,929.0,1
481,21,2005-07-17 06:00:00,-81.2,17.7,0.0,62.0089,940.0,1
481,22,2005-07-17 12:00:00,-82.8,18.3,0.0,59.7122,946.0,1
481,23,2005-07-17 18:00:00,-84.3,18.9,0.0,57.4156,948.0,1
481,24,2005-07-18 00:00:00,-85.8,19.5,0.0,55.119,951.0,1
481,25,2005-07-18 06:00:00,-87.3,20.3,0.0,52.8224,955.0,1
481,26,2005-07-18 06:30:00,-87.4,20.3,0.0,52.8224,955.0,1
481,27,2005-07-18 12:00:00,-88.9,21.3,0.0,29.8561,975.0,1
481,28,2005-07-18 18:00:00,-90.3,22.0,0.0,29.8561,984.0,1
481,29,2005-07-19 00:00:00,-91.5,22.6,0.0,34.4494,981.0,1
481,30,2005-07-19 06:00:00,-92.8,23.2,0.0,36.746,980.0,1
481,31,2005-07-19 12:00:00,-94.0,23.7,0.0,36.746,977.0,1
481,32,2005-07-19 18:00:00,-95.1,24.1,0.0,39.0426,959.0,1
481,33,2005-07-20 00:00:00,-96.1,24.4,0.0,50.5258,948.0,1
481,34,2005-07-20 06:00:00,-96.9,24.6,0.0,50.5258,944.0,1
481,35,2005-07-20 12:00:00,-97.6,24.8,0.0,50.5258,944.0,1
481,36,2005-07-20 18:00:00,-98.7,25.0,0.0,32.1527,975.0,1
481,37,2005-07-21 00:00:00,-99.7,25.0,0.0,20.6696,995.0,1
482,1,2005-07-22 00:00:00,-75.9,25.7,0.0,18.373,1009.0,1
482,2,2005-07-22 06:00:00,-76.4,26.2,0.0,18.373,1008.0,1
482,3,2005-07-22 12:00:00,-76.8,26.6,0.0,20.6696,1007.0,1
482,4,2005-07-22 18:00:00,-76.7,27.4,0.0,20.6696,1006.0,1
482,5,2005-07-23 00:00:00,-76.6,28.1,0.0,20.6696,1003.0,1
482,6,2005-07-23 06:00:00,-76.1,28.7,0.0,22.9662,1001.0,1
482,7,2005-07-23 12:00:00,-75.4,29.2,0.0,27.5595,1001.0,1
482,8,2005-07-23 18:00:00,-74.7,29.7,0.0,27.5595,1001.0,1
482,9,2005-07-24 00:00:00,-73.5,30.1,0.0,25.2629,1001.0,1
482,10,2005-07-24 06:00:00,-72.6,30.3,0.0,25.2629,1001.0,1
482,11,2005-07-24 12:00:00,-71.9,30.7,0.0,20.6696,1001.0,1
482,12,2005-07-24 18:00:00,-71.2,31.1,0.0,20.6696,1000.0,1
482,13,2005-07-25 00:00:00,-71.2,31.1,0.0,18.373,1000.0,1
482,14,2005-07-25 06:00:00,-70.5,31.0,0.0,18.373,1000.0,1
482,15,2005-07-25 12:00:00,-69.8,30.9,0.0,18.373,999.0,1
482,16,2005-07-25 18:00:00,-69.6,30.9,0.0,18.373,999.0,1
482,17,2005-07-27 00:00:00,-68.5,32.4,0.0,18.373,1000.0,1
482,18,2005-07-27 06:00:00,-68.8,32.8,0.0,18.373,1000.0,1
482,19,2005-07-27 12:00:00,-69.1,33.2,0.0,20.6696,999.0,1
482,20,2005-07-27 18:00:00,-69.3,33.6,0.0,20.6696,999.0,1
482,21,2005-07-28 00:00:00,-69.4,34.2,0.0,22.9662,997.0,1
482,22,2005-07-28 06:00:00,-69.3,35.0,0.0,22.9662,997.0,1
482,23,2005-07-28 12:00:00,-69.1,36.0,0.0,20.6696,999.0,1
482,24,2005-07-28 18:00:00,-68.0,37.1,0.0,22.9662,997.0,1
482,25,2005-07-29 00:00:00,-66.6,38.4,0.0,22.9662,997.0,1
482,26,2005-07-29 06:00:00,-64.8,39.6,0.0,22.9662,997.0,1
482,27,2005-07-29 12:00:00,-62.8,40.8,0.0,22.9662,997.0,1
482,28,2005-07-29 18:00:00,-60.2,42.2,0.0,22.9662,999.0,1
482,29,2005-07-30 00:00:00,-57.5,43.5,0.0,22.9662,1001.0,1
482,30,2005-07-30 06:00:00,-54.6,44.7,0.0,20.6696,1003.0,1
482,31,2005-07-30 12:00:00,-51.7,45.8,0.0,18.373,1005.0,1
482,32,2005-07-30 18:00:00,-48.8,46.4,0.0,18.373,1006.0,1
482,33,2005-07-31 00:00:00,-46.0,47.5,0.0,18.373,1006.0,1
483,1,2005-07-25 00:00:00,-97.6,21.8,0.0,18.373,1005.0,1
484,1,2005-08-03 06:00:00,-68.6,29.5,0.0,18.373,1003.0,1
484,2,2005-08-03 12:00:00,-68.3,30.3,0.0,20.6696,1001.0,1
484,3,2005-08-03 18:00:00,-67.7,30.9,0.0,22.9662,999.0,1
484,4,2005-08-04 00:00:00,-66.4,31.3,0.0,22.9662,997.0,1
484,5,2005-08-04 06:00:00,-65.0,31.6,0.0,22.9662,995.0,1
484,6,2005-08-04 12:00:00,-63.6,31.9,0.0,22.9662,995.0,1
484,7,2005-08-04 18:00:00,-62.1,32.0,0.0,25.2629,994.0,1
484,8,2005-08-05 00:00:00,-60.5,32.1,0.0,25.2629,994.0,1
484,9,2005-08-05 06:00:00,-59.4,32.4,0.0,25.2629,994.0,1
484,10,2005-08-05 12:00:00,-58.5,32.5,0.0,22.9662,995.0,1
484,11,2005-08-05 18:00:00,-57.7,32.5,0.0,20.6696,997.0,1
484,12,2005-08-06 00:00:00,-57.1,32.6,0.0,20.6696,997.0,1
484,13,2005-08-06 06:00:00,-56.8,33.0,0.0,22.9662,995.0,1
484,14,2005-08-06 12:00:00,-56.7,33.5,0.0,22.9662,995.0,1
484,15,2005-08-06 18:00:00,-56.7,33.5,0.0,22.9662,995.0,1
484,16,2005-08-07 00:00:00,-55.5,34.1,0.0,22.9662,995.0,1
484,17,2005-08-07 06:00:00,-54.9,35.1,0.0,22.9662,995.0,1
484,18,2005-08-07 12:00:00,-54.0,36.0,0.0,20.6696,998.0,1
484,19,2005-08-07 18:00:00,-52.9,36.8,0.0,20.6696,998.0,1
484,20,2005-08-08 00:00:00,-51.9,37.6,0.0,20.6696,998.0,1
484,21,2005-08-08 06:00:00,-50.7,38.6,0.0,20.6696,998.0,1
484,22,2005-08-08 12:00:00,-48.6,39.6,0.0,20.6696,998.0,1
484,23,2005-08-08 18:00:00,-46.9,40.4,0.0,20.6696,998.0,1
484,24,2005-08-09 00:00:00,-45.0,41.2,0.0,20.6696,997.0,1
484,25,2005-08-09 06:00:00,-43.0,41.8,0.0,22.9662,995.0,1
484,26,2005-08-09 12:00:00,-41.1,42.3,0.0,22.9662,995.0,1
484,27,2005-08-09 18:00:00,-39.0,43.0,0.0,22.9662,994.0,1
484,28,2005-08-10 00:00:00,-37.1,44.0,0.0,22.9662,994.0,1
484,29,2005-08-10 06:00:00,-35.2,44.5,0.0,22.9662,994.0,1
484,30,2005-08-10 12:00:00,-34.1,44.5,0.0,22.9662,994.0,1
484,31,2005-08-10 18:00:00,-33.1,44.4,0.0,22.9662,994.0,1
484,32,2005-08-11 00:00:00,-32.2,44.2,0.0,20.6696,997.0,1
484,33,2005-08-11 06:00:00,-31.5,43.9,0.0,18.373,1000.0,1
485,1,2005-08-11 06:00:00,-60.4,23.9,0.0,18.373,1003.0,1
485,2,2005-08-11 12:00:00,-61.7,24.7,0.0,20.6696,1001.0,1
485,3,2005-08-11 18:00:00,-62.9,25.4,0.0,20.6696,1001.0,1
485,4,2005-08-12 00:00:00,-63.8,26.3,0.0,20.6696,1001.0,1
485,5,2005-08-12 06:00:00,-65.1,27.2,0.0,25.2629,998.0,1
485,6,2005-08-12 12:00:00,-66.3,27.9,0.0,25.2629,996.0,1
485,7,2005-08-12 18:00:00,-67.1,28.4,0.0,25.2629,995.0,1
485,8,2005-08-13 00:00:00,-67.7,28.9,0.0,27.5595,993.0,1
485,9,2005-08-13 06:00:00,-68.2,29.6,0.0,27.5595,996.0,1
485,10,2005-08-13 12:00:00,-69.0,30.0,0.0,27.5595,997.0,1
485,11,2005-08-13 18:00:00,-69.4,30.8,0.0,27.5595,1000.0,1
485,12,2005-08-14 00:00:00,-69.9,31.6,0.0,27.5595,997.0,1
485,13,2005-08-14 06:00:00,-70.2,32.1,0.0,25.2629,999.0,1
485,14,2005-08-14 12:00:00,-70.1,33.1,0.0,25.2629,999.0,1
485,15,2005-08-14 18:00:00,-70.0,34.0,0.0,27.5595,994.0,1
485,16,2005-08-15 00:00:00,-69.5,34.9,0.0,32.1527,989.0,1
485,17,2005-08-15 06:00:00,-68.7,35.7,0.0,34.4494,985.0,1
485,18,2005-08-15 12:00:00,-67.7,36.3,0.0,34.4494,985.0,1
485,19,2005-08-15 18:00:00,-66.5,36.5,0.0,36.746,980.0,1
485,20,2005-08-16 00:00:00,-65.1,36.6,0.0,36.746,980.0,1
485,21,2005-08-16 06:00:00,-64.0,36.6,0.0,36.746,978.0,1
485,22,2005-08-16 12:00:00,-63.0,36.6,0.0,39.0426,975.0,1
485,23,2005-08-16 18:00:00,-62.0,36.5,0.0,41.3392,970.0,1
485,24,2005-08-17 00:00:00,-61.3,36.5,0.0,36.746,978.0,1
485,25,2005-08-17 06:00:00,-60.6,36.5,0.0,34.4494,983.0,1
485,26,2005-08-17 12:00:00,-59.1,36.9,0.0,29.8561,987.0,1
485,27,2005-08-17 18:00:00,-57.3,37.6,0.0,29.8561,987.0,1
485,28,2005-08-18 00:00:00,-55.0,38.6,0.0,27.5595,990.0,1
485,29,2005-08-18 06:00:00,-52.3,40.3,0.0,27.5595,990.0,1
485,30,2005-08-18 12:00:00,-48.9,43.3,0.0,22.9662,992.0,1
486,1,2005-08-23 00:00:00,-95.7,19.7,0.0,20.6696,1001.0,1
487,1,2005-08-24 18:00:00,-76.9,25.4,0.0,18.373,1003.0,1
487,2,2005-08-25 00:00:00,-77.7,26.0,0.0,20.6696,1000.0,1
487,3,2005-08-25 06:00:00,-78.4,26.1,0.0,22.9662,997.0,1
487,4,2005-08-25 12:00:00,-79.0,26.2,0.0,25.2629,994.0,1
487,5,2005-08-25 18:00:00,-79.6,26.2,0.0,27.5595,988.0,1
487,6,2005-08-26 00:00:00,-80.3,25.9,0.0,32.1527,983.0,1
487,7,2005-08-26 06:00:00,-81.3,25.4,0.0,29.8561,987.0,1
487,8,2005-08-26 12:00:00,-82.0,25.1,0.0,34.4494,979.0,1
487,9,2005-08-26 18:00:00,-82.6,24.9,0.0,39.0426,968.0,1
487,10,2005-08-27 00:00:00,-83.3,24.6,0.0,41.3392,959.0,1
487,11,2005-08-27 06:00:00,-84.0,24.4,0.0,43.6359,950.0,1
487,12,2005-08-27 12:00:00,-84.7,24.4,0.0,45.9325,942.0,1
487,13,2005-08-27 18:00:00,-85.3,24.5,0.0,45.9325,948.0,1
487,14,2005-08-28 00:00:00,-85.9,24.8,0.0,45.9325,941.0,1
487,15,2005-08-28 06:00:00,-86.7,25.2,0.0,57.4156,930.0,1
487,16,2005-08-28 12:00:00,-87.7,25.7,0.0,66.6021,909.0,1
487,17,2005-08-28 18:00:00,-88.6,26.3,0.0,68.8987,902.0,1
487,18,2005-08-29 00:00:00,-89.2,27.2,0.0,64.3055,905.0,1
487,19,2005-08-29 06:00:00,-89.6,28.2,0.0,57.4156,913.0,1
487,20,2005-08-29 12:00:00,-89.6,29.5,0.0,50.5258,923.0,1
487,21,2005-08-29 18:00:00,-89.6,31.1,0.0,36.746,948.0,1
487,22,2005-08-30 00:00:00,-89.1,32.6,0.0,22.9662,961.0,1
487,23,2005-08-30 06:00:00,-88.6,34.1,0.0,18.373,978.0,1
488,1,2005-09-02 18:00:00,-50.2,21.5,0.0,18.373,1003.0,1
488,2,2005-09-03 00:00:00,-51.0,22.0,0.0,20.6696,1001.0,1
488,3,2005-09-03 06:00:00,-52.0,23.0,0.0,20.6696,1000.0,1
488,4,2005-09-03 12:00:00,-53.1,24.4,0.0,22.9662,997.0,1
488,5,2005-09-03 18:00:00,-54.0,25.5,0.0,25.2629,994.0,1
488,6,2005-09-04 00:00:00,-54.6,26.5,0.0,27.5595,990.0,1
488,7,2005-09-04 06:00:00,-55.1,27.5,0.0,29.8561,987.0,1
488,8,2005-09-04 12:00:00,-55.5,28.6,0.0,29.8561,987.0,1
488,9,2005-09-04 18:00:00,-56.0,29.6,0.0,34.4494,980.0,1
488,10,2005-09-05 00:00:00,-56.5,30.2,0.0,34.4494,980.0,1
488,11,2005-09-05 06:00:00,-56.8,30.9,0.0,36.746,977.0,1
488,12,2005-09-05 12:00:00,-56.8,31.5,0.0,39.0426,975.0,1
488,13,2005-09-05 18:00:00,-56.7,32.1,0.0,41.3392,970.0,1
488,14,2005-09-06 00:00:00,-56.6,32.6,0.0,45.9325,962.0,1
488,15,2005-09-06 06:00:00,-56.5,33.0,0.0,41.3392,970.0,1
488,16,2005-09-06 12:00:00,-56.0,33.5,0.0,36.746,975.0,1
488,17,2005-09-06 18:00:00,-55.4,33.9,0.0,34.4494,980.0,1
488,18,2005-09-07 00:00:00,-54.6,34.4,0.0,29.8561,987.0,1
488,19,2005-09-07 06:00:00,-53.3,34.8,0.0,32.1527,983.0,1
488,20,2005-09-07 12:00:00,-51.8,35.6,0.0,34.4494,980.0,1
488,21,2005-09-07 18:00:00,-50.8,36.5,0.0,34.4494,980.0,1
488,22,2005-09-08 00:00:00,-49.9,37.2,0.0,32.1527,982.0,1
488,23,2005-09-08 06:00:00,-49.0,37.9,0.0,29.8561,985.0,1
488,24,2005-09-08 12:00:00,-48.0,38.7,0.0,29.8561,985.0,1
488,25,2005-09-08 18:00:00,-47.2,39.1,0.0,29.8561,985.0,1
488,26,2005-09-09 00:00:00,-46.4,39.4,0.0,27.5595,987.0,1
488,27,2005-09-09 06:00:00,-44.9,39.8,0.0,25.2629,987.0,1
488,28,2005-09-09 12:00:00,-43.4,40.4,0.0,25.2629,988.0,1
488,29,2005-09-09 18:00:00,-42.1,41.1,0.0,22.9662,988.0,1
488,30,2005-09-10 00:00:00,-40.6,41.9,0.0,22.9662,988.0,1
488,31,2005-09-10 06:00:00,-39.2,42.9,0.0,22.9662,988.0,1
488,32,2005-09-10 12:00:00,-37.7,44.5,0.0,22.9662,980.0,1
488,33,2005-09-10 18:00:00,-36.3,46.0,0.0,25.2629,975.0,1
488,34,2005-09-11 00:00:00,-35.0,48.0,0.0,27.5595,975.0,1
488,35,2005-09-11 06:00:00,-34.0,50.0,0.0,27.5595,974.0,1
488,36,2005-09-11 12:00:00,-32.9,52.0,0.0,29.8561,971.0,1
488,37,2005-09-11 18:00:00,-32.0,54.0,0.0,29.8561,968.0,1
488,38,2005-09-12 00:00:00,-31.0,55.5,0.0,29.8561,962.0,1
488,39,2005-09-12 06:00:00,-29.0,57.0,0.0,29.8561,967.0,1
488,40,2005-09-12 12:00:00,-26.0,58.5,0.0,29.8561,970.0,1
488,41,2005-09-12 18:00:00,-23.0,61.0,0.0,27.5595,972.0,1
488,42,2005-09-13 00:00:00,-21.0,62.0,0.0,25.2629,974.0,1
488,43,2005-09-13 06:00:00,-19.0,62.9,0.0,22.9662,976.0,1
488,44,2005-09-13 12:00:00,-16.0,63.5,0.0,20.6696,980.0,1
488,45,2005-09-13 18:00:00,-10.0,63.0,0.0,20.6696,983.0,1
488,46,2005-09-14 00:00:00,0.0,63.0,0.0,20.6696,984.0,1
489,1,2005-09-07 12:00:00,-79.2,28.7,0.0,18.373,1000.0,1
489,2,2005-09-07 18:00:00,-79.3,28.8,0.0,20.6696,997.0,1
489,3,2005-09-08 00:00:00,-79.3,28.8,0.0,20.6696,994.0,1
489,4,2005-09-08 06:00:00,-79.6,28.7,0.0,22.9662,994.0,1
489,5,2005-09-08 12:00:00,-79.6,28.6,0.0,25.2629,988.0,1
489,6,2005-09-08 18:00:00,-79.5,28.6,0.0,27.5595,988.0,1
489,7,2005-09-09 00:00:00,-79.3,28.6,0.0,29.8561,990.0,1
489,8,2005-09-09 06:00:00,-79.3,28.9,0.0,25.2629,990.0,1
489,9,2005-09-09 12:00:00,-79.1,29.3,0.0,25.2629,983.0,1
489,10,2005-09-09 18:00:00,-78.5,29.8,0.0,29.8561,983.0,1
489,11,2005-09-10 00:00:00,-77.5,30.2,0.0,27.5595,983.0,1
489,12,2005-09-10 06:00:00,-76.9,30.9,0.0,27.5595,984.0,1
489,13,2005-09-10 12:00:00,-76.6,31.5,0.0,29.8561,976.0,1
489,14,2005-09-10 18:00:00,-76.2,31.7,0.0,32.1527,977.0,1
489,15,2005-09-11 00:00:00,-75.9,31.8,0.0,32.1527,977.0,1
489,16,2005-09-11 06:00:00,-75.9,31.7,0.0,34.4494,978.0,1
489,17,2005-09-11 12:00:00,-75.7,31.6,0.0,32.1527,978.0,1
489,18,2005-09-11 18:00:00,-75.9,31.4,0.0,29.8561,978.0,1
489,19,2005-09-12 00:00:00,-76.2,31.2,0.0,27.5595,980.0,1
489,20,2005-09-12 06:00:00,-76.6,31.2,0.0,27.5595,985.0,1
489,21,2005-09-12 12:00:00,-76.9,31.5,0.0,25.2629,988.0,1
489,22,2005-09-12 18:00:00,-77.3,31.7,0.0,27.5595,989.0,1
489,23,2005-09-13 00:00:00,-77.7,31.8,0.0,27.5595,989.0,1
489,24,2005-09-13 06:00:00,-77.9,31.9,0.0,27.5595,990.0,1
489,25,2005-09-13 12:00:00,-78.0,32.1,0.0,27.5595,989.0,1
489,26,2005-09-13 18:00:00,-78.1,32.3,0.0,27.5595,988.0,1
489,27,2005-09-14 00:00:00,-78.1,32.6,0.0,29.8561,985.0,1
489,28,2005-09-14 06:00:00,-78.0,32.9,0.0,32.1527,980.0,1
489,29,2005-09-14 12:00:00,-77.7,33.4,0.0,34.4494,980.0,1
489,30,2005-09-14 18:00:00,-77.5,33.9,0.0,34.4494,979.0,1
489,31,2005-09-15 00:00:00,-76.9,34.2,0.0,34.4494,979.0,1
489,32,2005-09-15 06:00:00,-76.3,34.5,0.0,32.1527,982.0,1
489,33,2005-09-15 12:00:00,-75.8,34.7,0.0,29.8561,984.0,1
489,34,2005-09-15 18:00:00,-75.6,34.7,0.0,29.8561,986.0,1
489,35,2005-09-16 00:00:00,-75.1,34.6,0.0,27.5595,987.0,1
489,36,2005-09-16 06:00:00,-74.8,34.7,0.0,25.2629,993.0,1
489,37,2005-09-16 12:00:00,-74.4,35.4,0.0,22.9662,995.0,1
489,38,2005-09-16 18:00:00,-73.6,36.4,0.0,25.2629,993.0,1
489,39,2005-09-17 00:00:00,-72.7,37.3,0.0,25.2629,995.0,1
489,40,2005-09-17 06:00:00,-71.4,38.7,0.0,22.9662,1000.0,1
489,41,2005-09-17 12:00:00,-69.7,40.0,0.0,22.9662,997.0,1
489,42,2005-09-17 18:00:00,-67.3,41.6,0.0,22.9662,995.0,1
489,43,2005-09-18 00:00:00,-64.9,43.2,0.0,20.6696,996.0,1
489,44,2005-09-18 06:00:00,-62.6,44.8,0.0,20.6696,1000.0,1
489,45,2005-09-18 12:00:00,-59.9,46.2,0.0,20.6696,1000.0,1
489,46,2005-09-18 18:00:00,-56.2,47.4,0.0,20.6696,999.0,1
489,47,2005-09-19 00:00:00,-52.3,48.4,0.0,20.6696,1000.0,1
489,48,2005-09-19 06:00:00,-48.8,49.0,0.0,20.6696,1001.0,1
489,49,2005-09-19 12:00:00,-45.7,49.5,0.0,20.6696,1000.0,1
489,50,2005-09-19 18:00:00,-42.1,50.0,0.0,20.6696,999.0,1
489,51,2005-09-20 00:00:00,-38.5,50.9,0.0,20.6696,998.0,1
489,52,2005-09-20 06:00:00,-34.7,51.5,0.0,18.373,1000.0,1
489,53,2005-09-20 12:00:00,-30.5,52.2,0.0,18.373,1003.0,1
489,54,2005-09-20 18:00:00,-26.5,52.8,0.0,18.373,1001.0,1
489,55,2005-09-21 00:00:00,-22.0,53.8,0.0,18.373,998.0,1
490,1,2005-09-06 06:00:00,-66.5,28.5,0.0,18.373,1002.0,1
490,2,2005-09-06 12:00:00,-66.5,28.5,0.0,22.9662,1000.0,1
490,3,2005-09-06 18:00:00,-66.4,28.6,0.0,22.9662,997.0,1
490,4,2005-09-07 00:00:00,-66.3,28.7,0.0,25.2629,994.0,1
490,5,2005-09-07 06:00:00,-66.3,28.7,0.0,27.5595,990.0,1
490,6,2005-09-07 12:00:00,-66.2,28.9,0.0,29.8561,987.0,1
490,7,2005-09-07 18:00:00,-66.0,29.3,0.0,32.1527,985.0,1
490,8,2005-09-08 00:00:00,-65.7,29.6,0.0,34.4494,984.0,1
490,9,2005-09-08 06:00:00,-65.0,30.0,0.0,34.4494,982.0,1
490,10,2005-09-08 12:00:00,-63.8,30.5,0.0,34.4494,982.0,1
490,11,2005-09-08 18:00:00,-62.7,31.4,0.0,34.4494,982.0,1
490,12,2005-09-09 00:00:00,-61.1,32.6,0.0,36.746,979.0,1
490,13,2005-09-09 06:00:00,-59.1,33.4,0.0,32.1527,985.0,1
490,14,2005-09-09 12:00:00,-55.8,34.0,0.0,29.8561,986.0,1
490,15,2005-09-09 18:00:00,-53.4,34.5,0.0,25.2629,991.0,1
490,16,2005-09-10 00:00:00,-50.8,34.7,0.0,25.2629,997.0,1
490,17,2005-09-10 06:00:00,-49.0,34.6,0.0,20.6696,997.0,1
490,18,2005-09-10 12:00:00,-45.9,34.5,0.0,20.6696,997.0,1
490,19,2005-09-10 18:00:00,-44.1,34.9,0.0,20.6696,997.0,1
490,20,2005-09-11 00:00:00,-42.1,35.2,0.0,18.373,999.0,1
490,21,2005-09-11 06:00:00,-40.6,36.0,0.0,18.373,1000.0,1
490,22,2005-09-11 12:00:00,-38.3,37.4,0.0,18.373,1001.0,1
490,23,2005-09-11 18:00:00,-35.6,39.2,0.0,18.373,1001.0,1
490,24,2005-09-12 00:00:00,-33.3,41.6,0.0,18.373,1002.0,1
491,1,2005-09-18 00:00:00,-55.1,13.9,0.0,18.373,1003.0,1
491,2,2005-09-18 06:00:00,-55.3,14.4,0.0,20.6696,1000.0,1
491,3,2005-09-18 12:00:00,-55.5,14.9,0.0,22.9662,996.0,1
491,4,2005-09-18 18:00:00,-55.7,15.6,0.0,25.2629,993.0,1
491,5,2005-09-19 00:00:00,-55.8,16.2,0.0,29.8561,987.0,1
491,6,2005-09-19 06:00:00,-55.9,16.7,0.0,29.8561,987.0,1
491,7,2005-09-19 12:00:00,-56.2,17.2,0.0,29.8561,987.0,1
491,8,2005-09-19 18:00:00,-56.4,17.5,0.0,29.8561,987.0,1
491,9,2005-09-20 00:00:00,-56.6,17.7,0.0,32.1527,985.0,1
491,10,2005-09-20 06:00:00,-56.8,17.9,0.0,29.8561,987.0,1
491,11,2005-09-20 12:00:00,-57.0,18.1,0.0,27.5595,990.0,1
491,12,2005-09-20 18:00:00,-57.2,18.5,0.0,25.2629,992.0,1
491,13,2005-09-21 00:00:00,-57.2,18.9,0.0,25.2629,994.0,1
491,14,2005-09-21 06:00:00,-57.1,19.4,0.0,22.9662,997.0,1
491,15,2005-09-21 12:00:00,-57.0,19.9,0.0,20.6696,1000.0,1
491,16,2005-09-21 18:00:00,-56.9,20.8,0.0,18.373,1001.0,1
492,1,2005-09-19 00:00:00,-73.0,22.4,0.0,20.6696,1002.0,1
492,2,2005-09-19 06:00:00,-73.8,22.6,0.0,22.9662,999.0,1
492,3,2005-09-19 12:00:00,-74.7,22.8,0.0,25.2629,997.0,1
492,4,2005-09-19 18:00:00,-75.9,23.1,0.0,27.5595,994.0,1
492,5,2005-09-20 00:00:00,-77.2,23.3,0.0,27.5595,992.0,1
492,6,2005-09-20 06:00:00,-78.8,23.5,0.0,27.5595,990.0,1
492,7,2005-09-20 12:00:00,-80.3,23.7,0.0,32.1527,985.0,1
492,8,2005-09-20 18:00:00,-81.6,23.9,0.0,39.0426,975.0,1
492,9,2005-09-21 00:00:00,-82.7,24.1,0.0,43.6359,967.0,1
492,10,2005-09-21 06:00:00,-84.0,24.2,0.0,50.5258,955.0,1
492,11,2005-09-21 12:00:00,-85.2,24.2,0.0,55.119,941.0,1
492,12,2005-09-21 18:00:00,-86.2,24.3,0.0,66.6021,920.0,1
492,13,2005-09-22 00:00:00,-86.9,24.5,0.0,68.8987,897.0,1
492,14,2005-09-22 06:00:00,-87.6,24.8,0.0,71.1954,897.0,1
492,15,2005-09-22 12:00:00,-88.3,25.2,0.0,64.3055,908.0,1
492,16,2005-09-22 18:00:00,-89.1,25.6,0.0,57.4156,913.0,1
492,17,2005-09-23 00:00:00,-89.9,26.0,0.0,55.119,915.0,1
492,18,2005-09-23 06:00:00,-90.7,26.5,0.0,52.8224,924.0,1
492,19,2005-09-23 12:00:00,-91.5,27.1,0.0,52.8224,927.0,1
492,20,2005-09-23 18:00:00,-92.3,27.8,0.0,50.5258,930.0,1
492,21,2005-09-24 00:00:00,-93.0,28.6,0.0,48.2291,931.0,1
492,22,2005-09-24 06:00:00,-93.6,29.4,0.0,45.9325,935.0,1
492,23,2005-09-24 12:00:00,-94.1,30.5,0.0,29.8561,949.0,1
492,24,2005-09-24 18:00:00,-94.1,31.6,0.0,20.6696,974.0,1
493,1,2005-10-02 06:00:00,-87.2,19.5,0.0,18.373,1003.0,1
493,2,2005-10-03 12:00:00,-91.7,20.3,0.0,18.373,1000.0,1
493,3,2005-10-03 18:00:00,-92.2,20.1,0.0,22.9662,997.0,1
493,4,2005-10-04 00:00:00,-93.2,19.8,0.0,25.2629,990.0,1
493,5,2005-10-04 06:00:00,-94.1,19.2,0.0,29.8561,987.0,1
493,6,2005-10-04 12:00:00,-94.9,18.6,0.0,32.1527,977.0,1
493,7,2005-10-04 18:00:00,-95.6,17.9,0.0,20.6696,988.0,1
494,1,2005-10-04 18:00:00,-26.7,37.1,0.0,20.6696,997.0,1
494,2,2005-10-05 00:00:00,-25.0,38.8,0.0,20.6696,997.0,1
494,3,2005-10-05 06:00:00,-23.3,41.0,0.0,18.373,1000.0,1
494,4,2005-10-05 12:00:00,-23.0,43.6,0.0,18.373,1002.0,1
495,1,2005-10-05 12:00:00,-80.2,28.3,0.0,18.373,1004.0,1
495,2,2005-10-05 18:00:00,-80.9,29.5,0.0,20.6696,1001.0,1
495,3,2005-10-06 00:00:00,-81.6,30.5,0.0,20.6696,1002.0,1
496,1,2005-10-12 18:00:00,-73.5,38.7,0.0,18.373,1011.0,1
496,2,2005-10-13 00:00:00,-73.5,38.3,0.0,18.373,1010.0,1
496,3,2005-10-13 06:00:00,-73.5,37.7,0.0,18.373,1010.0,1
496,4,2005-10-13 12:00:00,-73.0,37.2,0.0,18.373,1008.0,1
496,5,2005-10-13 18:00:00,-73.0,37.8,0.0,18.373,1006.0,1
496,6,2005-10-14 00:00:00,-73.4,38.0,0.0,18.373,1006.0,1
496,7,2005-10-14 06:00:00,-73.8,37.6,0.0,18.373,1005.0,1
497,1,2005-10-08 06:00:00,-20.6,32.9,0.0,18.373,1001.0,1
497,2,2005-10-08 12:00:00,-20.3,33.0,0.0,20.6696,1000.0,1
497,3,2005-10-08 18:00:00,-20.1,33.1,0.0,20.6696,1000.0,1
497,4,2005-10-09 00:00:00,-20.0,33.2,0.0,20.6696,999.0,1
497,5,2005-10-09 06:00:00,-19.6,33.4,0.0,22.9662,998.0,1
497,6,2005-10-09 12:00:00,-19.3,33.8,0.0,25.2629,995.0,1
497,7,2005-10-09 18:00:00,-18.9,34.1,0.0,29.8561,988.0,1
497,8,2005-10-10 00:00:00,-18.3,34.3,0.0,27.5595,990.0,1
497,9,2005-10-10 06:00:00,-17.2,34.5,0.0,22.9662,992.0,1
497,10,2005-10-10 12:00:00,-15.3,34.7,0.0,20.6696,995.0,1
498,1,2005-10-17 12:00:00,-79.7,16.3,0.0,18.373,999.0,1
498,2,2005-10-17 18:00:00,-79.8,16.0,0.0,20.6696,997.0,1
498,3,2005-10-18 00:00:00,-79.9,15.8,0.0,25.2629,988.0,1
498,4,2005-10-18 06:00:00,-79.9,15.7,0.0,27.5595,982.0,1
498,5,2005-10-18 12:00:00,-80.3,16.2,0.0,29.8561,979.0,1
498,6,2005-10-18 18:00:00,-81.1,16.6,0.0,34.4494,975.0,1
498,7,2005-10-19 00:00:00,-81.8,16.6,0.0,59.7122,946.0,1
498,8,2005-10-19 06:00:00,-82.2,17.0,0.0,68.8987,892.0,1
498,9,2005-10-19 12:00:00,-82.8,17.3,0.0,73.492,882.0,1
498,10,2005-10-19 18:00:00,-83.4,17.4,0.0,64.3055,892.0,1
498,11,2005-10-20 00:00:00,-84.0,17.9,0.0,62.0089,892.0,1
498,12,2005-10-20 06:00:00,-84.7,18.1,0.0,59.7122,901.0,1
498,13,2005-10-20 12:00:00,-85.2,18.3,0.0,59.7122,910.0,1
498,14,2005-10-20 18:00:00,-85.5,18.6,0.0,59.7122,917.0,1
498,15,2005-10-21 00:00:00,-85.8,19.1,0.0,59.7122,924.0,1
498,16,2005-10-21 06:00:00,-86.1,19.5,0.0,59.7122,930.0,1
498,17,2005-10-21 12:00:00,-86.4,20.1,0.0,57.4156,929.0,1
498,18,2005-10-21 18:00:00,-86.7,20.3,0.0,55.119,926.0,1
498,19,2005-10-22 00:00:00,-86.8,20.6,0.0,55.119,930.0,1
498,20,2005-10-22 06:00:00,-87.0,20.8,0.0,50.5258,935.0,1
498,21,2005-10-22 12:00:00,-87.1,21.0,0.0,45.9325,947.0,1
498,22,2005-10-22 18:00:00,-87.1,21.3,0.0,39.0426,958.0,1
498,23,2005-10-23 00:00:00,-87.0,21.6,0.0,39.0426,960.0,1
498,24,2005-10-23 06:00:00,-86.8,21.8,0.0,39.0426,962.0,1
498,25,2005-10-23 12:00:00,-86.1,22.4,0.0,39.0426,961.0,1
498,26,2005-10-23 18:00:00,-85.4,23.1,0.0,41.3392,963.0,1
498,27,2005-10-24 00:00:00,-84.3,24.0,0.0,43.6359,958.0,1
498,28,2005-10-24 06:00:00,-83.1,25.0,0.0,50.5258,953.0,1
498,29,2005-10-24 12:00:00,-81.0,26.2,0.0,43.6359,950.0,1
498,30,2005-10-24 18:00:00,-78.8,28.0,0.0,48.2291,955.0,1
498,31,2005-10-25 00:00:00,-76.0,30.1,0.0,50.5258,955.0,1
498,32,2005-10-25 06:00:00,-72.0,33.3,0.0,45.9325,963.0,1
498,33,2005-10-25 12:00:00,-67.9,36.8,0.0,41.3392,970.0,1
498,34,2005-10-25 18:00:00,-63.5,40.5,0.0,34.4494,976.0,1
498,35,2005-10-26 00:00:00,-60.0,42.5,0.0,27.5595,978.0,1
498,36,2005-10-26 06:00:00,-57.5,44.0,0.0,25.2629,982.0,1
498,37,2005-10-26 12:00:00,-55.0,45.0,0.0,22.9662,986.0,1
498,38,2005-10-26 18:00:00,-52.0,45.5,0.0,18.373,990.0,1
499,1,2005-10-23 00:00:00,-69.6,17.3,0.0,20.6696,1000.0,1
499,2,2005-10-23 06:00:00,-70.5,17.8,0.0,20.6696,998.0,1
500,1,2005-10-27 12:00:00,-81.3,11.3,0.0,20.6696,1000.0,1
500,2,2005-10-27 18:00:00,-81.3,11.6,0.0,22.9662,997.0,1
500,3,2005-10-28 00:00:00,-81.2,11.9,0.0,22.9662,995.0,1
500,4,2005-10-28 06:00:00,-81.1,12.3,0.0,22.9662,994.0,1
500,5,2005-10-28 12:00:00,-81.0,12.8,0.0,22.9662,993.0,1
500,6,2005-10-28 18:00:00,-81.1,13.2,0.0,22.9662,991.0,1
500,7,2005-10-29 00:00:00,-81.2,13.4,0.0,27.5595,988.0,1
500,8,2005-10-29 06:00:00,-81.4,13.6,0.0,32.1527,985.0,1
500,9,2005-10-29 12:00:00,-81.6,13.7,0.0,34.4494,982.0,1
500,10,2005-10-29 18:00:00,-82.1,13.7,0.0,34.4494,980.0,1
500,11,2005-10-30 00:00:00,-82.6,13.6,0.0,41.3392,970.0,1
500,12,2005-10-30 06:00:00,-83.1,13.3,0.0,45.9325,962.0,1
500,13,2005-10-30 12:00:00,-83.5,12.9,0.0,41.3392,970.0,1
500,14,2005-10-30 18:00:00,-84.1,12.7,0.0,25.2629,990.0,1
501,1,2005-11-19 00:00:00,-85.6,16.0,0.0,18.373,1005.0,1
501,2,2005-11-19 06:00:00,-85.6,16.1,0.0,18.373,1004.0,1
501,3,2005-11-19 12:00:00,-85.4,16.1,0.0,20.6696,1002.0,1
501,4,2005-11-19 18:00:00,-85.2,16.2,0.0,18.373,1004.0,1
501,5,2005-11-20 00:00:00,-85.0,16.4,0.0,18.373,1005.0,1
502,1,2005-11-21 18:00:00,-39.6,30.9,0.0,18.373,994.0,1
502,2,2005-11-22 00:00:00,-40.1,31.5,0.0,18.373,992.0,1
502,3,2005-11-22 06:00:00,-39.9,31.4,0.0,20.6696,990.0,1
502,4,2005-11-22 12:00:00,-39.8,31.2,0.0,20.6696,988.0,1
502,5,2005-11-22 18:00:00,-40.5,30.7,0.0,20.6696,986.0,1
502,6,2005-11-23 00:00:00,-40.9,29.9,0.0,20.6696,984.0,1
502,7,2005-11-23 06:00:00,-41.3,28.8,0.0,20.6696,983.0,1
502,8,2005-11-23 12:00:00,-41.2,27.4,0.0,22.9662,983.0,1
502,9,2005-11-23 18:00:00,-40.8,26.4,0.0,22.9662,983.0,1
502,10,2005-11-24 00:00:00,-40.2,25.5,0.0,25.2629,982.0,1
502,11,2005-11-24 06:00:00,-39.6,25.0,0.0,25.2629,981.0,1
502,12,2005-11-24 12:00:00,-39.0,24.8,0.0,27.5595,980.0,1
502,13,2005-11-24 18:00:00,-38.9,24.6,0.0,27.5595,980.0,1
502,14,2005-11-25 00:00:00,-39.0,24.1,0.0,27.5595,980.0,1
502,15,2005-11-25 06:00:00,-39.3,23.8,0.0,25.2629,982.0,1
502,16,2005-11-25 12:00:00,-39.6,23.3,0.0,25.2629,982.0,1
502,17,2005-11-25 18:00:00,-39.8,22.8,0.0,22.9662,985.0,1
502,18,2005-11-26 00:00:00,-39.8,22.3,0.0,20.6696,989.0,1
502,19,2005-11-26 06:00:00,-39.4,21.8,0.0,18.373,993.0,1
502,20,2005-11-27 06:00:00,-34.0,24.8,0.0,20.6696,993.0,1
502,21,2005-11-27 12:00:00,-31.9,26.7,0.0,27.5595,982.0,1
502,22,2005-11-27 18:00:00,-29.9,28.3,0.0,27.5595,982.0,1
502,23,2005-11-28 00:00:00,-27.5,29.1,0.0,27.5595,983.0,1
502,24,2005-11-28 06:00:00,-24.8,29.9,0.0,27.5595,984.0,1
502,25,2005-11-28 12:00:00,-21.6,30.2,0.0,27.5595,985.0,1
502,26,2005-11-28 18:00:00,-18.2,30.2,0.0,27.5595,986.0,1
502,27,2005-11-29 00:00:00,-14.6,30.2,0.0,25.2629,988.0,1
502,28,2005-11-29 06:00:00,-10.9,30.7,0.0,22.9662,992.0,1
503,1,2005-11-29 06:00:00,-49.2,31.5,0.0,20.6696,993.0,1
503,2,2005-11-29 12:00:00,-50.0,31.6,0.0,20.6696,993.0,1
503,3,2005-11-29 18:00:00,-50.8,31.4,0.0,20.6696,993.0,1
503,4,2005-11-30 00:00:00,-51.5,31.4,0.0,20.6696,993.0,1
503,5,2005-11-30 06:00:00,-52.5,31.1,0.0,22.9662,992.0,1
503,6,2005-11-30 12:00:00,-53.5,30.8,0.0,25.2629,991.0,1
503,7,2005-11-30 18:00:00,-54.2,30.1,0.0,22.9662,991.0,1
503,8,2005-12-01 00:00:00,-53.8,29.7,0.0,22.9662,992.0,1
503,9,2005-12-01 06:00:00,-52.7,30.0,0.0,22.9662,992.0,1
503,10,2005-12-01 12:00:00,-51.9,30.8,0.0,22.9662,992.0,1
503,11,2005-12-01 18:00:00,-51.3,31.4,0.0,25.2629,991.0,1
503,12,2005-12-02 00:00:00,-50.6,31.9,0.0,25.2629,991.0,1
503,13,2005-12-02 06:00:00,-49.8,32.5,0.0,25.2629,990.0,1
503,14,2005-12-02 12:00:00,-48.9,33.2,0.0,27.5595,989.0,1
503,15,2005-12-02 18:00:00,-47.9,33.9,0.0,29.8561,987.0,1
503,16,2005-12-03 00:00:00,-47.1,34.3,0.0,29.8561,987.0,1
503,17,2005-12-03 06:00:00,-46.2,34.5,0.0,29.8561,987.0,1
503,18,2005-12-03 12:00:00,-45.0,34.5,0.0,29.8561,987.0,1
503,19,2005-12-03 18:00:00,-43.7,34.5,0.0,29.8561,987.0,1
503,20,2005-12-04 00:00:00,-42.3,34.3,0.0,29.8561,987.0,1
503,21,2005-12-04 06:00:00,-41.1,34.4,0.0,29.8561,987.0,1
503,22,2005-12-04 12:00:00,-39.8,34.3,0.0,32.1527,984.0,1
503,23,2005-12-04 18:00:00,-38.8,34.3,0.0,32.1527,985.0,1
503,24,2005-12-05 00:00:00,-37.8,34.2,0.0,32.1527,985.0,1
503,25,2005-12-05 06:00:00,-36.7,34.0,0.0,34.4494,981.0,1
503,26,2005-12-05 12:00:00,-35.5,33.8,0.0,34.4494,981.0,1
503,27,2005-12-05 18:00:00,-34.6,33.7,0.0,32.1527,985.0,1
503,28,2005-12-06 00:00:00,-33.8,33.4,0.0,29.8561,986.0,1
503,29,2005-12-06 06:00:00,-33.7,33.1,0.0,29.8561,986.0,1
503,30,2005-12-06 12:00:00,-33.7,32.3,0.0,29.8561,987.0,1
503,31,2005-12-06 18:00:00,-34.2,31.6,0.0,29.8561,987.0,1
503,32,2005-12-07 00:00:00,-34.9,30.8,0.0,29.8561,987.0,1
503,33,2005-12-07 06:00:00,-36.0,30.1,0.0,29.8561,987.0,1
503,34,2005-12-07 12:00:00,-37.1,29.4,0.0,29.8561,987.0,1
503,35,2005-12-07 18:00:00,-38.1,28.7,0.0,27.5595,991.0,1
503,36,2005-12-08 00:00:00,-38.8,28.2,0.0,22.9662,997.0,1
504,1,2005-12-30 06:00:00,-36.1,24.2,0.0,18.373,1005.0,1
504,2,2005-12-30 12:00:00,-36.6,24.7,0.0,20.6696,1002.0,1
504,3,2005-12-30 18:00:00,-37.0,25.2,0.0,20.6696,1000.0,1
504,4,2005-12-31 00:00:00,-37.3,25.6,0.0,20.6696,1000.0,1
504,5,2005-12-31 06:00:00,-37.6,25.7,0.0,22.9662,997.0,1
504,6,2005-12-31 12:00:00,-37.9,25.7,0.0,22.9662,997.0,1
504,7,2005-12-31 18:00:00,-38.1,25.7,0.0,20.6696,1000.0,1
504,8,2006-01-01 00:00:00,-38.3,25.6,0.0,22.9662,997.0,1
504,9,2006-01-01 06:00:00,-38.4,25.4,0.0,22.9662,997.0,1
504,10,2006-01-01 12:00:00,-38.5,25.2,0.0,22.9662,997.0,1
504,11,2006-01-01 18:00:00,-38.6,25.0,0.0,25.2629,994.0,1
504,12,2006-01-02 00:00:00,-38.9,24.6,0.0,25.2629,994.0,1
504,13,2006-01-02 06:00:00,-39.7,24.3,0.0,22.9662,997.0,1
504,14,2006-01-02 12:00:00,-40.4,23.8,0.0,20.6696,1000.0,1
504,15,2006-01-02 18:00:00,-40.8,23.6,0.0,22.9662,997.0,1
504,16,2006-01-03 00:00:00,-41.0,23.4,0.0,25.2629,994.0,1
504,17,2006-01-03 06:00:00,-41.3,23.3,0.0,25.2629,994.0,1
504,18,2006-01-03 12:00:00,-41.6,23.2,0.0,25.2629,994.0,1
504,19,2006-01-03 18:00:00,-42.1,23.0,0.0,25.2629,994.0,1
504,20,2006-01-04 00:00:00,-42.4,22.6,0.0,25.2629,994.0,1
504,21,2006-01-04 06:00:00,-42.9,22.1,0.0,22.9662,997.0,1
504,22,2006-01-04 12:00:00,-43.6,21.9,0.0,20.6696,1000.0,1
504,23,2006-01-04 18:00:00,-44.6,21.7,0.0,18.373,1002.0,1
505,1,2006-06-11 12:00:00,-87.8,23.6,0.0,18.373,1002.0,1
505,2,2006-06-11 18:00:00,-87.8,24.3,0.0,18.373,1004.0,1
505,3,2006-06-12 00:00:00,-87.8,25.0,0.0,18.373,1004.0,1
505,4,2006-06-12 06:00:00,-87.4,25.8,0.0,20.6696,1004.0,1
505,5,2006-06-12 12:00:00,-86.3,26.8,0.0,27.5595,1000.0,1
505,6,2006-06-12 18:00:00,-85.4,27.5,0.0,27.5595,997.0,1
505,7,2006-06-13 00:00:00,-85.0,28.0,0.0,27.5595,995.0,1
505,8,2006-06-13 06:00:00,-84.4,28.8,0.0,25.2629,995.0,1
505,9,2006-06-13 12:00:00,-84.1,29.5,0.0,20.6696,996.0,1
505,10,2006-06-15 00:00:00,-73.0,37.0,0.0,20.6696,999.0,1
505,11,2006-06-15 06:00:00,-69.9,38.8,0.0,20.6696,990.0,1
505,12,2006-06-15 12:00:00,-66.8,40.9,0.0,22.9662,979.0,1
505,13,2006-06-15 18:00:00,-64.2,42.6,0.0,25.2629,971.0,1
505,14,2006-06-16 00:00:00,-62.0,44.0,0.0,25.2629,969.0,1
505,15,2006-06-16 06:00:00,-58.5,46.0,0.0,22.9662,972.0,1
505,16,2006-06-16 12:00:00,-55.0,47.4,0.0,20.6696,985.0,1
505,17,2006-06-16 18:00:00,-51.5,49.3,0.0,18.373,990.0,1
505,18,2006-06-17 00:00:00,-45.2,50.8,0.0,18.373,995.0,1
505,19,2006-06-17 06:00:00,-39.0,51.5,0.0,18.373,995.0,1
505,20,2006-06-17 12:00:00,-34.5,53.0,0.0,18.373,995.0,1
506,1,2006-07-17 12:00:00,-65.1,40.0,0.0,18.373,1003.0,1
506,2,2006-07-17 18:00:00,-63.7,41.1,0.0,20.6696,998.0,1
506,3,2006-07-18 00:00:00,-62.1,42.4,0.0,18.373,999.0,1
507,1,2006-07-19 12:00:00,-73.6,35.2,0.0,18.373,1004.0,1
507,2,2006-07-19 18:00:00,-73.5,35.9,0.0,22.9662,1003.0,1
507,3,2006-07-20 00:00:00,-73.2,36.6,0.0,22.9662,1002.0,1
507,4,2006-07-20 06:00:00,-73.2,37.4,0.0,22.9662,1001.0,1
507,5,2006-07-20 12:00:00,-73.0,38.3,0.0,22.9662,1002.0,1
507,6,2006-07-20 18:00:00,-72.5,39.1,0.0,20.6696,1002.0,1
507,7,2006-07-21 00:00:00,-71.8,39.8,0.0,20.6696,1003.0,1
507,8,2006-07-21 06:00:00,-70.5,41.0,0.0,20.6696,1000.0,1
507,9,2006-07-21 06:45:00,-70.1,41.3,0.0,20.6696,1000.0,1
507,10,2006-07-21 12:00:00,-68.4,42.4,0.0,18.373,1002.0,1
508,1,2006-08-01 12:00:00,-59.8,17.2,0.0,18.373,1006.0,1
508,2,2006-08-01 18:00:00,-60.6,17.7,0.0,22.9662,1004.0,1
508,3,2006-08-02 00:00:00,-61.4,18.1,0.0,22.9662,1003.0,1
508,4,2006-08-02 06:00:00,-62.2,18.5,0.0,25.2629,1001.0,1
508,5,2006-08-02 12:00:00,-63.0,19.0,0.0,25.2629,1001.0,1
508,6,2006-08-02 18:00:00,-63.9,19.6,0.0,22.9662,1004.0,1
508,7,2006-08-03 00:00:00,-64.8,19.9,0.0,22.9662,1007.0,1
508,8,2006-08-03 06:00:00,-65.8,20.2,0.0,18.373,1010.0,1
509,1,2006-08-23 06:00:00,-29.5,15.7,0.0,18.373,1002.0,1
509,2,2006-08-23 12:00:00,-31.0,16.7,0.0,20.6696,1001.0,1
509,3,2006-08-23 18:00:00,-32.4,17.6,0.0,20.6696,1001.0,1
509,4,2006-08-24 00:00:00,-33.9,18.4,0.0,20.6696,1000.0,1
509,5,2006-08-24 06:00:00,-35.5,19.2,0.0,20.6696,999.0,1
509,6,2006-08-24 12:00:00,-37.1,20.1,0.0,20.6696,1000.0,1
509,7,2006-08-24 18:00:00,-38.7,20.9,0.0,20.6696,1000.0,1
509,8,2006-08-25 00:00:00,-40.2,21.7,0.0,20.6696,1000.0,1
509,9,2006-08-25 06:00:00,-41.5,22.6,0.0,20.6696,1001.0,1
509,10,2006-08-25 12:00:00,-42.7,23.6,0.0,18.373,1002.0,1
510,1,2006-08-26 00:00:00,-68.3,14.3,0.0,18.373,1002.0,1
510,2,2006-08-26 06:00:00,-69.5,14.6,0.0,20.6696,999.0,1
510,3,2006-08-26 12:00:00,-70.4,15.1,0.0,22.9662,997.0,1
510,4,2006-08-26 18:00:00,-71.2,15.7,0.0,25.2629,997.0,1
510,5,2006-08-27 00:00:00,-72.0,16.3,0.0,25.2629,995.0,1
510,6,2006-08-27 06:00:00,-72.7,16.9,0.0,29.8561,992.0,1
510,7,2006-08-27 12:00:00,-73.4,17.4,0.0,25.2629,997.0,1
510,8,2006-08-27 18:00:00,-74.0,17.8,0.0,20.6696,1002.0,1
510,9,2006-08-28 00:00:00,-74.6,18.3,0.0,18.373,1003.0,1
510,10,2006-08-28 06:00:00,-75.2,19.1,0.0,18.373,1004.0,1
510,11,2006-08-29 06:00:00,-78.5,22.4,0.0,18.373,1006.0,1
510,12,2006-08-29 12:00:00,-79.3,23.2,0.0,18.373,1006.0,1
510,13,2006-08-29 18:00:00,-79.9,23.9,0.0,18.373,1005.0,1
510,14,2006-08-30 00:00:00,-80.4,24.7,0.0,18.373,1004.0,1
510,15,2006-08-30 06:00:00,-80.8,25.3,0.0,18.373,1003.0,1
510,16,2006-08-31 06:00:00,-80.4,29.4,0.0,20.6696,999.0,1
510,17,2006-08-31 12:00:00,-79.9,30.6,0.0,25.2629,995.0,1
510,18,2006-08-31 18:00:00,-79.2,31.9,0.0,27.5595,993.0,1
510,19,2006-09-01 00:00:00,-78.4,33.2,0.0,27.5595,988.0,1
510,20,2006-09-01 06:00:00,-78.0,34.5,0.0,22.9662,985.0,1
510,21,2006-09-01 18:00:00,-77.2,36.6,0.0,18.373,997.0,1
510,22,2006-09-02 00:00:00,-77.0,37.1,0.0,18.373,1002.0,1
510,23,2006-09-02 06:00:00,-76.8,37.6,0.0,18.373,1005.0,1
510,24,2006-09-02 12:00:00,-76.7,38.2,0.0,18.373,1007.0,1
510,25,2006-09-02 18:00:00,-76.7,38.9,0.0,18.373,1010.0,1
511,1,2006-09-05 18:00:00,-47.8,17.3,0.0,18.373,1003.0,1
511,2,2006-09-06 00:00:00,-48.6,17.6,0.0,18.373,1003.0,1
511,3,2006-09-06 06:00:00,-49.7,18.1,0.0,18.373,1003.0,1
511,4,2006-09-06 12:00:00,-50.6,18.5,0.0,20.6696,1003.0,1
511,5,2006-09-06 18:00:00,-51.3,19.0,0.0,20.6696,1000.0,1
511,6,2006-09-07 00:00:00,-51.9,19.3,0.0,20.6696,1000.0,1
511,7,2006-09-07 06:00:00,-52.6,19.6,0.0,20.6696,1000.0,1
511,8,2006-09-07 12:00:00,-53.3,19.9,0.0,18.373,1002.0,1
511,9,2006-09-07 18:00:00,-54.3,20.3,0.0,18.373,1002.0,1
511,10,2006-09-08 00:00:00,-55.7,20.9,0.0,18.373,1002.0,1
511,11,2006-09-08 06:00:00,-57.1,21.5,0.0,18.373,1002.0,1
511,12,2006-09-08 12:00:00,-58.8,21.7,0.0,18.373,1002.0,1
511,13,2006-09-08 18:00:00,-60.1,21.9,0.0,20.6696,1000.0,1
511,14,2006-09-09 00:00:00,-61.0,22.7,0.0,22.9662,997.0,1
511,15,2006-09-09 06:00:00,-62.3,23.8,0.0,22.9662,993.0,1
511,16,2006-09-09 12:00:00,-63.2,24.4,0.0,22.9662,992.0,1
511,17,2006-09-09 18:00:00,-64.0,25.1,0.0,22.9662,991.0,1
511,18,2006-09-10 00:00:00,-64.6,26.2,0.0,27.5595,987.0,1
511,19,2006-09-10 06:00:00,-65.3,27.1,0.0,32.1527,980.0,1
511,20,2006-09-10 12:00:00,-65.9,28.1,0.0,34.4494,978.0,1
511,21,2006-09-10 18:00:00,-66.1,29.3,0.0,36.746,976.0,1
511,22,2006-09-11 00:00:00,-66.2,30.4,0.0,36.746,975.0,1
511,23,2006-09-11 06:00:00,-66.2,31.3,0.0,32.1527,977.0,1
511,24,2006-09-11 12:00:00,-65.7,32.4,0.0,34.4494,974.0,1
511,25,2006-09-11 18:00:00,-65.0,33.6,0.0,34.4494,974.0,1
511,26,2006-09-12 00:00:00,-64.1,34.9,0.0,32.1527,975.0,1
511,27,2006-09-12 06:00:00,-63.2,36.3,0.0,29.8561,976.0,1
511,28,2006-09-12 12:00:00,-61.9,37.4,0.0,29.8561,976.0,1
511,29,2006-09-12 18:00:00,-60.2,38.5,0.0,29.8561,977.0,1
511,30,2006-09-13 00:00:00,-57.9,40.6,0.0,32.1527,978.0,1
511,31,2006-09-13 06:00:00,-56.3,43.1,0.0,32.1527,972.0,1
511,32,2006-09-13 12:00:00,-55.6,45.5,0.0,32.1527,967.0,1
511,33,2006-09-13 18:00:00,-54.0,46.4,0.0,32.1527,963.0,1
511,34,2006-09-14 00:00:00,-51.3,47.6,0.0,29.8561,965.0,1
511,35,2006-09-14 06:00:00,-48.3,48.6,0.0,27.5595,967.0,1
511,36,2006-09-14 12:00:00,-45.2,49.2,0.0,25.2629,970.0,1
511,37,2006-09-14 18:00:00,-42.6,49.8,0.0,22.9662,976.0,1
511,38,2006-09-15 00:00:00,-39.6,50.0,0.0,20.6696,981.0,1
511,39,2006-09-15 06:00:00,-35.8,49.7,0.0,20.6696,982.0,1
511,40,2006-09-15 12:00:00,-31.7,49.5,0.0,20.6696,984.0,1
511,41,2006-09-15 18:00:00,-27.5,49.8,0.0,18.373,986.0,1
511,42,2006-09-16 00:00:00,-23.9,50.6,0.0,18.373,987.0,1
511,43,2006-09-16 06:00:00,-21.0,52.5,0.0,18.373,987.0,1
511,44,2006-09-16 12:00:00,-20.5,54.6,0.0,18.373,985.0,1
511,45,2006-09-16 18:00:00,-20.5,56.6,0.0,18.373,983.0,1
511,46,2006-09-17 00:00:00,-20.5,58.2,0.0,18.373,980.0,1
511,47,2006-09-17 06:00:00,-20.6,59.6,0.0,18.373,980.0,1
511,48,2006-09-17 12:00:00,-21.2,60.9,0.0,18.373,979.0,1
511,49,2006-09-17 18:00:00,-22.5,62.0,0.0,20.6696,978.0,1
511,50,2006-09-18 00:00:00,-24.5,62.6,0.0,22.9662,976.0,1
511,51,2006-09-18 06:00:00,-26.5,63.0,0.0,22.9662,977.0,1
511,52,2006-09-18 12:00:00,-29.0,63.0,0.0,22.9662,978.0,1
511,53,2006-09-18 18:00:00,-31.4,63.0,0.0,22.9662,979.0,1
511,54,2006-09-19 00:00:00,-34.0,62.0,0.0,22.9662,982.0,1
512,1,2006-09-11 18:00:00,-57.1,21.4,0.0,18.373,1005.0,1
512,2,2006-09-12 00:00:00,-57.6,21.8,0.0,22.9662,1003.0,1
512,3,2006-09-12 06:00:00,-58.0,22.3,0.0,22.9662,1000.0,1
512,4,2006-09-12 12:00:00,-58.2,22.8,0.0,22.9662,998.0,1
512,5,2006-09-12 18:00:00,-58.2,23.4,0.0,25.2629,994.0,1
512,6,2006-09-13 00:00:00,-58.1,24.0,0.0,29.8561,987.0,1
512,7,2006-09-13 06:00:00,-58.0,24.7,0.0,32.1527,984.0,1
512,8,2006-09-13 12:00:00,-57.9,25.6,0.0,36.746,980.0,1
512,9,2006-09-13 18:00:00,-57.7,26.5,0.0,43.6359,965.0,1
512,10,2006-09-14 00:00:00,-57.4,27.3,0.0,48.2291,955.0,1
512,11,2006-09-14 06:00:00,-56.8,28.2,0.0,48.2291,956.0,1
512,12,2006-09-14 12:00:00,-56.2,29.1,0.0,48.2291,956.0,1
512,13,2006-09-14 18:00:00,-55.4,29.8,0.0,48.2291,958.0,1
512,14,2006-09-15 00:00:00,-54.6,30.3,0.0,45.9325,960.0,1
512,15,2006-09-15 06:00:00,-53.8,30.8,0.0,43.6359,965.0,1
512,16,2006-09-15 12:00:00,-53.5,31.1,0.0,39.0426,973.0,1
512,17,2006-09-15 18:00:00,-53.5,31.1,0.0,36.746,976.0,1
512,18,2006-09-16 00:00:00,-53.5,31.1,0.0,34.4494,980.0,1
512,19,2006-09-16 06:00:00,-53.6,31.2,0.0,32.1527,983.0,1
512,20,2006-09-16 12:00:00,-53.8,31.3,0.0,29.8561,987.0,1
512,21,2006-09-16 18:00:00,-53.9,31.5,0.0,29.8561,987.0,1
512,22,2006-09-17 00:00:00,-53.8,31.9,0.0,29.8561,987.0,1
512,23,2006-09-17 06:00:00,-53.7,32.4,0.0,29.8561,987.0,1
512,24,2006-09-17 12:00:00,-53.3,33.3,0.0,32.1527,983.0,1
512,25,2006-09-17 18:00:00,-52.9,34.1,0.0,32.1527,983.0,1
512,26,2006-09-18 00:00:00,-52.1,35.0,0.0,34.4494,981.0,1
512,27,2006-09-18 06:00:00,-50.6,36.1,0.0,34.4494,979.0,1
512,28,2006-09-18 12:00:00,-48.7,36.9,0.0,36.746,976.0,1
512,29,2006-09-18 18:00:00,-46.3,37.5,0.0,39.0426,972.0,1
512,30,2006-09-19 00:00:00,-43.3,38.0,0.0,39.0426,972.0,1
512,31,2006-09-19 06:00:00,-40.2,38.1,0.0,41.3392,970.0,1
512,32,2006-09-19 12:00:00,-37.0,38.0,0.0,36.746,977.0,1
512,33,2006-09-19 18:00:00,-33.5,37.8,0.0,34.4494,979.0,1
512,34,2006-09-20 00:00:00,-29.9,37.7,0.0,32.1527,980.0,1
512,35,2006-09-20 06:00:00,-26.1,37.6,0.0,32.1527,980.0,1
512,36,2006-09-20 12:00:00,-22.6,37.8,0.0,29.8561,983.0,1
512,37,2006-09-20 18:00:00,-18.5,38.5,0.0,29.8561,983.0,1
512,38,2006-09-21 00:00:00,-14.0,40.1,0.0,27.5595,984.0,1
512,39,2006-09-21 06:00:00,-10.4,43.8,0.0,25.2629,986.0,1
512,40,2006-09-21 12:00:00,-9.0,48.5,0.0,25.2629,982.0,1
512,41,2006-09-21 18:00:00,-9.5,52.5,0.0,25.2629,978.0,1
512,42,2006-09-22 00:00:00,-10.5,54.5,0.0,27.5595,975.0,1
512,43,2006-09-22 06:00:00,-14.0,57.0,0.0,29.8561,974.0,1
512,44,2006-09-22 12:00:00,-18.5,56.5,0.0,25.2629,976.0,1
512,45,2006-09-22 18:00:00,-19.5,56.0,0.0,20.6696,980.0,1
512,46,2006-09-23 00:00:00,-20.0,54.5,0.0,20.6696,982.0,1
512,47,2006-09-23 06:00:00,-20.0,52.5,0.0,18.373,986.0,1
513,1,2006-09-14 12:00:00,-35.6,13.6,0.0,18.373,1003.0,1
513,2,2006-09-14 18:00:00,-37.0,14.0,0.0,18.373,1003.0,1
513,3,2006-09-15 00:00:00,-38.3,14.4,0.0,18.373,1002.0,1
513,4,2006-09-15 06:00:00,-39.6,14.8,0.0,20.6696,1000.0,1
513,5,2006-09-15 12:00:00,-40.8,15.5,0.0,22.9662,997.0,1
513,6,2006-09-15 18:00:00,-42.1,16.2,0.0,25.2629,995.0,1
513,7,2006-09-16 00:00:00,-43.3,17.0,0.0,27.5595,992.0,1
513,8,2006-09-16 06:00:00,-44.3,17.7,0.0,27.5595,990.0,1
513,9,2006-09-16 12:00:00,-45.3,18.4,0.0,29.8561,987.0,1
513,10,2006-09-16 18:00:00,-46.2,18.9,0.0,29.8561,986.0,1
513,11,2006-09-17 00:00:00,-47.1,19.4,0.0,32.1527,983.0,1
513,12,2006-09-17 06:00:00,-47.9,19.9,0.0,34.4494,979.0,1
513,13,2006-09-17 12:00:00,-48.4,20.3,0.0,36.746,976.0,1
513,14,2006-09-17 18:00:00,-48.8,20.8,0.0,41.3392,970.0,1
513,15,2006-09-18 00:00:00,-49.1,21.4,0.0,45.9325,962.0,1
513,16,2006-09-18 06:00:00,-49.4,22.0,0.0,48.2291,955.0,1
513,17,2006-09-18 12:00:00,-49.7,22.7,0.0,48.2291,958.0,1
513,18,2006-09-18 18:00:00,-50.4,23.6,0.0,43.6359,962.0,1
513,19,2006-09-19 00:00:00,-51.0,24.0,0.0,43.6359,962.0,1
513,20,2006-09-19 06:00:00,-51.7,24.3,0.0,43.6359,960.0,1
513,21,2006-09-19 12:00:00,-52.5,24.4,0.0,43.6359,958.0,1
513,22,2006-09-19 18:00:00,-53.5,24.4,0.0,41.3392,956.0,1
513,23,2006-09-20 00:00:00,-54.4,24.5,0.0,41.3392,958.0,1
513,24,2006-09-20 06:00:00,-55.2,24.9,0.0,41.3392,958.0,1
513,25,2006-09-20 12:00:00,-56.0,25.4,0.0,41.3392,959.0,1
513,26,2006-09-20 18:00:00,-56.7,25.9,0.0,36.746,960.0,1
513,27,2006-09-21 00:00:00,-57.0,26.8,0.0,36.746,962.0,1
513,28,2006-09-21 06:00:00,-57.0,27.8,0.0,34.4494,964.0,1
513,29,2006-09-21 12:00:00,-57.0,29.0,0.0,34.4494,968.0,1
513,30,2006-09-21 18:00:00,-57.0,30.2,0.0,34.4494,970.0,1
513,31,2006-09-22 00:00:00,-56.6,31.4,0.0,34.4494,970.0,1
513,32,2006-09-22 06:00:00,-55.9,32.5,0.0,32.1527,970.0,1
513,33,2006-09-22 12:00:00,-55.1,33.6,0.0,32.1527,970.0,1
513,34,2006-09-22 18:00:00,-53.7,34.9,0.0,32.1527,968.0,1
513,35,2006-09-23 00:00:00,-51.7,35.7,0.0,34.4494,964.0,1
513,36,2006-09-23 06:00:00,-49.6,36.4,0.0,36.746,962.0,1
513,37,2006-09-23 12:00:00,-47.5,37.1,0.0,36.746,962.0,1
513,38,2006-09-23 18:00:00,-45.4,37.7,0.0,34.4494,963.0,1
513,39,2006-09-24 00:00:00,-43.2,38.6,0.0,32.1527,964.0,1
513,40,2006-09-24 06:00:00,-40.9,39.5,0.0,29.8561,964.0,1
513,41,2006-09-24 12:00:00,-38.2,40.6,0.0,29.8561,964.0,1
513,42,2006-09-24 18:00:00,-35.9,42.0,0.0,29.8561,964.0,1
513,43,2006-09-25 00:00:00,-34.7,43.2,0.0,29.8561,964.0,1
513,44,2006-09-25 06:00:00,-33.3,44.1,0.0,29.8561,966.0,1
513,45,2006-09-25 12:00:00,-31.7,44.7,0.0,27.5595,968.0,1
513,46,2006-09-25 18:00:00,-29.8,44.9,0.0,25.2629,972.0,1
513,47,2006-09-26 00:00:00,-27.6,45.0,0.0,22.9662,977.0,1
513,48,2006-09-26 06:00:00,-25.2,45.5,0.0,22.9662,980.0,1
513,49,2006-09-26 12:00:00,-22.7,46.0,0.0,22.9662,984.0,1
513,50,2006-09-26 18:00:00,-20.1,47.2,0.0,20.6696,986.0,1
513,51,2006-09-27 00:00:00,-17.0,49.0,0.0,20.6696,988.0,1
513,52,2006-09-27 06:00:00,-13.3,51.3,0.0,20.6696,988.0,1
513,53,2006-09-27 12:00:00,-10.1,53.9,0.0,18.373,988.0,1
513,54,2006-09-27 18:00:00,-7.6,56.3,0.0,18.373,988.0,1
514,1,2006-09-28 12:00:00,-54.4,28.0,0.0,18.373,1006.0,1
514,2,2006-09-28 18:00:00,-54.6,28.6,0.0,18.373,1006.0,1
514,3,2006-09-29 00:00:00,-54.9,28.9,0.0,18.373,1006.0,1
514,4,2006-09-29 06:00:00,-55.4,29.0,0.0,18.373,1006.0,1
514,5,2006-09-29 12:00:00,-55.8,29.2,0.0,20.6696,1003.0,1
514,6,2006-09-29 18:00:00,-56.5,29.5,0.0,22.9662,1000.0,1
514,7,2006-09-30 00:00:00,-57.1,29.8,0.0,27.5595,997.0,1
514,8,2006-09-30 06:00:00,-57.7,30.1,0.0,27.5595,995.0,1
514,9,2006-09-30 12:00:00,-58.5,30.6,0.0,29.8561,992.0,1
514,10,2006-09-30 18:00:00,-59.2,31.3,0.0,32.1527,989.0,1
514,11,2006-10-01 00:00:00,-59.8,32.0,0.0,34.4494,987.0,1
514,12,2006-10-01 06:00:00,-60.2,32.8,0.0,34.4494,985.0,1
514,13,2006-10-01 12:00:00,-60.3,33.8,0.0,32.1527,986.0,1
514,14,2006-10-01 18:00:00,-60.3,35.2,0.0,32.1527,987.0,1
514,15,2006-10-02 00:00:00,-59.6,37.2,0.0,29.8561,988.0,1
514,16,2006-10-02 06:00:00,-58.0,39.8,0.0,29.8561,989.0,1
514,17,2006-10-02 12:00:00,-56.2,42.5,0.0,27.5595,990.0,1
514,18,2006-10-02 18:00:00,-53.7,45.5,0.0,25.2629,995.0,1
514,19,2006-10-03 00:00:00,-51.0,47.6,0.0,25.2629,996.0,1
514,20,2006-10-03 06:00:00,-49.0,48.6,0.0,20.6696,998.0,1
515,1,2007-05-06 18:00:00,-73.0,35.0,0.0,18.373,1009.0,1
515,2,2007-05-07 00:00:00,-71.7,34.3,0.0,22.9662,1005.0,1
515,3,2007-05-07 06:00:00,-72.3,33.3,0.0,29.8561,998.0,1
515,4,2007-05-07 12:00:00,-73.1,32.3,0.0,29.8561,998.0,1
515,5,2007-05-07 18:00:00,-74.0,31.5,0.0,29.8561,998.0,1
515,6,2007-05-08 00:00:00,-74.9,31.0,0.0,25.2629,1000.0,1
515,7,2007-05-08 06:00:00,-76.0,30.7,0.0,22.9662,1001.0,1
515,8,2007-05-08 12:00:00,-77.2,30.4,0.0,22.9662,1001.0,1
515,9,2007-05-08 18:00:00,-77.9,30.4,0.0,22.9662,1001.0,1
515,10,2007-05-09 00:00:00,-78.3,30.6,0.0,22.9662,1001.0,1
515,11,2007-05-09 06:00:00,-78.7,30.8,0.0,22.9662,1001.0,1
515,12,2007-05-09 12:00:00,-79.2,30.9,0.0,20.6696,1003.0,1
515,13,2007-05-09 18:00:00,-79.6,30.9,0.0,18.373,1003.0,1
515,14,2007-05-10 00:00:00,-79.8,30.7,0.0,18.373,1003.0,1
516,1,2007-06-01 18:00:00,-85.7,23.6,0.0,18.373,1000.0,1
516,2,2007-06-02 00:00:00,-85.2,24.3,0.0,22.9662,997.0,1
516,3,2007-06-02 06:00:00,-84.6,25.1,0.0,20.6696,998.0,1
516,4,2007-06-02 12:00:00,-83.2,27.0,0.0,18.373,1000.0,1
516,5,2007-06-03 06:00:00,-81.0,32.1,0.0,18.373,994.0,1
516,6,2007-06-03 12:00:00,-80.0,32.8,0.0,18.373,994.0,1
516,7,2007-06-03 18:00:00,-78.4,33.7,0.0,18.373,994.0,1
516,8,2007-06-04 00:00:00,-76.0,35.3,0.0,18.373,992.0,1
516,9,2007-06-04 06:00:00,-74.6,37.2,0.0,18.373,990.0,1
516,10,2007-06-04 12:00:00,-73.2,39.0,0.0,18.373,990.0,1
517,1,2007-07-31 12:00:00,-64.2,39.1,0.0,20.6696,999.0,1
517,2,2007-07-31 18:00:00,-62.3,40.7,0.0,20.6696,999.0,1
517,3,2007-08-01 00:00:00,-60.0,42.5,0.0,20.6696,994.0,1
517,4,2007-08-01 06:00:00,-57.5,44.0,0.0,20.6696,992.0,1
517,5,2007-08-01 12:00:00,-54.5,46.0,0.0,25.2629,990.0,1
517,6,2007-08-01 18:00:00,-49.5,49.0,0.0,27.5595,988.0,1
517,7,2007-08-02 00:00:00,-43.0,53.0,0.0,27.5595,985.0,1
517,8,2007-08-02 06:00:00,-38.5,55.5,0.0,22.9662,975.0,1
517,9,2007-08-02 12:00:00,-35.4,57.5,0.0,22.9662,970.0,1
517,10,2007-08-02 18:00:00,-33.9,58.6,0.0,25.2629,967.0,1
517,11,2007-08-03 00:00:00,-32.1,58.9,0.0,27.5595,964.0,1
517,12,2007-08-03 06:00:00,-30.4,58.9,0.0,27.5595,964.0,1
517,13,2007-08-03 12:00:00,-28.0,58.9,0.0,27.5595,964.0,1
517,14,2007-08-03 18:00:00,-25.2,58.9,0.0,25.2629,967.0,1
517,15,2007-08-04 00:00:00,-22.6,59.1,0.0,25.2629,967.0,1
517,16,2007-08-04 06:00:00,-19.1,59.5,0.0,22.9662,970.0,1
517,17,2007-08-04 12:00:00,-16.3,60.7,0.0,22.9662,975.0,1
517,18,2007-08-04 18:00:00,-14.0,61.7,0.0,20.6696,978.0,1
517,19,2007-08-05 00:00:00,-12.0,62.7,0.0,20.6696,980.0,1
517,20,2007-08-05 06:00:00,-9.5,64.0,0.0,20.6696,982.0,1
518,1,2007-08-14 18:00:00,-40.1,11.8,0.0,18.373,1002.0,1
518,2,2007-08-15 00:00:00,-41.7,11.9,0.0,22.9662,997.0,1
518,3,2007-08-15 06:00:00,-43.4,12.0,0.0,22.9662,997.0,1
518,4,2007-08-15 12:00:00,-45.1,12.3,0.0,22.9662,997.0,1
518,5,2007-08-15 18:00:00,-47.0,12.8,0.0,25.2629,994.0,1
518,6,2007-08-16 00:00:00,-49.2,13.0,0.0,27.5595,991.0,1
518,7,2007-08-16 06:00:00,-51.3,13.2,0.0,32.1527,984.0,1
518,8,2007-08-16 12:00:00,-53.3,13.5,0.0,36.746,972.0,1
518,9,2007-08-16 18:00:00,-55.5,13.8,0.0,36.746,972.0,1
518,10,2007-08-17 00:00:00,-57.7,14.0,0.0,36.746,976.0,1
518,11,2007-08-17 06:00:00,-59.8,14.2,0.0,36.746,975.0,1
518,12,2007-08-17 12:00:00,-61.7,14.4,0.0,41.3392,967.0,1
518,13,2007-08-17 18:00:00,-63.5,14.8,0.0,50.5258,961.0,1
518,14,2007-08-18 00:00:00,-65.1,14.9,0.0,57.4156,944.0,1
518,15,2007-08-18 06:00:00,-66.6,15.0,0.0,66.6021,929.0,1
518,16,2007-08-18 12:00:00,-68.0,15.4,0.0,66.6021,923.0,1
518,17,2007-08-18 18:00:00,-69.5,15.9,0.0,59.7122,930.0,1
518,18,2007-08-19 00:00:00,-71.0,16.1,0.0,55.119,920.0,1
518,19,2007-08-19 06:00:00,-72.6,16.4,0.0,55.119,921.0,1
518,20,2007-08-19 12:00:00,-74.3,16.8,0.0,57.4156,923.0,1
518,21,2007-08-19 18:00:00,-76.0,17.1,0.0,57.4156,930.0,1
518,22,2007-08-20 00:00:00,-77.8,17.5,0.0,57.4156,926.0,1
518,23,2007-08-20 06:00:00,-79.8,17.6,0.0,59.7122,926.0,1
518,24,2007-08-20 12:00:00,-81.5,17.8,0.0,59.7122,926.0,1
518,25,2007-08-20 18:00:00,-83.3,18.0,0.0,62.0089,924.0,1
518,26,2007-08-21 00:00:00,-85.1,18.2,0.0,66.6021,914.0,1
518,27,2007-08-21 06:00:00,-86.9,18.6,0.0,68.8987,907.0,1
518,28,2007-08-21 12:00:00,-88.7,18.9,0.0,50.5258,935.0,1
518,29,2007-08-21 18:00:00,-90.5,19.2,0.0,34.4494,960.0,1
518,30,2007-08-22 00:00:00,-92.2,19.7,0.0,29.8561,979.0,1
518,31,2007-08-22 06:00:00,-94.0,20.1,0.0,32.1527,979.0,1
518,32,2007-08-22 12:00:00,-95.5,20.5,0.0,36.746,976.0,1
518,33,2007-08-22 18:00:00,-97.3,20.5,0.0,34.4494,974.0,1
519,1,2007-08-19 06:00:00,-98.8,35.6,0.0,22.9662,995.0,1
520,1,2007-09-01 06:00:00,-61.1,12.1,0.0,18.373,1005.0,1
520,2,2007-09-01 12:00:00,-62.8,12.2,0.0,22.9662,1001.0,1
520,3,2007-09-01 18:00:00,-64.5,12.4,0.0,27.5595,999.0,1
520,4,2007-09-02 00:00:00,-66.1,12.6,0.0,29.8561,992.0,1
520,5,2007-09-02 06:00:00,-67.8,12.7,0.0,39.0426,985.0,1
520,6,2007-09-02 12:00:00,-69.4,13.0,0.0,41.3392,980.0,1
520,7,2007-09-02 18:00:00,-71.1,13.4,0.0,52.8224,962.0,1
520,8,2007-09-03 00:00:00,-73.0,13.8,0.0,68.8987,935.0,1
520,9,2007-09-03 06:00:00,-75.0,14.0,0.0,68.8987,930.0,1
520,10,2007-09-03 12:00:00,-76.9,14.2,0.0,64.3055,937.0,1
520,11,2007-09-03 18:00:00,-78.7,14.3,0.0,52.8224,951.0,1
520,12,2007-09-04 00:00:00,-80.4,14.4,0.0,52.8224,950.0,1
520,13,2007-09-04 06:00:00,-81.9,14.3,0.0,62.0089,939.0,1
520,14,2007-09-04 12:00:00,-83.2,14.3,0.0,64.3055,934.0,1
520,15,2007-09-04 18:00:00,-84.4,14.3,0.0,39.0426,962.0,1
520,16,2007-09-05 00:00:00,-85.4,14.6,0.0,22.9662,982.0,1
521,1,2007-09-08 00:00:00,-71.8,30.1,0.0,18.373,1011.0,1
521,2,2007-09-08 06:00:00,-72.8,30.5,0.0,18.373,1010.0,1
521,3,2007-09-09 00:00:00,-75.4,32.6,0.0,18.373,1007.0,1
521,4,2007-09-09 06:00:00,-76.0,33.5,0.0,20.6696,1004.0,1
521,5,2007-09-09 12:00:00,-76.4,34.3,0.0,22.9662,1004.0,1
521,6,2007-09-09 18:00:00,-76.3,35.2,0.0,20.6696,1006.0,1
521,7,2007-09-10 00:00:00,-75.8,36.0,0.0,18.373,1007.0,1
522,1,2007-09-14 12:00:00,-49.9,15.3,0.0,18.373,1004.0,1
522,2,2007-09-14 18:00:00,-50.5,15.6,0.0,18.373,1004.0,1
523,1,2007-09-12 18:00:00,-95.0,28.3,0.0,20.6696,1001.0,1
523,2,2007-09-13 00:00:00,-94.8,28.8,0.0,25.2629,997.0,1
523,3,2007-09-13 06:00:00,-94.4,29.5,0.0,36.746,985.0,1
523,4,2007-09-13 12:00:00,-93.6,30.3,0.0,29.8561,989.0,1
524,1,2007-09-26 00:00:00,-40.4,10.9,0.0,18.373,1003.0,1
524,2,2007-09-26 06:00:00,-41.5,11.2,0.0,22.9662,997.0,1
524,3,2007-09-26 12:00:00,-42.4,11.7,0.0,29.8561,988.0,1
524,4,2007-09-26 18:00:00,-43.3,12.3,0.0,29.8561,990.0,1
524,5,2007-09-27 00:00:00,-44.6,12.8,0.0,27.5595,995.0,1
524,6,2007-09-27 06:00:00,-45.7,13.2,0.0,25.2629,998.0,1
524,7,2007-09-27 12:00:00,-46.8,13.5,0.0,25.2629,1002.0,1
524,8,2007-09-27 18:00:00,-47.9,14.1,0.0,22.9662,1005.0,1
524,9,2007-09-28 00:00:00,-48.8,14.1,0.0,22.9662,1005.0,1
524,10,2007-09-28 06:00:00,-49.0,14.3,0.0,18.373,1007.0,1
525,1,2007-09-27 12:00:00,-95.1,20.6,0.0,20.6696,1006.0,1
525,2,2007-09-27 18:00:00,-95.7,20.5,0.0,27.5595,1001.0,1
525,3,2007-09-28 00:00:00,-96.3,20.5,0.0,32.1527,990.0,1
525,4,2007-09-28 06:00:00,-97.1,20.5,0.0,29.8561,993.0,1
526,1,2007-10-16 18:00:00,-31.8,40.8,0.0,18.373,996.0,1
526,2,2007-10-17 00:00:00,-30.1,41.9,0.0,20.6696,996.0,1
526,3,2007-10-17 06:00:00,-28.4,43.7,0.0,20.6696,997.0,1
526,4,2007-10-17 12:00:00,-26.7,45.8,0.0,20.6696,998.0,1
526,5,2007-10-17 18:00:00,-25.2,48.7,0.0,18.373,999.0,1
527,1,2007-10-28 12:00:00,-71.6,16.3,0.0,18.373,999.0,1
527,2,2007-10-28 18:00:00,-71.8,16.6,0.0,22.9662,996.0,1
527,3,2007-10-29 00:00:00,-72.1,17.1,0.0,22.9662,999.0,1
527,4,2007-10-29 06:00:00,-72.4,18.0,0.0,20.6696,1002.0,1
527,5,2007-10-29 12:00:00,-72.9,19.2,0.0,18.373,1002.0,1
527,6,2007-10-29 18:00:00,-73.6,20.2,0.0,20.6696,1001.0,1
527,7,2007-10-30 00:00:00,-74.6,21.0,0.0,20.6696,999.0,1
527,8,2007-10-30 06:00:00,-75.8,21.1,0.0,22.9662,997.0,1
527,9,2007-10-30 12:00:00,-76.8,20.8,0.0,18.373,999.0,1
527,10,2007-10-31 12:00:00,-78.3,22.5,0.0,20.6696,995.0,1
527,11,2007-10-31 18:00:00,-78.8,22.6,0.0,20.6696,995.0,1
527,12,2007-11-01 00:00:00,-78.6,22.9,0.0,22.9662,995.0,1
527,13,2007-11-01 06:00:00,-78.3,23.4,0.0,22.9662,993.0,1
527,14,2007-11-01 12:00:00,-78.0,23.9,0.0,22.9662,993.0,1
527,15,2007-11-01 18:00:00,-77.3,25.1,0.0,25.2629,992.0,1
527,16,2007-11-02 00:00:00,-76.5,26.4,0.0,32.1527,981.0,1
527,17,2007-11-02 06:00:00,-75.6,27.7,0.0,32.1527,981.0,1
527,18,2007-11-02 12:00:00,-74.4,28.7,0.0,32.1527,981.0,1
527,19,2007-11-02 18:00:00,-73.3,30.3,0.0,32.1527,980.0,1
527,20,2007-11-03 00:00:00,-72.4,32.3,0.0,32.1527,980.0,1
527,21,2007-11-03 06:00:00,-71.7,34.3,0.0,32.1527,980.0,1
527,22,2007-11-03 12:00:00,-70.9,36.4,0.0,34.4494,974.0,1
527,23,2007-11-03 18:00:00,-69.7,38.8,0.0,34.4494,970.0,1
527,24,2007-11-04 00:00:00,-68.2,41.1,0.0,32.1527,968.0,1
527,25,2007-11-04 06:00:00,-66.2,43.6,0.0,29.8561,965.0,1
527,26,2007-11-04 12:00:00,-64.3,47.5,0.0,27.5595,966.0,1
527,27,2007-11-04 18:00:00,-62.2,51.2,0.0,27.5595,966.0,1
527,28,2007-11-05 00:00:00,-59.6,54.8,0.0,27.5595,967.0,1
527,29,2007-11-05 06:00:00,-57.6,57.9,0.0,25.2629,967.0,1
527,30,2007-11-05 12:00:00,-55.4,60.4,0.0,25.2629,968.0,1
527,31,2007-11-05 18:00:00,-53.3,62.3,0.0,25.2629,974.0,1
527,32,2007-11-06 00:00:00,-50.4,64.2,0.0,20.6696,983.0,1
528,1,2007-12-11 06:00:00,-66.3,18.5,0.0,18.373,1005.0,1
528,2,2007-12-11 12:00:00,-67.4,18.3,0.0,20.6696,1004.0,1
528,3,2007-12-11 18:00:00,-68.4,18.5,0.0,22.9662,1003.0,1
528,4,2007-12-12 00:00:00,-70.0,19.0,0.0,22.9662,1003.0,1
528,5,2007-12-12 06:00:00,-71.9,19.1,0.0,18.373,1005.0,1
529,1,2008-05-31 06:00:00,-88.0,17.8,0.0,18.373,1004.0,1
530,1,2008-07-04 00:00:00,-26.5,13.4,0.0,18.373,1006.0,1
530,2,2008-07-04 06:00:00,-27.8,14.0,0.0,18.373,1003.0,1
530,3,2008-07-04 12:00:00,-29.2,14.8,0.0,20.6696,1000.0,1
530,4,2008-07-04 18:00:00,-30.8,15.4,0.0,20.6696,1000.0,1
530,5,2008-07-05 00:00:00,-32.6,15.8,0.0,20.6696,1000.0,1
530,6,2008-07-05 06:00:00,-34.4,16.3,0.0,20.6696,1000.0,1
530,7,2008-07-05 12:00:00,-36.4,16.4,0.0,20.6696,1000.0,1
530,8,2008-07-05 18:00:00,-38.4,16.6,0.0,20.6696,1000.0,1
530,9,2008-07-06 00:00:00,-40.3,16.8,0.0,20.6696,1000.0,1
530,10,2008-07-06 06:00:00,-42.3,17.0,0.0,20.6696,1000.0,1
530,11,2008-07-06 12:00:00,-44.3,17.6,0.0,20.6696,1000.0,1
530,12,2008-07-06 18:00:00,-46.2,18.4,0.0,20.6696,1000.0,1
530,13,2008-07-07 00:00:00,-47.9,18.8,0.0,25.2629,994.0,1
530,14,2008-07-07 06:00:00,-49.4,19.1,0.0,29.8561,987.0,1
530,15,2008-07-07 12:00:00,-50.7,19.4,0.0,36.746,975.0,1
530,16,2008-07-07 18:00:00,-51.6,19.9,0.0,45.9325,960.0,1
530,17,2008-07-08 00:00:00,-52.2,20.6,0.0,48.2291,955.0,1
530,18,2008-07-08 06:00:00,-52.9,21.1,0.0,48.2291,955.0,1
530,19,2008-07-08 12:00:00,-53.5,21.8,0.0,41.3392,970.0,1
530,20,2008-07-08 18:00:00,-54.4,22.4,0.0,34.4494,980.0,1
530,21,2008-07-09 00:00:00,-55.2,22.7,0.0,32.1527,985.0,1
530,22,2008-07-09 06:00:00,-56.1,23.2,0.0,29.8561,987.0,1
530,23,2008-07-09 12:00:00,-57.0,23.8,0.0,29.8561,987.0,1
530,24,2008-07-09 18:00:00,-57.8,24.5,0.0,39.0426,974.0,1
530,25,2008-07-10 00:00:00,-58.6,25.2,0.0,41.3392,970.0,1
530,26,2008-07-10 06:00:00,-59.1,25.7,0.0,41.3392,970.0,1
530,27,2008-07-10 12:00:00,-59.8,26.3,0.0,36.746,977.0,1
530,28,2008-07-10 18:00:00,-60.5,26.9,0.0,34.4494,980.0,1
530,29,2008-07-11 00:00:00,-61.0,27.4,0.0,34.4494,980.0,1
530,30,2008-07-11 06:00:00,-61.5,27.8,0.0,34.4494,980.0,1
530,31,2008-07-11 12:00:00,-61.8,28.3,0.0,34.4494,980.0,1
530,32,2008-07-11 18:00:00,-62.1,28.8,0.0,36.746,976.0,1
530,33,2008-07-12 00:00:00,-62.3,29.3,0.0,36.746,976.0,1
530,34,2008-07-12 06:00:00,-62.5,29.5,0.0,36.746,976.0,1
530,35,2008-07-12 12:00:00,-62.5,29.7,0.0,34.4494,976.0,1
530,36,2008-07-12 18:00:00,-62.5,29.9,0.0,29.8561,983.0,1
530,37,2008-07-13 00:00:00,-62.4,29.9,0.0,29.8561,984.0,1
530,38,2008-07-13 06:00:00,-62.5,29.8,0.0,29.8561,985.0,1
530,39,2008-07-13 12:00:00,-62.7,29.9,0.0,27.5595,988.0,1
530,40,2008-07-13 18:00:00,-62.9,30.1,0.0,25.2629,991.0,1
530,41,2008-07-14 00:00:00,-63.1,30.5,0.0,25.2629,990.0,1
530,42,2008-07-14 06:00:00,-63.5,31.0,0.0,25.2629,990.0,1
530,43,2008-07-14 12:00:00,-63.8,31.6,0.0,25.2629,994.0,1
530,44,2008-07-14 18:00:00,-64.1,32.5,0.0,27.5595,995.0,1
530,45,2008-07-15 00:00:00,-63.8,33.5,0.0,27.5595,995.0,1
530,46,2008-07-15 06:00:00,-63.5,34.3,0.0,27.5595,995.0,1
530,47,2008-07-15 12:00:00,-63.0,35.3,0.0,27.5595,995.0,1
530,48,2008-07-15 18:00:00,-62.5,36.2,0.0,27.5595,995.0,1
530,49,2008-07-16 00:00:00,-61.8,36.7,0.0,27.5595,995.0,1
530,50,2008-07-16 06:00:00,-61.3,36.8,0.0,27.5595,995.0,1
530,51,2008-07-16 12:00:00,-60.9,36.8,0.0,27.5595,995.0,1
530,52,2008-07-16 18:00:00,-60.7,36.3,0.0,27.5595,995.0,1
530,53,2008-07-17 00:00:00,-60.3,35.7,0.0,25.2629,996.0,1
530,54,2008-07-17 06:00:00,-59.7,34.9,0.0,22.9662,997.0,1
530,55,2008-07-17 12:00:00,-58.9,34.3,0.0,22.9662,997.0,1
530,56,2008-07-17 18:00:00,-57.8,33.9,0.0,22.9662,997.0,1
530,57,2008-07-18 00:00:00,-56.0,33.7,0.0,22.9662,997.0,1
530,58,2008-07-18 06:00:00,-54.4,34.4,0.0,25.2629,995.0,1
530,59,2008-07-18 12:00:00,-53.0,35.5,0.0,25.2629,995.0,1
530,60,2008-07-18 18:00:00,-51.5,36.9,0.0,29.8561,989.0,1
530,61,2008-07-19 00:00:00,-49.7,38.6,0.0,29.8561,989.0,1
530,62,2008-07-19 06:00:00,-48.0,40.4,0.0,29.8561,989.0,1
530,63,2008-07-19 12:00:00,-46.3,42.1,0.0,29.8561,989.0,1
530,64,2008-07-19 18:00:00,-44.3,43.7,0.0,29.8561,989.0,1
530,65,2008-07-20 00:00:00,-42.4,45.3,0.0,27.5595,990.0,1
530,66,2008-07-20 06:00:00,-40.0,47.6,0.0,27.5595,985.0,1
530,67,2008-07-20 12:00:00,-37.0,50.0,0.0,27.5595,985.0,1
530,68,2008-07-20 18:00:00,-34.0,53.0,0.0,25.2629,990.0,1
530,69,2008-07-21 00:00:00,-31.0,55.1,0.0,22.9662,990.0,1
530,70,2008-07-21 06:00:00,-27.0,58.5,0.0,20.6696,990.0,1
531,1,2008-07-19 18:00:00,-78.2,32.8,0.0,20.6696,1006.0,1
531,2,2008-07-20 00:00:00,-77.8,33.2,0.0,20.6696,1006.0,1
531,3,2008-07-20 06:00:00,-77.4,33.7,0.0,20.6696,1006.0,1
531,4,2008-07-20 12:00:00,-76.7,34.1,0.0,20.6696,1006.0,1
531,5,2008-07-20 18:00:00,-76.1,34.5,0.0,20.6696,1007.0,1
531,6,2008-07-21 00:00:00,-75.4,34.9,0.0,20.6696,1005.0,1
531,7,2008-07-21 06:00:00,-74.3,35.6,0.0,22.9662,1004.0,1
531,8,2008-07-21 12:00:00,-73.2,36.2,0.0,25.2629,1000.0,1
531,9,2008-07-21 18:00:00,-72.0,36.8,0.0,25.2629,1000.0,1
531,10,2008-07-22 00:00:00,-70.7,37.4,0.0,25.2629,1000.0,1
531,11,2008-07-22 06:00:00,-69.2,38.4,0.0,25.2629,1000.0,1
531,12,2008-07-22 12:00:00,-67.0,40.0,0.0,25.2629,998.0,1
531,13,2008-07-22 18:00:00,-64.2,41.7,0.0,22.9662,1000.0,1
531,14,2008-07-23 00:00:00,-60.7,43.3,0.0,20.6696,1001.0,1
531,15,2008-07-23 06:00:00,-57.5,44.4,0.0,18.373,1004.0,1
532,1,2008-07-20 12:00:00,-83.6,17.8,0.0,18.373,1008.0,1
532,2,2008-07-20 18:00:00,-84.6,18.6,0.0,18.373,1008.0,1
532,3,2008-07-21 00:00:00,-85.8,19.8,0.0,20.6696,1007.0,1
532,4,2008-07-21 06:00:00,-87.2,20.9,0.0,20.6696,1007.0,1
532,5,2008-07-21 12:00:00,-88.8,21.8,0.0,20.6696,1005.0,1
532,6,2008-07-21 18:00:00,-90.4,22.8,0.0,20.6696,1005.0,1
532,7,2008-07-22 00:00:00,-92.0,23.0,0.0,20.6696,1000.0,1
532,8,2008-07-22 06:00:00,-93.3,23.2,0.0,20.6696,999.0,1
532,9,2008-07-22 12:00:00,-94.1,23.7,0.0,25.2629,993.0,1
532,10,2008-07-22 18:00:00,-94.9,24.3,0.0,27.5595,990.0,1
532,11,2008-07-23 00:00:00,-95.7,24.9,0.0,29.8561,982.0,1
532,12,2008-07-23 06:00:00,-96.2,25.4,0.0,32.1527,982.0,1
532,13,2008-07-23 12:00:00,-96.7,25.9,0.0,39.0426,967.0,1
532,14,2008-07-23 18:00:00,-97.2,26.4,0.0,34.4494,967.0,1
532,15,2008-07-23 18:20:00,-97.2,26.4,0.0,34.4494,967.0,1
532,16,2008-07-24 00:00:00,-97.8,26.5,0.0,29.8561,976.0,1
532,17,2008-07-24 06:00:00,-98.3,26.7,0.0,25.2629,986.0,1
532,18,2008-07-24 12:00:00,-98.9,27.2,0.0,20.6696,992.0,1
533,1,2008-08-04 00:00:00,-88.5,28.1,0.0,20.6696,1002.0,1
533,2,2008-08-04 06:00:00,-89.6,28.1,0.0,18.373,1005.0,1
533,3,2008-08-04 12:00:00,-90.3,28.1,0.0,18.373,1002.0,1
533,4,2008-08-04 18:00:00,-91.0,28.3,0.0,18.373,1001.0,1
533,5,2008-08-05 00:00:00,-91.7,28.5,0.0,22.9662,999.0,1
533,6,2008-08-05 06:00:00,-92.9,29.0,0.0,25.2629,997.0,1
533,7,2008-08-05 12:00:00,-94.2,29.6,0.0,25.2629,996.0,1
533,8,2008-08-05 18:00:00,-94.8,30.0,0.0,18.373,999.0,1
534,1,2008-08-16 00:00:00,-70.2,18.6,0.0,18.373,1008.0,1
534,2,2008-08-16 06:00:00,-71.4,18.7,0.0,18.373,1008.0,1
534,3,2008-08-16 12:00:00,-72.9,18.8,0.0,18.373,1007.0,1
534,4,2008-08-16 18:00:00,-74.6,19.1,0.0,18.373,1007.0,1
534,5,2008-08-17 00:00:00,-75.7,19.3,0.0,20.6696,1005.0,1
534,6,2008-08-17 06:00:00,-76.9,19.6,0.0,20.6696,1004.0,1
534,7,2008-08-17 12:00:00,-78.1,20.0,0.0,20.6696,1003.0,1
534,8,2008-08-17 18:00:00,-79.6,20.7,0.0,20.6696,1006.0,1
534,9,2008-08-18 00:00:00,-80.3,21.1,0.0,20.6696,1001.0,1
534,10,2008-08-18 06:00:00,-80.8,21.9,0.0,20.6696,1003.0,1
534,11,2008-08-18 12:00:00,-81.2,23.2,0.0,22.9662,1002.0,1
534,12,2008-08-18 18:00:00,-81.7,24.3,0.0,22.9662,1000.0,1
534,13,2008-08-19 00:00:00,-81.9,25.0,0.0,22.9662,997.0,1
534,14,2008-08-19 06:00:00,-81.8,25.5,0.0,25.2629,994.0,1
534,15,2008-08-19 12:00:00,-81.4,26.4,0.0,25.2629,988.0,1
534,16,2008-08-19 18:00:00,-81.1,27.0,0.0,27.5595,986.0,1
534,17,2008-08-20 00:00:00,-80.9,27.5,0.0,25.2629,988.0,1
534,18,2008-08-20 06:00:00,-80.6,28.0,0.0,22.9662,992.0,1
534,19,2008-08-20 12:00:00,-80.6,28.4,0.0,20.6696,994.0,1
534,20,2008-08-20 18:00:00,-80.6,28.7,0.0,20.6696,997.0,1
534,21,2008-08-21 00:00:00,-80.5,28.9,0.0,22.9662,993.0,1
534,22,2008-08-21 06:00:00,-80.7,29.1,0.0,22.9662,993.0,1
534,23,2008-08-21 12:00:00,-80.7,29.2,0.0,22.9662,993.0,1
534,24,2008-08-21 18:00:00,-81.0,29.3,0.0,25.2629,993.0,1
534,25,2008-08-22 00:00:00,-81.2,29.3,0.0,22.9662,994.0,1
534,26,2008-08-22 06:00:00,-81.9,29.5,0.0,22.9662,995.0,1
534,27,2008-08-22 12:00:00,-82.4,29.6,0.0,20.6696,996.0,1
534,28,2008-08-22 18:00:00,-83.0,29.8,0.0,18.373,997.0,1
534,29,2008-08-23 00:00:00,-83.8,29.7,0.0,20.6696,996.0,1
534,30,2008-08-23 06:00:00,-84.7,29.8,0.0,20.6696,997.0,1
534,31,2008-08-23 06:15:00,-84.7,29.8,0.0,20.6696,997.0,1
534,32,2008-08-23 12:00:00,-85.2,30.0,0.0,18.373,998.0,1
534,33,2008-08-23 18:00:00,-85.9,30.5,0.0,18.373,999.0,1
535,1,2008-08-25 18:00:00,-70.5,15.8,0.0,22.9662,996.0,1
535,2,2008-08-26 00:00:00,-71.2,16.4,0.0,27.5595,991.0,1
535,3,2008-08-26 06:00:00,-71.7,16.9,0.0,34.4494,986.0,1
535,4,2008-08-26 12:00:00,-72.1,17.5,0.0,36.746,981.0,1
535,5,2008-08-26 18:00:00,-72.8,18.1,0.0,32.1527,992.0,1
535,6,2008-08-27 00:00:00,-73.1,18.4,0.0,22.9662,995.0,1
535,7,2008-08-27 06:00:00,-73.4,18.6,0.0,20.6696,999.0,1
535,8,2008-08-27 12:00:00,-73.7,18.7,0.0,20.6696,998.0,1
535,9,2008-08-27 18:00:00,-74.0,18.9,0.0,20.6696,999.0,1
535,10,2008-08-28 00:00:00,-75.1,18.8,0.0,18.373,999.0,1
535,11,2008-08-28 06:00:00,-75.4,18.1,0.0,20.6696,995.0,1
535,12,2008-08-28 12:00:00,-75.7,17.9,0.0,27.5595,984.0,1
535,13,2008-08-28 18:00:00,-76.2,18.0,0.0,27.5595,984.0,1
535,14,2008-08-29 00:00:00,-77.0,17.8,0.0,27.5595,987.0,1
535,15,2008-08-29 06:00:00,-77.7,18.0,0.0,25.2629,990.0,1
535,16,2008-08-29 12:00:00,-78.4,18.3,0.0,22.9662,989.0,1
535,17,2008-08-29 18:00:00,-79.2,18.8,0.0,29.8561,984.0,1
535,18,2008-08-30 00:00:00,-80.0,19.2,0.0,34.4494,975.0,1
535,19,2008-08-30 06:00:00,-80.8,19.7,0.0,39.0426,968.0,1
535,20,2008-08-30 12:00:00,-81.6,20.7,0.0,50.5258,955.0,1
535,21,2008-08-30 18:00:00,-82.5,21.6,0.0,57.4156,943.0,1
535,22,2008-08-31 00:00:00,-83.5,22.7,0.0,55.119,950.0,1
535,23,2008-08-31 06:00:00,-84.4,23.6,0.0,48.2291,960.0,1
535,24,2008-08-31 12:00:00,-85.5,24.8,0.0,45.9325,961.0,1
535,25,2008-08-31 18:00:00,-86.7,25.9,0.0,43.6359,960.0,1
535,26,2008-09-01 00:00:00,-87.7,26.9,0.0,43.6359,953.0,1
535,27,2008-09-01 06:00:00,-89.0,27.9,0.0,43.6359,954.0,1
535,28,2008-09-01 12:00:00,-90.3,28.8,0.0,43.6359,955.0,1
535,29,2008-09-01 18:00:00,-91.4,29.8,0.0,39.0426,958.0,1
535,30,2008-09-02 00:00:00,-92.3,30.7,0.0,27.5595,971.0,1
535,31,2008-09-02 06:00:00,-93.1,31.4,0.0,18.373,981.0,1
536,1,2008-08-29 00:00:00,-60.5,20.8,0.0,18.373,1001.0,1
536,2,2008-08-29 06:00:00,-61.5,20.9,0.0,20.6696,1000.0,1
536,3,2008-08-29 12:00:00,-62.4,21.1,0.0,20.6696,1000.0,1
536,4,2008-08-29 18:00:00,-63.4,21.5,0.0,20.6696,1000.0,1
536,5,2008-08-30 00:00:00,-64.5,21.7,0.0,20.6696,1000.0,1
536,6,2008-08-30 06:00:00,-65.5,21.8,0.0,20.6696,1000.0,1
536,7,2008-08-30 12:00:00,-66.2,21.9,0.0,20.6696,1000.0,1
536,8,2008-08-30 18:00:00,-66.9,22.2,0.0,20.6696,1000.0,1
536,9,2008-08-31 00:00:00,-67.5,22.6,0.0,22.9662,999.0,1
536,10,2008-08-31 06:00:00,-68.5,23.1,0.0,20.6696,999.0,1
536,11,2008-08-31 12:00:00,-69.8,23.5,0.0,18.373,999.0,1
536,12,2008-08-31 18:00:00,-71.0,23.6,0.0,18.373,997.0,1
536,13,2008-09-01 00:00:00,-71.7,23.5,0.0,20.6696,997.0,1
536,14,2008-09-01 06:00:00,-72.0,23.2,0.0,22.9662,996.0,1
536,15,2008-09-01 12:00:00,-72.2,22.8,0.0,27.5595,990.0,1
536,16,2008-09-01 18:00:00,-72.4,22.3,0.0,32.1527,985.0,1
536,17,2008-09-02 00:00:00,-72.3,21.8,0.0,34.4494,977.0,1
536,18,2008-09-02 06:00:00,-72.7,21.4,0.0,29.8561,980.0,1
536,19,2008-09-02 12:00:00,-73.0,21.0,0.0,27.5595,983.0,1
536,20,2008-09-02 18:00:00,-72.9,20.6,0.0,25.2629,985.0,1
536,21,2008-09-03 00:00:00,-72.6,20.4,0.0,25.2629,988.0,1
536,22,2008-09-03 06:00:00,-72.4,20.2,0.0,22.9662,991.0,1
536,23,2008-09-03 12:00:00,-71.9,20.6,0.0,20.6696,996.0,1
536,24,2008-09-03 18:00:00,-71.8,21.6,0.0,22.9662,994.0,1
536,25,2008-09-04 00:00:00,-71.8,22.7,0.0,25.2629,989.0,1
536,26,2008-09-04 06:00:00,-72.4,23.4,0.0,27.5595,990.0,1
536,27,2008-09-04 12:00:00,-73.2,24.1,0.0,25.2629,989.0,1
536,28,2008-09-04 18:00:00,-74.3,25.1,0.0,25.2629,989.0,1
536,29,2008-09-05 00:00:00,-75.8,26.1,0.0,25.2629,987.0,1
536,30,2008-09-05 06:00:00,-77.3,27.2,0.0,25.2629,984.0,1
536,31,2008-09-05 12:00:00,-78.5,28.2,0.0,25.2629,980.0,1
536,32,2008-09-05 18:00:00,-78.7,29.9,0.0,27.5595,980.0,1
536,33,2008-09-06 00:00:00,-79.3,31.5,0.0,27.5595,980.0,1
536,34,2008-09-06 06:00:00,-78.8,33.4,0.0,27.5595,981.0,1
536,35,2008-09-06 12:00:00,-78.1,35.7,0.0,20.6696,985.0,1
536,36,2008-09-06 18:00:00,-76.7,37.8,0.0,20.6696,993.0,1
536,37,2008-09-07 00:00:00,-74.5,40.0,0.0,20.6696,994.0,1
536,38,2008-09-07 06:00:00,-71.7,41.9,0.0,20.6696,995.0,1
536,39,2008-09-07 12:00:00,-68.0,43.8,0.0,20.6696,995.0,1
536,40,2008-09-07 18:00:00,-63.7,45.7,0.0,20.6696,995.0,1
536,41,2008-09-08 00:00:00,-59.1,47.0,0.0,18.373,996.0,1
536,42,2008-09-08 06:00:00,-55.4,47.5,0.0,18.373,996.0,1
537,1,2008-09-01 18:00:00,-39.9,17.5,0.0,20.6696,1003.0,1
537,2,2008-09-02 00:00:00,-41.3,17.8,0.0,20.6696,1002.0,1
537,3,2008-09-02 06:00:00,-42.8,18.2,0.0,20.6696,1000.0,1
537,4,2008-09-02 12:00:00,-44.3,18.7,0.0,22.9662,999.0,1
537,5,2008-09-02 18:00:00,-45.8,19.3,0.0,25.2629,996.0,1
537,6,2008-09-03 00:00:00,-47.3,19.8,0.0,25.2629,994.0,1
537,7,2008-09-03 06:00:00,-48.8,20.2,0.0,25.2629,992.0,1
537,8,2008-09-03 12:00:00,-50.3,20.6,0.0,27.5595,989.0,1
537,9,2008-09-03 18:00:00,-51.9,21.1,0.0,34.4494,979.0,1
537,10,2008-09-04 00:00:00,-53.5,21.8,0.0,48.2291,956.0,1
537,11,2008-09-04 06:00:00,-55.0,22.4,0.0,57.4156,935.0,1
537,12,2008-09-04 12:00:00,-56.4,23.0,0.0,55.119,937.0,1
537,13,2008-09-04 18:00:00,-57.7,23.4,0.0,52.8224,940.0,1
537,14,2008-09-05 00:00:00,-59.0,23.6,0.0,52.8224,944.0,1
537,15,2008-09-05 06:00:00,-60.4,23.6,0.0,52.8224,949.0,1
537,16,2008-09-05 12:00:00,-61.9,23.5,0.0,48.2291,954.0,1
537,17,2008-09-05 18:00:00,-63.4,23.2,0.0,45.9325,959.0,1
537,18,2008-09-06 00:00:00,-64.9,22.8,0.0,45.9325,962.0,1
537,19,2008-09-06 06:00:00,-66.3,22.4,0.0,45.9325,964.0,1
537,20,2008-09-06 12:00:00,-67.7,21.9,0.0,43.6359,965.0,1
537,21,2008-09-06 18:00:00,-69.0,21.5,0.0,52.8224,950.0,1
537,22,2008-09-07 00:00:00,-70.3,21.2,0.0,52.8224,947.0,1
537,23,2008-09-07 06:00:00,-71.6,21.1,0.0,52.8224,947.0,1
537,24,2008-09-07 12:00:00,-72.8,21.0,0.0,50.5258,947.0,1
537,25,2008-09-07 18:00:00,-74.0,21.0,0.0,48.2291,946.0,1
537,26,2008-09-08 00:00:00,-75.2,21.1,0.0,52.8224,945.0,1
537,27,2008-09-08 06:00:00,-76.5,21.1,0.0,45.9325,950.0,1
537,28,2008-09-08 12:00:00,-77.8,21.1,0.0,39.0426,960.0,1
537,29,2008-09-08 18:00:00,-79.1,21.2,0.0,34.4494,964.0,1
537,30,2008-09-09 00:00:00,-80.3,21.5,0.0,32.1527,965.0,1
537,31,2008-09-09 06:00:00,-81.4,22.0,0.0,32.1527,965.0,1
537,32,2008-09-09 12:00:00,-82.4,22.4,0.0,32.1527,965.0,1
537,33,2008-09-09 18:00:00,-83.3,22.7,0.0,29.8561,966.0,1
537,34,2008-09-10 00:00:00,-84.0,23.1,0.0,29.8561,968.0,1
537,35,2008-09-10 06:00:00,-84.6,23.4,0.0,32.1527,964.0,1
537,36,2008-09-10 12:00:00,-85.2,23.8,0.0,36.746,959.0,1
537,37,2008-09-10 18:00:00,-85.8,24.2,0.0,39.0426,958.0,1
537,38,2008-09-11 00:00:00,-86.4,24.7,0.0,39.0426,944.0,1
537,39,2008-09-11 06:00:00,-87.1,25.1,0.0,39.0426,945.0,1
537,40,2008-09-11 12:00:00,-88.0,25.5,0.0,39.0426,946.0,1
537,41,2008-09-11 18:00:00,-88.9,25.8,0.0,39.0426,952.0,1
537,42,2008-09-12 00:00:00,-90.0,26.1,0.0,39.0426,954.0,1
537,43,2008-09-12 06:00:00,-91.1,26.4,0.0,41.3392,954.0,1
537,44,2008-09-12 12:00:00,-92.2,26.9,0.0,43.6359,954.0,1
537,45,2008-09-12 18:00:00,-93.2,27.5,0.0,43.6359,954.0,1
537,46,2008-09-13 00:00:00,-94.0,28.3,0.0,43.6359,952.0,1
537,47,2008-09-13 06:00:00,-94.6,29.1,0.0,43.6359,951.0,1
537,48,2008-09-13 12:00:00,-95.2,30.3,0.0,39.0426,959.0,1
537,49,2008-09-13 18:00:00,-95.3,31.7,0.0,22.9662,974.0,1
537,50,2008-09-14 12:00:00,-91.0,37.6,0.0,18.373,987.0,1
537,51,2008-09-14 18:00:00,-87.2,40.3,0.0,22.9662,988.0,1
537,52,2008-09-15 00:00:00,-81.5,43.3,0.0,22.9662,988.0,1
537,53,2008-09-15 06:00:00,-75.3,45.8,0.0,18.373,986.0,1
538,1,2008-09-02 18:00:00,-25.3,13.3,0.0,20.6696,1000.0,1
538,2,2008-09-03 00:00:00,-26.3,13.5,0.0,22.9662,997.0,1
538,3,2008-09-03 06:00:00,-27.2,13.6,0.0,25.2629,994.0,1
538,4,2008-09-03 12:00:00,-28.2,13.7,0.0,25.2629,994.0,1
538,5,2008-09-03 18:00:00,-29.2,13.8,0.0,25.2629,994.0,1
538,6,2008-09-04 00:00:00,-30.0,13.9,0.0,22.9662,997.0,1
538,7,2008-09-04 06:00:00,-30.9,14.1,0.0,22.9662,997.0,1
538,8,2008-09-04 12:00:00,-31.9,14.4,0.0,20.6696,1000.0,1
538,9,2008-09-04 18:00:00,-32.7,14.6,0.0,18.373,1002.0,1
538,10,2008-09-05 00:00:00,-33.4,15.0,0.0,18.373,1002.0,1
538,11,2008-09-05 06:00:00,-34.0,15.4,0.0,18.373,1002.0,1
538,12,2008-09-05 12:00:00,-34.5,15.6,0.0,18.373,1003.0,1
539,1,2008-09-25 12:00:00,-68.7,22.4,0.0,18.373,1002.0,1
539,2,2008-09-25 18:00:00,-68.4,23.1,0.0,18.373,1001.0,1
539,3,2008-09-26 00:00:00,-68.0,24.0,0.0,20.6696,998.0,1
539,4,2008-09-26 06:00:00,-68.2,25.0,0.0,22.9662,996.0,1
539,5,2008-09-26 12:00:00,-68.6,26.0,0.0,22.9662,998.0,1
539,6,2008-09-26 18:00:00,-68.6,26.9,0.0,22.9662,1000.0,1
539,7,2008-09-27 00:00:00,-68.6,28.7,0.0,25.2629,998.0,1
539,8,2008-09-27 06:00:00,-69.3,29.9,0.0,27.5595,996.0,1
539,9,2008-09-27 12:00:00,-69.5,31.2,0.0,29.8561,996.0,1
539,10,2008-09-27 18:00:00,-69.7,33.3,0.0,32.1527,995.0,1
539,11,2008-09-28 00:00:00,-69.7,35.3,0.0,32.1527,995.0,1
539,12,2008-09-28 06:00:00,-69.3,37.4,0.0,32.1527,992.0,1
539,13,2008-09-28 12:00:00,-68.2,39.4,0.0,34.4494,989.0,1
539,14,2008-09-28 18:00:00,-66.7,41.6,0.0,32.1527,984.0,1
539,15,2008-09-29 00:00:00,-66.2,43.8,0.0,29.8561,985.0,1
539,16,2008-09-29 06:00:00,-65.0,45.6,0.0,22.9662,990.0,1
539,17,2008-09-29 12:00:00,-63.5,47.7,0.0,20.6696,994.0,1
539,18,2008-09-29 18:00:00,-62.6,48.2,0.0,18.373,999.0,1
540,1,2008-09-26 00:00:00,-35.0,39.0,0.0,18.373,1011.0,1
540,2,2008-09-26 06:00:00,-35.0,37.9,0.0,20.6696,1010.0,1
540,3,2008-09-26 12:00:00,-35.5,37.0,0.0,22.9662,1009.0,1
540,4,2008-09-26 18:00:00,-36.0,36.5,0.0,25.2629,1007.0,1
540,5,2008-09-27 00:00:00,-36.5,37.0,0.0,27.5595,1004.0,1
540,6,2008-09-27 06:00:00,-37.2,37.4,0.0,29.8561,998.0,1
540,7,2008-09-27 12:00:00,-38.0,37.5,0.0,32.1527,992.0,1
540,8,2008-09-27 18:00:00,-39.0,37.4,0.0,32.1527,992.0,1
540,9,2008-09-28 00:00:00,-40.0,37.3,0.0,27.5595,994.0,1
540,10,2008-09-28 06:00:00,-41.2,37.2,0.0,25.2629,994.0,1
540,11,2008-09-28 12:00:00,-42.5,37.0,0.0,22.9662,995.0,1
540,12,2008-09-28 18:00:00,-44.1,36.8,0.0,22.9662,995.0,1
540,13,2008-09-29 00:00:00,-45.7,36.7,0.0,22.9662,995.0,1
540,14,2008-09-29 06:00:00,-47.0,37.0,0.0,22.9662,995.0,1
540,15,2008-09-29 12:00:00,-47.7,37.2,0.0,22.9662,995.0,1
540,16,2008-09-29 18:00:00,-48.2,37.8,0.0,22.9662,995.0,1
540,17,2008-09-30 00:00:00,-48.5,38.6,0.0,22.9662,996.0,1
540,18,2008-09-30 06:00:00,-48.8,39.6,0.0,22.9662,996.0,1
540,19,2008-09-30 12:00:00,-48.9,40.6,0.0,22.9662,996.0,1
540,20,2008-09-30 18:00:00,-48.8,41.7,0.0,22.9662,994.0,1
540,21,2008-10-01 00:00:00,-48.3,42.9,0.0,20.6696,995.0,1
540,22,2008-10-01 06:00:00,-47.7,44.2,0.0,20.6696,995.0,1
540,23,2008-10-01 12:00:00,-46.9,45.7,0.0,18.373,995.0,1
540,24,2008-10-01 18:00:00,-46.3,47.5,0.0,18.373,995.0,1
540,25,2008-10-02 12:00:00,-46.0,53.5,0.0,18.373,992.0,1
540,26,2008-10-02 18:00:00,-45.5,55.6,0.0,18.373,992.0,1
540,27,2008-10-03 00:00:00,-44.0,56.9,0.0,22.9662,991.0,1
540,28,2008-10-03 06:00:00,-42.0,57.0,0.0,29.8561,990.0,1
540,29,2008-10-03 12:00:00,-40.0,57.0,0.0,27.5595,992.0,1
540,30,2008-10-03 18:00:00,-37.0,57.0,0.0,25.2629,994.0,1
540,31,2008-10-04 00:00:00,-31.4,56.5,0.0,20.6696,996.0,1
540,32,2008-10-04 06:00:00,-26.0,56.0,0.0,18.373,997.0,1
541,1,2008-10-06 12:00:00,-93.7,18.9,0.0,18.373,1002.0,1
541,2,2008-10-06 18:00:00,-94.5,19.4,0.0,22.9662,999.0,1
541,3,2008-10-07 00:00:00,-95.2,19.7,0.0,25.2629,998.0,1
541,4,2008-10-07 06:00:00,-95.9,19.8,0.0,25.2629,998.0,1
541,5,2008-10-07 12:00:00,-96.5,19.9,0.0,25.2629,998.0,1
542,1,2008-10-14 06:00:00,-69.3,14.3,0.0,18.373,997.0,1
542,2,2008-10-14 12:00:00,-69.1,14.2,0.0,22.9662,991.0,1
542,3,2008-10-14 18:00:00,-68.8,13.9,0.0,27.5595,983.0,1
542,4,2008-10-15 00:00:00,-68.3,14.1,0.0,29.8561,983.0,1
542,5,2008-10-15 06:00:00,-68.0,14.4,0.0,32.1527,985.0,1
542,6,2008-10-15 12:00:00,-67.4,14.9,0.0,34.4494,984.0,1
542,7,2008-10-15 18:00:00,-66.5,15.6,0.0,36.746,977.0,1
542,8,2008-10-16 00:00:00,-65.2,16.7,0.0,43.6359,970.0,1
542,9,2008-10-16 06:00:00,-63.9,18.2,0.0,52.8224,958.0,1
542,10,2008-10-16 12:00:00,-62.1,19.6,0.0,41.3392,975.0,1
542,11,2008-10-16 18:00:00,-60.4,21.1,0.0,32.1527,985.0,1
542,12,2008-10-17 00:00:00,-58.8,22.8,0.0,29.8561,986.0,1
542,13,2008-10-17 06:00:00,-57.1,25.1,0.0,32.1527,984.0,1
542,14,2008-10-17 12:00:00,-55.7,27.9,0.0,34.4494,982.0,1
542,15,2008-10-17 18:00:00,-54.4,30.1,0.0,29.8561,985.0,1
542,16,2008-10-18 00:00:00,-53.2,31.3,0.0,25.2629,988.0,1
542,17,2008-10-18 06:00:00,-52.1,32.4,0.0,22.9662,991.0,1
542,18,2008-10-18 12:00:00,-51.3,33.0,0.0,18.373,996.0,1
543,1,2008-11-06 12:00:00,-82.0,15.4,0.0,18.373,1000.0,1
543,2,2008-11-06 18:00:00,-81.9,16.1,0.0,25.2629,994.0,1
543,3,2008-11-07 00:00:00,-81.8,16.8,0.0,29.8561,987.0,1
543,4,2008-11-07 06:00:00,-81.7,17.4,0.0,29.8561,985.0,1
543,5,2008-11-07 12:00:00,-81.6,18.0,0.0,34.4494,979.0,1
543,6,2008-11-07 18:00:00,-81.4,18.6,0.0,36.746,975.0,1
543,7,2008-11-08 00:00:00,-81.0,19.0,0.0,45.9325,964.0,1
543,8,2008-11-08 06:00:00,-80.4,19.4,0.0,50.5258,951.0,1
543,9,2008-11-08 12:00:00,-79.6,19.8,0.0,57.4156,944.0,1
543,10,2008-11-08 18:00:00,-78.8,20.2,0.0,57.4156,951.0,1
543,11,2008-11-09 00:00:00,-78.0,20.7,0.0,41.3392,968.0,1
543,12,2008-11-09 06:00:00,-77.7,21.0,0.0,25.2629,990.0,1
544,1,2009-08-16 06:00:00,-36.5,11.5,0.0,18.373,1002.0,1
544,2,2009-08-16 12:00:00,-37.8,12.0,0.0,22.9662,997.0,1
544,3,2009-08-16 18:00:00,-39.4,12.6,0.0,25.2629,994.0,1
544,4,2009-08-17 00:00:00,-41.3,13.1,0.0,27.5595,990.0,1
544,5,2009-08-17 06:00:00,-43.2,13.5,0.0,29.8561,987.0,1
544,6,2009-08-17 12:00:00,-44.6,13.9,0.0,34.4494,977.0,1
544,7,2009-08-17 18:00:00,-46.0,14.4,0.0,36.746,970.0,1
544,8,2009-08-18 00:00:00,-47.5,14.8,0.0,39.0426,967.0,1
544,9,2009-08-18 06:00:00,-49.0,15.3,0.0,41.3392,965.0,1
544,10,2009-08-18 12:00:00,-50.3,15.7,0.0,43.6359,963.0,1
544,11,2009-08-18 18:00:00,-51.7,16.2,0.0,45.9325,962.0,1
544,12,2009-08-19 00:00:00,-52.9,16.9,0.0,48.2291,955.0,1
544,13,2009-08-19 06:00:00,-54.2,17.6,0.0,52.8224,954.0,1
544,14,2009-08-19 12:00:00,-55.6,18.3,0.0,52.8224,949.0,1
544,15,2009-08-19 18:00:00,-56.9,19.3,0.0,52.8224,947.0,1
544,16,2009-08-20 00:00:00,-58.2,20.2,0.0,52.8224,945.0,1
544,17,2009-08-20 06:00:00,-59.6,21.1,0.0,52.8224,949.0,1
544,18,2009-08-20 12:00:00,-61.0,22.1,0.0,48.2291,952.0,1
544,19,2009-08-20 18:00:00,-62.4,23.1,0.0,50.5258,948.0,1
544,20,2009-08-21 00:00:00,-63.7,24.1,0.0,50.5258,943.0,1
544,21,2009-08-21 06:00:00,-64.9,25.5,0.0,48.2291,951.0,1
544,22,2009-08-21 12:00:00,-66.0,27.1,0.0,45.9325,954.0,1
544,23,2009-08-21 18:00:00,-66.9,28.6,0.0,43.6359,956.0,1
544,24,2009-08-22 00:00:00,-67.6,30.4,0.0,41.3392,957.0,1
544,25,2009-08-22 06:00:00,-68.4,32.3,0.0,41.3392,960.0,1
544,26,2009-08-22 12:00:00,-68.8,34.1,0.0,39.0426,961.0,1
544,27,2009-08-22 18:00:00,-68.9,36.0,0.0,36.746,961.0,1
544,28,2009-08-23 00:00:00,-68.4,38.1,0.0,36.746,961.0,1
544,29,2009-08-23 06:00:00,-67.3,40.1,0.0,34.4494,962.0,1
544,30,2009-08-23 12:00:00,-65.4,42.4,0.0,32.1527,965.0,1
544,31,2009-08-23 18:00:00,-62.5,44.4,0.0,29.8561,970.0,1
544,32,2009-08-24 00:00:00,-57.9,46.3,0.0,29.8561,973.0,1
544,33,2009-08-24 06:00:00,-53.0,48.0,0.0,27.5595,980.0,1
544,34,2009-08-24 12:00:00,-47.2,49.2,0.0,27.5595,980.0,1
544,35,2009-08-24 18:00:00,-41.2,50.0,0.0,27.5595,980.0,1
544,36,2009-08-25 00:00:00,-35.4,50.3,0.0,27.5595,980.0,1
544,37,2009-08-25 06:00:00,-29.6,50.7,0.0,27.5595,980.0,1
544,38,2009-08-25 12:00:00,-23.8,51.2,0.0,27.5595,980.0,1
544,39,2009-08-25 18:00:00,-18.0,52.0,0.0,22.9662,982.0,1
544,40,2009-08-26 00:00:00,-13.0,53.0,0.0,18.373,985.0,1
545,1,2009-08-16 18:00:00,-85.1,29.1,0.0,22.9662,1008.0,1
545,2,2009-08-17 00:00:00,-85.8,29.8,0.0,20.6696,1005.0,1
545,3,2009-08-17 06:00:00,-86.6,30.5,0.0,18.373,1005.0,1
546,1,2009-08-26 12:00:00,-70.1,24.6,0.0,18.373,1009.0,1
546,2,2009-08-26 18:00:00,-70.7,25.1,0.0,20.6696,1009.0,1
546,3,2009-08-27 00:00:00,-71.2,25.9,0.0,22.9662,1006.0,1
546,4,2009-08-27 06:00:00,-71.8,27.0,0.0,22.9662,1006.0,1
546,5,2009-08-27 12:00:00,-72.7,27.4,0.0,22.9662,1006.0,1
546,6,2009-08-27 18:00:00,-73.3,27.4,0.0,20.6696,1008.0,1
546,7,2009-08-28 00:00:00,-73.5,28.1,0.0,18.373,1008.0,1
547,1,2009-09-01 18:00:00,-57.3,16.7,0.0,20.6696,1007.0,1
547,2,2009-09-02 00:00:00,-58.0,16.8,0.0,20.6696,1004.0,1
547,3,2009-09-02 06:00:00,-58.9,16.5,0.0,20.6696,1005.0,1
547,4,2009-09-03 06:00:00,-62.7,16.4,0.0,18.373,1008.0,1
547,5,2009-09-03 12:00:00,-63.5,16.5,0.0,18.373,1008.0,1
548,1,2009-09-08 06:00:00,-26.8,11.7,0.0,20.6696,1000.0,1
548,2,2009-09-08 12:00:00,-28.0,11.8,0.0,25.2629,994.0,1
548,3,2009-09-08 18:00:00,-29.2,11.9,0.0,27.5595,990.0,1
548,4,2009-09-09 00:00:00,-30.3,12.4,0.0,32.1527,983.0,1
548,5,2009-09-09 06:00:00,-31.3,13.0,0.0,41.3392,970.0,1
548,6,2009-09-09 12:00:00,-32.1,13.6,0.0,48.2291,958.0,1
548,7,2009-09-09 18:00:00,-32.8,14.2,0.0,45.9325,960.0,1
548,8,2009-09-10 00:00:00,-33.5,14.8,0.0,43.6359,965.0,1
548,9,2009-09-10 06:00:00,-34.2,15.4,0.0,41.3392,970.0,1
548,10,2009-09-10 12:00:00,-34.6,16.1,0.0,39.0426,974.0,1
548,11,2009-09-10 18:00:00,-34.9,16.7,0.0,36.746,975.0,1
548,12,2009-09-11 00:00:00,-35.1,17.2,0.0,36.746,975.0,1
548,13,2009-09-11 06:00:00,-34.8,17.5,0.0,34.4494,980.0,1
548,14,2009-09-11 12:00:00,-34.5,17.6,0.0,29.8561,987.0,1
548,15,2009-09-11 18:00:00,-34.2,17.6,0.0,25.2629,994.0,1
548,16,2009-09-12 00:00:00,-33.9,17.6,0.0,22.9662,998.0,1
548,17,2009-09-12 06:00:00,-33.6,17.6,0.0,18.373,1002.0,1
549,1,2009-09-27 18:00:00,-43.2,46.0,0.0,25.2629,995.0,1
549,2,2009-09-28 00:00:00,-42.9,45.3,0.0,22.9662,994.0,1
549,3,2009-09-28 06:00:00,-42.0,44.7,0.0,20.6696,992.0,1
549,4,2009-09-28 12:00:00,-40.3,44.0,0.0,20.6696,992.0,1
549,5,2009-09-28 18:00:00,-38.7,43.8,0.0,18.373,994.0,1
549,6,2009-09-29 00:00:00,-37.1,43.6,0.0,18.373,996.0,1
549,7,2009-09-30 12:00:00,-34.6,38.7,0.0,18.373,996.0,1
549,8,2009-09-30 18:00:00,-33.2,37.4,0.0,18.373,995.0,1
549,9,2009-10-01 00:00:00,-31.5,36.6,0.0,18.373,995.0,1
549,10,2009-10-01 06:00:00,-29.7,36.7,0.0,18.373,995.0,1
549,11,2009-10-01 12:00:00,-28.7,37.7,0.0,18.373,996.0,1
549,12,2009-10-01 18:00:00,-28.5,38.6,0.0,18.373,996.0,1
549,13,2009-10-02 18:00:00,-30.4,40.9,0.0,18.373,996.0,1
549,14,2009-10-03 00:00:00,-31.0,41.4,0.0,18.373,996.0,1
549,15,2009-10-03 18:00:00,-32.3,39.9,0.0,18.373,995.0,1
549,16,2009-10-04 00:00:00,-31.3,39.1,0.0,18.373,994.0,1
549,17,2009-10-04 06:00:00,-29.5,38.5,0.0,18.373,993.0,1
549,18,2009-10-04 12:00:00,-26.8,38.3,0.0,20.6696,992.0,1
549,19,2009-10-04 18:00:00,-23.9,38.8,0.0,22.9662,991.0,1
549,20,2009-10-05 00:00:00,-21.3,40.2,0.0,25.2629,989.0,1
549,21,2009-10-05 06:00:00,-19.0,42.0,0.0,25.2629,988.0,1
549,22,2009-10-05 12:00:00,-17.1,44.3,0.0,25.2629,987.0,1
549,23,2009-10-05 18:00:00,-15.5,46.6,0.0,22.9662,986.0,1
549,24,2009-10-06 00:00:00,-14.3,48.8,0.0,20.6696,986.0,1
549,25,2009-10-06 06:00:00,-12.7,50.0,0.0,18.373,989.0,1
550,1,2009-10-07 00:00:00,-54.6,18.0,0.0,18.373,1006.0,1
550,2,2009-10-07 06:00:00,-55.7,18.3,0.0,20.6696,1005.0,1
550,3,2009-10-07 12:00:00,-56.8,18.7,0.0,20.6696,1006.0,1
550,4,2009-10-07 18:00:00,-57.9,19.0,0.0,18.373,1007.0,1
551,1,2009-11-04 18:00:00,-82.3,11.8,0.0,20.6696,998.0,1
551,2,2009-11-05 00:00:00,-82.8,12.3,0.0,25.2629,995.0,1
551,3,2009-11-05 06:00:00,-83.3,12.6,0.0,29.8561,987.0,1
551,4,2009-11-05 12:00:00,-83.6,12.9,0.0,32.1527,985.0,1
551,5,2009-11-05 18:00:00,-83.8,13.2,0.0,22.9662,996.0,1
551,6,2009-11-07 12:00:00,-84.0,17.7,0.0,25.2629,997.0,1
551,7,2009-11-07 18:00:00,-84.1,18.7,0.0,27.5595,990.0,1
551,8,2009-11-08 00:00:00,-84.5,19.5,0.0,32.1527,987.0,1
551,9,2009-11-08 06:00:00,-85.3,20.1,0.0,36.746,984.0,1
551,10,2009-11-08 12:00:00,-85.8,20.9,0.0,39.0426,983.0,1
551,11,2009-11-08 18:00:00,-86.2,21.9,0.0,39.0426,975.0,1
551,12,2009-11-09 00:00:00,-86.5,23.0,0.0,41.3392,979.0,1
551,13,2009-11-09 06:00:00,-87.5,24.4,0.0,36.746,988.0,1
551,14,2009-11-09 12:00:00,-88.3,26.3,0.0,27.5595,989.0,1
551,15,2009-11-09 18:00:00,-88.6,27.9,0.0,29.8561,990.0,1
551,16,2009-11-10 00:00:00,-88.7,28.9,0.0,27.5595,993.0,1
551,17,2009-11-10 06:00:00,-88.6,29.8,0.0,22.9662,998.0,1
552,1,2010-06-26 06:00:00,-84.9,16.7,0.0,18.373,1004.0,1
552,2,2010-06-26 12:00:00,-86.1,16.9,0.0,18.373,1004.0,1
552,3,2010-06-26 18:00:00,-87.2,17.2,0.0,25.2629,996.0,1
552,4,2010-06-27 00:00:00,-88.2,17.5,0.0,25.2629,995.0,1
552,5,2010-06-27 06:00:00,-89.1,18.0,0.0,25.2629,991.0,1
552,6,2010-06-27 12:00:00,-90.0,18.5,0.0,20.6696,992.0,1
552,7,2010-06-28 00:00:00,-91.1,19.2,0.0,18.373,991.0,1
552,8,2010-06-28 06:00:00,-91.4,19.5,0.0,18.373,991.0,1
552,9,2010-06-28 12:00:00,-91.6,20.0,0.0,22.9662,989.0,1
552,10,2010-06-28 18:00:00,-91.7,20.3,0.0,22.9662,990.0,1
552,11,2010-06-29 00:00:00,-91.7,20.7,0.0,25.2629,987.0,1
552,12,2010-06-29 06:00:00,-91.9,21.5,0.0,25.2629,985.0,1
552,13,2010-06-29 12:00:00,-92.7,22.4,0.0,27.5595,983.0,1
552,14,2010-06-29 18:00:00,-93.6,22.9,0.0,27.5595,981.0,1
552,15,2010-06-30 00:00:00,-94.4,23.0,0.0,29.8561,973.0,1
552,16,2010-06-30 06:00:00,-94.8,23.1,0.0,32.1527,966.0,1
552,17,2010-06-30 12:00:00,-95.2,23.5,0.0,34.4494,958.0,1
552,18,2010-06-30 18:00:00,-96.2,24.3,0.0,36.746,962.0,1
552,19,2010-07-01 00:00:00,-97.3,24.3,0.0,41.3392,948.0,1
552,20,2010-07-01 06:00:00,-98.4,24.1,0.0,34.4494,963.0,1
552,21,2010-07-01 12:00:00,-99.5,23.5,0.0,27.5595,977.0,1
552,22,2010-07-01 18:00:00,-100.7,23.1,0.0,18.373,987.0,1
553,1,2010-07-23 06:00:00,-77.8,23.8,0.0,18.373,1005.0,1
554,1,2010-08-04 18:00:00,-61.1,19.2,0.0,18.373,1009.0,1
554,2,2010-08-05 00:00:00,-62.5,20.4,0.0,18.373,1009.0,1
554,3,2010-08-05 06:00:00,-63.7,21.7,0.0,18.373,1009.0,1
554,4,2010-08-05 12:00:00,-64.9,23.0,0.0,18.373,1008.0,1
554,5,2010-08-05 18:00:00,-65.8,24.4,0.0,20.6696,1007.0,1
554,6,2010-08-06 00:00:00,-66.6,25.6,0.0,22.9662,1006.0,1
554,7,2010-08-06 06:00:00,-67.2,26.4,0.0,18.373,1007.0,1
554,8,2010-08-06 12:00:00,-67.1,27.0,0.0,18.373,1007.0,1
554,9,2010-08-06 18:00:00,-66.9,27.7,0.0,18.373,1008.0,1
554,10,2010-08-07 00:00:00,-66.6,28.5,0.0,18.373,1008.0,1
555,1,2010-08-23 00:00:00,-35.9,13.8,0.0,20.6696,1000.0,1
555,2,2010-08-23 06:00:00,-37.4,14.2,0.0,22.9662,997.0,1
555,3,2010-08-23 12:00:00,-39.1,14.7,0.0,25.2629,994.0,1
555,4,2010-08-23 18:00:00,-40.9,15.2,0.0,29.8561,987.0,1
555,5,2010-08-24 00:00:00,-42.6,15.4,0.0,34.4494,982.0,1
555,6,2010-08-24 06:00:00,-44.2,15.6,0.0,36.746,977.0,1
555,7,2010-08-24 12:00:00,-45.8,16.2,0.0,32.1527,984.0,1
555,8,2010-08-24 18:00:00,-47.5,17.0,0.0,29.8561,987.0,1
555,9,2010-08-25 00:00:00,-49.0,17.7,0.0,32.1527,984.0,1
555,10,2010-08-25 06:00:00,-50.4,18.4,0.0,32.1527,984.0,1
555,11,2010-08-25 12:00:00,-51.6,19.4,0.0,32.1527,984.0,1
555,12,2010-08-25 18:00:00,-52.6,20.7,0.0,34.4494,980.0,1
555,13,2010-08-26 00:00:00,-53.6,22.0,0.0,36.746,977.0,1
555,14,2010-08-26 06:00:00,-54.6,23.1,0.0,39.0426,973.0,1
555,15,2010-08-26 12:00:00,-55.4,24.0,0.0,39.0426,973.0,1
555,16,2010-08-26 18:00:00,-56.4,24.8,0.0,41.3392,970.0,1
555,17,2010-08-27 00:00:00,-57.3,25.6,0.0,43.6359,966.0,1
555,18,2010-08-27 06:00:00,-58.3,26.2,0.0,50.5258,953.0,1
555,19,2010-08-27 12:00:00,-59.3,26.5,0.0,50.5258,948.0,1
555,20,2010-08-27 18:00:00,-60.1,27.1,0.0,52.8224,942.0,1
555,21,2010-08-28 00:00:00,-60.5,27.7,0.0,48.2291,946.0,1
555,22,2010-08-28 06:00:00,-61.0,28.3,0.0,43.6359,950.0,1
555,23,2010-08-28 12:00:00,-60.8,28.9,0.0,43.6359,952.0,1
555,24,2010-08-28 18:00:00,-60.2,29.6,0.0,41.3392,955.0,1
555,25,2010-08-29 00:00:00,-59.2,30.9,0.0,39.0426,958.0,1
555,26,2010-08-29 06:00:00,-57.9,32.4,0.0,36.746,964.0,1
555,27,2010-08-29 12:00:00,-56.2,34.7,0.0,34.4494,966.0,1
555,28,2010-08-29 18:00:00,-55.0,37.3,0.0,34.4494,968.0,1
555,29,2010-08-30 00:00:00,-53.8,38.7,0.0,32.1527,969.0,1
555,30,2010-08-30 06:00:00,-52.8,40.0,0.0,29.8561,970.0,1
555,31,2010-08-30 12:00:00,-51.6,40.6,0.0,29.8561,970.0,1
555,32,2010-08-30 18:00:00,-50.2,41.0,0.0,27.5595,973.0,1
555,33,2010-08-31 00:00:00,-48.0,41.1,0.0,27.5595,976.0,1
555,34,2010-08-31 06:00:00,-44.8,41.2,0.0,25.2629,981.0,1
555,35,2010-08-31 12:00:00,-41.0,41.3,0.0,25.2629,985.0,1
555,36,2010-08-31 18:00:00,-35.9,42.1,0.0,22.9662,987.0,1
555,37,2010-09-01 00:00:00,-30.4,43.5,0.0,20.6696,988.0,1
555,38,2010-09-01 06:00:00,-26.3,44.8,0.0,18.373,990.0,1
555,39,2010-09-01 12:00:00,-24.0,46.2,0.0,18.373,991.0,1
555,40,2010-09-01 18:00:00,-22.0,47.9,0.0,18.373,992.0,1
555,41,2010-09-02 00:00:00,-20.7,49.5,0.0,18.373,994.0,1
555,42,2010-09-02 06:00:00,-19.9,51.1,0.0,18.373,995.0,1
556,1,2010-08-26 06:00:00,-34.5,14.9,0.0,18.373,1004.0,1
556,2,2010-08-26 12:00:00,-36.0,15.1,0.0,18.373,1004.0,1
556,3,2010-08-26 18:00:00,-37.7,15.3,0.0,18.373,1004.0,1
556,4,2010-08-27 00:00:00,-39.4,15.5,0.0,18.373,1004.0,1
556,5,2010-08-27 06:00:00,-41.2,15.7,0.0,18.373,1004.0,1
556,6,2010-08-27 12:00:00,-43.1,15.8,0.0,18.373,1004.0,1
556,7,2010-08-27 18:00:00,-45.0,15.9,0.0,18.373,1004.0,1
556,8,2010-08-28 00:00:00,-47.0,16.0,0.0,20.6696,1000.0,1
556,9,2010-08-28 06:00:00,-49.0,16.1,0.0,22.9662,996.0,1
556,10,2010-08-28 12:00:00,-51.0,16.2,0.0,22.9662,996.0,1
556,11,2010-08-28 18:00:00,-53.0,16.3,0.0,22.9662,996.0,1
556,12,2010-08-29 00:00:00,-54.8,16.5,0.0,25.2629,991.0,1
556,13,2010-08-29 06:00:00,-56.5,16.7,0.0,25.2629,991.0,1
556,14,2010-08-29 12:00:00,-58.0,17.0,0.0,29.8561,985.0,1
556,15,2010-08-29 18:00:00,-59.3,17.3,0.0,34.4494,978.0,1
556,16,2010-08-30 00:00:00,-60.6,17.7,0.0,39.0426,971.0,1
556,17,2010-08-30 06:00:00,-61.9,18.1,0.0,43.6359,967.0,1
556,18,2010-08-30 12:00:00,-63.1,18.5,0.0,48.2291,965.0,1
556,19,2010-08-30 18:00:00,-64.2,19.0,0.0,52.8224,954.0,1
556,20,2010-08-31 00:00:00,-65.3,19.6,0.0,52.8224,938.0,1
556,21,2010-08-31 06:00:00,-66.4,20.2,0.0,52.8224,931.0,1
556,22,2010-08-31 12:00:00,-67.5,20.9,0.0,52.8224,935.0,1
556,23,2010-08-31 18:00:00,-68.4,21.6,0.0,52.8224,940.0,1
556,24,2010-09-01 00:00:00,-69.4,22.5,0.0,50.5258,940.0,1
556,25,2010-09-01 06:00:00,-70.5,23.6,0.0,48.2291,941.0,1
556,26,2010-09-01 12:00:00,-71.6,24.7,0.0,50.5258,942.0,1
556,27,2010-09-01 18:00:00,-72.7,25.9,0.0,52.8224,941.0,1
556,28,2010-09-02 00:00:00,-73.5,27.2,0.0,55.119,932.0,1
556,29,2010-09-02 06:00:00,-74.3,28.6,0.0,57.4156,927.0,1
556,30,2010-09-02 12:00:00,-74.8,30.1,0.0,52.8224,935.0,1
556,31,2010-09-02 18:00:00,-75.1,31.7,0.0,45.9325,943.0,1
556,32,2010-09-03 00:00:00,-74.9,33.0,0.0,41.3392,949.0,1
556,33,2010-09-03 06:00:00,-74.2,34.5,0.0,39.0426,955.0,1
556,34,2010-09-03 12:00:00,-73.4,36.1,0.0,34.4494,959.0,1
556,35,2010-09-03 18:00:00,-72.2,37.6,0.0,32.1527,960.0,1
556,36,2010-09-04 00:00:00,-70.6,39.1,0.0,27.5595,961.0,1
556,37,2010-09-04 06:00:00,-68.4,40.7,0.0,27.5595,961.0,1
556,38,2010-09-04 12:00:00,-65.7,43.0,0.0,29.8561,961.0,1
556,39,2010-09-04 18:00:00,-63.2,45.5,0.0,29.8561,965.0,1
556,40,2010-09-05 00:00:00,-60.2,48.4,0.0,25.2629,971.0,1
556,41,2010-09-05 06:00:00,-57.5,50.6,0.0,22.9662,978.0,1
556,42,2010-09-05 12:00:00,-55.4,52.4,0.0,20.6696,987.0,1
556,43,2010-09-05 18:00:00,-54.1,54.0,0.0,18.373,992.0,1
557,1,2010-08-31 18:00:00,-56.9,16.3,0.0,18.373,1006.0,1
557,2,2010-09-01 00:00:00,-58.5,16.6,0.0,20.6696,1004.0,1
557,3,2010-09-01 06:00:00,-59.8,17.2,0.0,22.9662,1001.0,1
557,4,2010-09-01 12:00:00,-61.0,18.2,0.0,22.9662,998.0,1
557,5,2010-09-01 18:00:00,-62.5,19.5,0.0,25.2629,999.0,1
557,6,2010-09-02 00:00:00,-63.8,21.0,0.0,22.9662,1000.0,1
557,7,2010-09-02 06:00:00,-64.9,22.3,0.0,20.6696,1001.0,1
557,8,2010-09-02 12:00:00,-65.9,23.6,0.0,20.6696,1002.0,1
557,9,2010-09-02 18:00:00,-66.6,25.0,0.0,20.6696,1003.0,1
557,10,2010-09-03 00:00:00,-67.0,26.3,0.0,18.373,1005.0,1
557,11,2010-09-03 06:00:00,-67.0,27.5,0.0,18.373,1007.0,1
558,1,2010-09-06 06:00:00,-95.1,21.8,0.0,18.373,1001.0,1
558,2,2010-09-06 12:00:00,-95.6,23.0,0.0,20.6696,998.0,1
558,3,2010-09-06 18:00:00,-96.5,24.0,0.0,22.9662,995.0,1
558,4,2010-09-07 00:00:00,-97.2,24.9,0.0,25.2629,991.0,1
558,5,2010-09-07 06:00:00,-97.7,26.2,0.0,25.2629,990.0,1
558,6,2010-09-07 12:00:00,-98.1,27.7,0.0,20.6696,991.0,1
558,7,2010-09-07 18:00:00,-98.6,29.4,0.0,18.373,996.0,1
559,1,2010-09-08 12:00:00,-23.3,13.8,0.0,18.373,1005.0,1
559,2,2010-09-08 18:00:00,-23.7,13.8,0.0,18.373,1005.0,1
559,3,2010-09-09 00:00:00,-24.1,13.8,0.0,18.373,1005.0,1
559,4,2010-09-10 18:00:00,-32.5,16.6,0.0,18.373,1002.0,1
559,5,2010-09-11 00:00:00,-34.8,16.9,0.0,22.9662,999.0,1
559,6,2010-09-11 06:00:00,-37.0,17.1,0.0,27.5595,995.0,1
559,7,2010-09-11 12:00:00,-38.7,17.3,0.0,27.5595,995.0,1
559,8,2010-09-11 18:00:00,-40.4,17.4,0.0,27.5595,995.0,1
559,9,2010-09-12 00:00:00,-42.0,17.6,0.0,29.8561,987.0,1
559,10,2010-09-12 06:00:00,-43.5,17.7,0.0,32.1527,985.0,1
559,11,2010-09-12 12:00:00,-44.9,17.7,0.0,41.3392,970.0,1
559,12,2010-09-12 18:00:00,-46.1,17.7,0.0,52.8224,948.0,1
559,13,2010-09-13 00:00:00,-47.3,17.7,0.0,59.7122,935.0,1
559,14,2010-09-13 06:00:00,-48.3,17.6,0.0,59.7122,935.0,1
559,15,2010-09-13 12:00:00,-49.3,17.6,0.0,59.7122,933.0,1
559,16,2010-09-13 18:00:00,-50.2,17.6,0.0,57.4156,937.0,1
559,17,2010-09-14 00:00:00,-50.9,17.7,0.0,57.4156,937.0,1
559,18,2010-09-14 06:00:00,-51.5,17.9,0.0,52.8224,945.0,1
559,19,2010-09-14 12:00:00,-52.1,18.2,0.0,52.8224,945.0,1
559,20,2010-09-14 18:00:00,-52.8,18.6,0.0,57.4156,933.0,1
559,21,2010-09-15 00:00:00,-53.5,18.9,0.0,62.0089,924.0,1
559,22,2010-09-15 06:00:00,-54.1,19.2,0.0,57.4156,935.0,1
559,23,2010-09-15 12:00:00,-54.7,19.5,0.0,52.8224,945.0,1
559,24,2010-09-15 18:00:00,-55.3,19.8,0.0,52.8224,942.0,1
559,25,2010-09-16 00:00:00,-56.0,20.1,0.0,55.119,936.0,1
559,26,2010-09-16 06:00:00,-56.5,20.4,0.0,57.4156,929.0,1
559,27,2010-09-16 12:00:00,-57.1,20.8,0.0,55.119,934.0,1
559,28,2010-09-16 18:00:00,-57.8,21.4,0.0,52.8224,940.0,1
559,29,2010-09-17 00:00:00,-58.4,21.8,0.0,52.8224,935.0,1
559,30,2010-09-17 06:00:00,-59.1,22.2,0.0,50.5258,935.0,1
559,31,2010-09-17 12:00:00,-59.9,22.8,0.0,45.9325,945.0,1
559,32,2010-09-17 18:00:00,-60.7,23.5,0.0,41.3392,947.0,1
559,33,2010-09-18 00:00:00,-61.6,24.2,0.0,41.3392,947.0,1
559,34,2010-09-18 06:00:00,-62.5,24.9,0.0,39.0426,939.0,1
559,35,2010-09-18 12:00:00,-63.3,25.7,0.0,39.0426,939.0,1
559,36,2010-09-18 18:00:00,-64.0,26.6,0.0,36.746,945.0,1
559,37,2010-09-19 00:00:00,-64.6,27.5,0.0,36.746,945.0,1
559,38,2010-09-19 06:00:00,-65.2,28.4,0.0,34.4494,949.0,1
559,39,2010-09-19 12:00:00,-65.6,29.6,0.0,34.4494,949.0,1
559,40,2010-09-19 18:00:00,-65.9,30.8,0.0,32.1527,952.0,1
559,41,2010-09-20 00:00:00,-65.7,31.9,0.0,29.8561,953.0,1
559,42,2010-09-20 06:00:00,-65.2,33.2,0.0,29.8561,957.0,1
559,43,2010-09-20 12:00:00,-64.2,35.1,0.0,29.8561,960.0,1
559,44,2010-09-20 18:00:00,-62.6,37.2,0.0,29.8561,960.0,1
559,45,2010-09-21 00:00:00,-60.4,39.0,0.0,29.8561,960.0,1
559,46,2010-09-21 06:00:00,-57.0,41.5,0.0,29.8561,960.0,1
559,47,2010-09-21 12:00:00,-54.4,44.8,0.0,29.8561,955.0,1
559,48,2010-09-21 18:00:00,-52.1,48.5,0.0,34.4494,950.0,1
559,49,2010-09-22 00:00:00,-50.5,51.5,0.0,34.4494,950.0,1
559,50,2010-09-22 06:00:00,-49.5,53.5,0.0,32.1527,950.0,1
559,51,2010-09-22 12:00:00,-49.4,55.5,0.0,32.1527,950.0,1
559,52,2010-09-22 18:00:00,-50.0,57.0,0.0,29.8561,955.0,1
559,53,2010-09-23 00:00:00,-51.0,58.5,0.0,27.5595,960.0,1
560,1,2010-09-13 00:00:00,-23.1,13.5,0.0,18.373,1004.0,1
560,2,2010-09-13 06:00:00,-24.2,14.0,0.0,18.373,1004.0,1
560,3,2010-09-13 12:00:00,-25.4,14.5,0.0,18.373,1004.0,1
560,4,2010-09-13 18:00:00,-26.5,15.0,0.0,20.6696,1003.0,1
560,5,2010-09-14 00:00:00,-27.5,15.3,0.0,20.6696,1002.0,1
560,6,2010-09-14 06:00:00,-28.4,15.6,0.0,27.5595,994.0,1
560,7,2010-09-14 12:00:00,-29.2,15.9,0.0,32.1527,987.0,1
560,8,2010-09-14 18:00:00,-29.9,16.1,0.0,36.746,979.0,1
560,9,2010-09-15 00:00:00,-30.6,16.4,0.0,41.3392,973.0,1
560,10,2010-09-15 06:00:00,-31.4,16.9,0.0,50.5258,956.0,1
560,11,2010-09-15 12:00:00,-32.2,17.7,0.0,55.119,948.0,1
560,12,2010-09-15 18:00:00,-33.0,18.8,0.0,52.8224,951.0,1
560,13,2010-09-16 00:00:00,-34.1,19.9,0.0,48.2291,958.0,1
560,14,2010-09-16 06:00:00,-35.8,20.9,0.0,45.9325,962.0,1
560,15,2010-09-16 12:00:00,-37.7,21.8,0.0,41.3392,970.0,1
560,16,2010-09-16 18:00:00,-40.0,22.7,0.0,36.746,977.0,1
560,17,2010-09-17 00:00:00,-42.0,23.1,0.0,34.4494,981.0,1
560,18,2010-09-17 06:00:00,-44.0,23.5,0.0,34.4494,981.0,1
560,19,2010-09-17 12:00:00,-45.8,23.9,0.0,32.1527,983.0,1
560,20,2010-09-17 18:00:00,-47.4,24.6,0.0,29.8561,986.0,1
560,21,2010-09-18 00:00:00,-48.7,25.6,0.0,27.5595,988.0,1
560,22,2010-09-18 06:00:00,-49.8,26.9,0.0,25.2629,991.0,1
560,23,2010-09-18 12:00:00,-50.7,28.3,0.0,22.9662,994.0,1
560,24,2010-09-18 18:00:00,-51.4,29.8,0.0,22.9662,993.0,1
560,25,2010-09-19 00:00:00,-51.8,31.4,0.0,25.2629,989.0,1
560,26,2010-09-19 06:00:00,-52.0,32.8,0.0,22.9662,993.0,1
560,27,2010-09-19 12:00:00,-51.4,33.9,0.0,20.6696,995.0,1
560,28,2010-09-19 18:00:00,-50.2,34.6,0.0,20.6696,995.0,1
560,29,2010-09-20 00:00:00,-49.2,34.9,0.0,20.6696,995.0,1
560,30,2010-09-20 06:00:00,-48.0,34.9,0.0,18.373,997.0,1
560,31,2010-09-20 12:00:00,-46.9,34.7,0.0,18.373,999.0,1
560,32,2010-09-20 18:00:00,-46.0,34.6,0.0,18.373,1002.0,1
560,33,2010-09-21 00:00:00,-45.1,34.4,0.0,18.373,1003.0,1
561,1,2010-09-15 00:00:00,-85.0,18.3,0.0,18.373,999.0,1
561,2,2010-09-15 06:00:00,-86.2,18.3,0.0,25.2629,997.0,1
561,3,2010-09-15 12:00:00,-87.6,18.5,0.0,25.2629,991.0,1
561,4,2010-09-15 12:45:00,-87.8,18.5,0.0,25.2629,991.0,1
561,5,2010-09-15 18:00:00,-88.8,18.8,0.0,20.6696,994.0,1
561,6,2010-09-16 00:00:00,-90.1,19.2,0.0,18.373,997.0,1
561,7,2010-09-16 06:00:00,-91.1,19.4,0.0,20.6696,994.0,1
561,8,2010-09-16 12:00:00,-92.2,19.6,0.0,25.2629,986.0,1
561,9,2010-09-16 18:00:00,-93.3,19.6,0.0,32.1527,982.0,1
561,10,2010-09-17 00:00:00,-94.1,19.7,0.0,39.0426,971.0,1
561,11,2010-09-17 06:00:00,-94.9,19.7,0.0,43.6359,966.0,1
561,12,2010-09-17 12:00:00,-95.6,19.6,0.0,50.5258,956.0,1
561,13,2010-09-17 18:00:00,-96.4,19.2,0.0,41.3392,979.0,1
561,14,2010-09-18 00:00:00,-97.1,18.7,0.0,27.5595,995.0,1
562,1,2010-09-21 06:00:00,-31.8,17.3,0.0,18.373,1003.0,1
562,2,2010-09-21 12:00:00,-31.7,17.7,0.0,18.373,1002.0,1
562,3,2010-09-21 18:00:00,-31.5,17.8,0.0,18.373,1002.0,1
562,4,2010-09-24 06:00:00,-27.7,18.3,0.0,18.373,1001.0,1
562,5,2010-09-24 12:00:00,-27.6,19.0,0.0,22.9662,998.0,1
562,6,2010-09-24 18:00:00,-27.7,19.7,0.0,27.5595,993.0,1
562,7,2010-09-25 00:00:00,-27.8,20.4,0.0,34.4494,982.0,1
562,8,2010-09-25 06:00:00,-28.0,21.3,0.0,32.1527,986.0,1
562,9,2010-09-25 12:00:00,-28.3,22.3,0.0,27.5595,990.0,1
562,10,2010-09-25 18:00:00,-28.6,23.2,0.0,22.9662,996.0,1
562,11,2010-09-26 00:00:00,-28.8,24.0,0.0,18.373,1002.0,1
563,1,2010-09-24 00:00:00,-77.7,14.0,0.0,18.373,1005.0,1
563,2,2010-09-24 06:00:00,-79.3,14.0,0.0,20.6696,1003.0,1
563,3,2010-09-24 12:00:00,-81.1,14.2,0.0,20.6696,1001.0,1
563,4,2010-09-24 18:00:00,-83.0,14.6,0.0,22.9662,998.0,1
563,5,2010-09-25 00:00:00,-84.6,15.2,0.0,22.9662,998.0,1
563,6,2010-09-25 06:00:00,-86.1,15.8,0.0,20.6696,998.0,1
564,1,2010-09-28 18:00:00,-82.7,21.0,0.0,18.373,999.0,1
564,2,2010-09-29 12:00:00,-81.0,21.9,0.0,18.373,995.0,1
564,3,2010-09-29 18:00:00,-80.1,23.3,0.0,18.373,994.0,1
564,4,2010-09-30 00:00:00,-79.6,24.7,0.0,18.373,994.0,1
564,5,2010-09-30 06:00:00,-79.0,26.1,0.0,18.373,995.0,1
564,6,2010-09-30 12:00:00,-78.5,27.4,0.0,18.373,996.0,1
565,1,2010-10-06 12:00:00,-67.8,22.6,0.0,18.373,995.0,1
565,2,2010-10-06 18:00:00,-68.1,23.0,0.0,22.9662,991.0,1
565,3,2010-10-07 00:00:00,-68.2,23.2,0.0,25.2629,989.0,1
565,4,2010-10-07 06:00:00,-68.3,23.4,0.0,22.9662,990.0,1
565,5,2010-10-07 12:00:00,-68.3,23.6,0.0,20.6696,994.0,1
565,6,2010-10-07 18:00:00,-67.8,23.8,0.0,22.9662,992.0,1
565,7,2010-10-08 00:00:00,-67.0,24.0,0.0,25.2629,989.0,1
565,8,2010-10-08 06:00:00,-66.1,24.4,0.0,27.5595,986.0,1
565,9,2010-10-08 12:00:00,-64.8,25.2,0.0,29.8561,983.0,1
565,10,2010-10-08 18:00:00,-63.3,26.2,0.0,32.1527,980.0,1
565,11,2010-10-09 00:00:00,-61.7,27.2,0.0,34.4494,976.0,1
565,12,2010-10-09 06:00:00,-59.7,28.5,0.0,34.4494,978.0,1
565,13,2010-10-09 12:00:00,-57.3,30.0,0.0,32.1527,981.0,1
565,14,2010-10-09 18:00:00,-54.3,31.4,0.0,29.8561,985.0,1
565,15,2010-10-10 00:00:00,-50.9,32.7,0.0,27.5595,988.0,1
565,16,2010-10-10 06:00:00,-47.0,34.3,0.0,25.2629,988.0,1
565,17,2010-10-10 12:00:00,-42.6,36.4,0.0,25.2629,988.0,1
565,18,2010-10-10 18:00:00,-38.1,38.2,0.0,25.2629,988.0,1
565,19,2010-10-11 00:00:00,-33.8,40.3,0.0,22.9662,992.0,1
565,20,2010-10-11 06:00:00,-30.8,42.0,0.0,20.6696,995.0,1
565,21,2010-10-11 12:00:00,-28.1,43.1,0.0,18.373,998.0,1
565,22,2010-10-11 18:00:00,-26.3,43.5,0.0,18.373,998.0,1
566,1,2010-10-11 12:00:00,-83.2,15.0,0.0,20.6696,1004.0,1
566,2,2010-10-11 18:00:00,-83.8,15.7,0.0,27.5595,1001.0,1
566,3,2010-10-12 00:00:00,-84.4,16.5,0.0,29.8561,996.0,1
566,4,2010-10-12 06:00:00,-85.0,17.3,0.0,29.8561,991.0,1
566,5,2010-10-12 12:00:00,-85.6,18.1,0.0,34.4494,986.0,1
566,6,2010-10-12 18:00:00,-85.9,18.8,0.0,41.3392,981.0,1
566,7,2010-10-13 00:00:00,-86.0,19.6,0.0,41.3392,981.0,1
566,8,2010-10-13 06:00:00,-86.0,20.3,0.0,39.0426,984.0,1
566,9,2010-10-13 12:00:00,-85.9,20.9,0.0,39.0426,987.0,1
566,10,2010-10-13 18:00:00,-85.8,21.4,0.0,34.4494,990.0,1
566,11,2010-10-14 00:00:00,-85.6,21.8,0.0,34.4494,993.0,1
566,12,2010-10-14 06:00:00,-85.2,22.2,0.0,32.1527,995.0,1
566,13,2010-10-14 12:00:00,-84.5,22.6,0.0,27.5595,999.0,1
566,14,2010-10-14 18:00:00,-83.5,22.8,0.0,22.9662,1001.0,1
566,15,2010-10-15 00:00:00,-82.0,22.9,0.0,18.373,1004.0,1
567,1,2010-10-22 18:00:00,-81.5,15.8,0.0,18.373,1006.0,1
567,2,2010-10-23 00:00:00,-82.1,15.8,0.0,18.373,1006.0,1
567,3,2010-10-23 06:00:00,-82.6,15.8,0.0,20.6696,1004.0,1
567,4,2010-10-23 12:00:00,-83.1,15.9,0.0,22.9662,1000.0,1
567,5,2010-10-23 18:00:00,-83.6,16.0,0.0,25.2629,998.0,1
567,6,2010-10-24 00:00:00,-84.3,16.2,0.0,27.5595,995.0,1
567,7,2010-10-24 06:00:00,-85.2,16.5,0.0,29.8561,992.0,1
567,8,2010-10-24 12:00:00,-86.3,16.8,0.0,34.4494,990.0,1
567,9,2010-10-24 18:00:00,-87.3,17.0,0.0,36.746,984.0,1
567,10,2010-10-25 00:00:00,-88.2,17.2,0.0,39.0426,977.0,1
567,11,2010-10-25 00:30:00,-88.3,17.2,0.0,39.0426,977.0,1
567,12,2010-10-25 06:00:00,-89.2,17.4,0.0,29.8561,988.0,1
567,13,2010-10-25 12:00:00,-90.0,17.7,0.0,18.373,997.0,1
568,1,2010-10-29 18:00:00,-56.8,10.8,0.0,20.6696,998.0,1
568,2,2010-10-30 00:00:00,-57.8,11.9,0.0,25.2629,999.0,1
568,3,2010-10-30 06:00:00,-58.9,12.7,0.0,27.5595,997.0,1
568,4,2010-10-30 12:00:00,-60.1,13.1,0.0,29.8561,993.0,1
568,5,2010-10-30 18:00:00,-61.0,13.3,0.0,36.746,990.0,1
568,6,2010-10-31 00:00:00,-61.7,13.5,0.0,39.0426,982.0,1
568,7,2010-10-31 06:00:00,-62.4,13.8,0.0,39.0426,983.0,1
568,8,2010-10-31 12:00:00,-63.3,14.0,0.0,36.746,988.0,1
568,9,2010-10-31 18:00:00,-64.4,14.2,0.0,29.8561,994.0,1
568,10,2010-11-01 00:00:00,-65.8,14.1,0.0,25.2629,997.0,1
568,11,2010-11-01 06:00:00,-67.1,13.9,0.0,20.6696,1003.0,1
568,12,2010-11-01 12:00:00,-68.2,13.6,0.0,18.373,1005.0,1
568,13,2010-11-01 18:00:00,-69.2,13.5,0.0,18.373,1005.0,1
568,14,2010-11-02 00:00:00,-70.3,13.5,0.0,18.373,1005.0,1
568,15,2010-11-02 06:00:00,-71.4,13.5,0.0,20.6696,1003.0,1
568,16,2010-11-02 12:00:00,-72.5,13.5,0.0,18.373,1004.0,1
568,17,2010-11-04 00:00:00,-75.5,15.1,0.0,18.373,1003.0,1
568,18,2010-11-04 06:00:00,-75.9,15.5,0.0,18.373,998.0,1
568,19,2010-11-04 12:00:00,-76.2,15.9,0.0,20.6696,996.0,1
568,20,2010-11-04 18:00:00,-76.2,16.4,0.0,22.9662,995.0,1
568,21,2010-11-05 00:00:00,-75.7,17.0,0.0,27.5595,989.0,1
568,22,2010-11-05 06:00:00,-75.2,17.7,0.0,32.1527,985.0,1
568,23,2010-11-05 12:00:00,-74.7,18.7,0.0,34.4494,987.0,1
568,24,2010-11-05 18:00:00,-74.0,19.7,0.0,32.1527,992.0,1
568,25,2010-11-06 00:00:00,-73.1,20.4,0.0,27.5595,995.0,1
568,26,2010-11-06 06:00:00,-71.8,21.4,0.0,27.5595,992.0,1
568,27,2010-11-06 12:00:00,-70.9,22.6,0.0,27.5595,990.0,1
568,28,2010-11-06 18:00:00,-70.3,23.8,0.0,29.8561,988.0,1
568,29,2010-11-07 00:00:00,-69.8,24.9,0.0,32.1527,987.0,1
568,30,2010-11-07 06:00:00,-69.6,25.4,0.0,29.8561,990.0,1
568,31,2010-11-07 12:00:00,-69.5,25.7,0.0,27.5595,992.0,1
568,32,2010-11-07 18:00:00,-69.3,26.0,0.0,22.9662,992.0,1
568,33,2010-11-08 00:00:00,-68.5,26.0,0.0,22.9662,992.0,1
568,34,2010-11-08 06:00:00,-67.5,25.8,0.0,22.9662,992.0,1
568,35,2010-11-08 12:00:00,-66.2,25.6,0.0,22.9662,992.0,1
568,36,2010-11-08 18:00:00,-64.5,25.8,0.0,20.6696,993.0,1
568,37,2010-11-09 00:00:00,-62.3,26.5,0.0,20.6696,993.0,1
568,38,2010-11-09 06:00:00,-60.4,27.9,0.0,20.6696,994.0,1
568,39,2010-11-09 12:00:00,-58.6,29.4,0.0,20.6696,994.0,1
568,40,2010-11-09 18:00:00,-56.9,31.0,0.0,20.6696,994.0,1
568,41,2010-11-10 00:00:00,-55.4,33.3,0.0,20.6696,994.0,1
568,42,2010-11-10 06:00:00,-54.0,36.0,0.0,20.6696,994.0,1
569,1,2010-10-29 06:00:00,-64.6,28.1,0.0,18.373,1002.0,1
569,2,2010-10-29 12:00:00,-65.9,29.3,0.0,22.9662,998.0,1
569,3,2010-10-29 18:00:00,-65.8,30.2,0.0,25.2629,993.0,1
569,4,2010-10-30 00:00:00,-64.0,31.3,0.0,29.8561,990.0,1
569,5,2010-10-30 06:00:00,-60.9,32.9,0.0,29.8561,989.0,1
569,6,2010-10-30 12:00:00,-57.2,35.1,0.0,29.8561,991.0,1
569,7,2010-10-30 18:00:00,-53.5,37.0,0.0,25.2629,993.0,1
570,1,2011-06-29 12:00:00,-95.3,21.3,0.0,20.6696,1000.0,1
570,2,2011-06-29 18:00:00,-95.6,21.4,0.0,22.9662,998.0,1
570,3,2011-06-30 00:00:00,-96.1,21.6,0.0,22.9662,996.0,1
570,4,2011-06-30 06:00:00,-97.0,21.6,0.0,25.2629,994.0,1
570,5,2011-06-30 12:00:00,-97.3,21.6,0.0,25.2629,993.0,1
570,6,2011-06-30 18:00:00,-98.1,21.5,0.0,20.6696,998.0,1
571,1,2011-07-18 06:00:00,-78.0,27.1,0.0,18.373,1001.0,1
571,2,2011-07-18 12:00:00,-77.5,27.4,0.0,20.6696,999.0,1
571,3,2011-07-18 18:00:00,-77.1,27.8,0.0,27.5595,995.0,1
571,4,2011-07-19 00:00:00,-76.8,28.4,0.0,27.5595,996.0,1
571,5,2011-07-19 06:00:00,-76.6,29.0,0.0,22.9662,999.0,1
571,6,2011-07-19 12:00:00,-76.2,29.5,0.0,20.6696,999.0,1
571,7,2011-07-19 18:00:00,-75.8,30.0,0.0,20.6696,999.0,1
571,8,2011-07-20 00:00:00,-75.3,30.5,0.0,20.6696,1000.0,1
571,9,2011-07-20 06:00:00,-74.7,30.9,0.0,20.6696,1001.0,1
571,10,2011-07-20 12:00:00,-74.1,31.4,0.0,20.6696,1002.0,1
571,11,2011-07-20 18:00:00,-73.4,31.9,0.0,20.6696,1005.0,1
571,12,2011-07-21 00:00:00,-72.7,32.4,0.0,20.6696,1005.0,1
571,13,2011-07-21 06:00:00,-72.0,33.0,0.0,18.373,1005.0,1
572,1,2011-07-20 18:00:00,-54.7,34.5,0.0,18.373,1006.0,1
572,2,2011-07-21 00:00:00,-52.5,35.8,0.0,20.6696,1003.0,1
572,3,2011-07-21 06:00:00,-50.5,37.4,0.0,22.9662,999.0,1
572,4,2011-07-21 12:00:00,-48.4,39.4,0.0,25.2629,996.0,1
572,5,2011-07-21 18:00:00,-46.1,41.3,0.0,27.5595,994.0,1
572,6,2011-07-22 00:00:00,-43.7,42.6,0.0,25.2629,995.0,1
572,7,2011-07-22 06:00:00,-41.2,43.8,0.0,22.9662,997.0,1
572,8,2011-07-22 12:00:00,-38.6,45.1,0.0,20.6696,999.0,1
572,9,2011-07-22 18:00:00,-35.6,46.7,0.0,18.373,1001.0,1
572,10,2011-07-23 00:00:00,-32.1,48.4,0.0,18.373,1003.0,1
573,1,2011-07-28 12:00:00,-89.5,23.7,0.0,18.373,1001.0,1
573,2,2011-07-28 18:00:00,-90.7,24.2,0.0,18.373,1004.0,1
573,3,2011-07-29 00:00:00,-91.9,24.6,0.0,20.6696,997.0,1
573,4,2011-07-29 06:00:00,-93.1,25.1,0.0,20.6696,1000.0,1
573,5,2011-07-29 12:00:00,-94.3,25.8,0.0,20.6696,1002.0,1
573,6,2011-07-29 18:00:00,-95.5,26.4,0.0,20.6696,1004.0,1
574,1,2011-08-02 00:00:00,-61.4,14.9,0.0,18.373,1007.0,1
574,2,2011-08-02 06:00:00,-62.5,15.1,0.0,18.373,1007.0,1
574,3,2011-08-02 12:00:00,-63.6,15.4,0.0,18.373,1006.0,1
574,4,2011-08-02 18:00:00,-64.8,15.7,0.0,18.373,1005.0,1
574,5,2011-08-03 00:00:00,-66.2,16.0,0.0,20.6696,1004.0,1
574,6,2011-08-03 06:00:00,-67.7,16.3,0.0,20.6696,1003.0,1
574,7,2011-08-03 12:00:00,-69.1,16.6,0.0,20.6696,1003.0,1
574,8,2011-08-03 18:00:00,-70.3,16.8,0.0,20.6696,1003.0,1
574,9,2011-08-04 00:00:00,-70.7,16.9,0.0,20.6696,1003.0,1
574,10,2011-08-04 06:00:00,-71.3,16.9,0.0,20.6696,1004.0,1
574,11,2011-08-04 12:00:00,-72.2,17.3,0.0,20.6696,1006.0,1
575,1,2011-08-14 12:00:00,-62.9,28.1,0.0,18.373,1010.0,1
575,2,2011-08-14 18:00:00,-63.1,28.8,0.0,18.373,1009.0,1
575,3,2011-08-15 00:00:00,-63.3,29.6,0.0,20.6696,1006.0,1
575,4,2011-08-15 06:00:00,-63.4,30.6,0.0,22.9662,1003.0,1
575,5,2011-08-15 12:00:00,-63.2,31.6,0.0,25.2629,1000.0,1
575,6,2011-08-15 18:00:00,-62.7,32.9,0.0,22.9662,1003.0,1
575,7,2011-08-16 00:00:00,-61.6,34.2,0.0,20.6696,1005.0,1
575,8,2011-08-16 06:00:00,-60.3,35.6,0.0,20.6696,1007.0,1
575,9,2011-08-16 12:00:00,-58.1,37.1,0.0,18.373,1008.0,1
575,10,2011-08-16 18:00:00,-55.8,38.6,0.0,18.373,1008.0,1
576,1,2011-08-13 12:00:00,-59.0,38.6,0.0,18.373,1004.0,1
576,2,2011-08-13 18:00:00,-56.3,39.6,0.0,18.373,1004.0,1
577,1,2011-08-19 18:00:00,-84.1,16.0,0.0,18.373,1001.0,1
577,2,2011-08-20 00:00:00,-84.9,16.1,0.0,20.6696,995.0,1
577,3,2011-08-20 06:00:00,-85.8,16.3,0.0,22.9662,994.0,1
577,4,2011-08-20 12:00:00,-87.0,16.6,0.0,22.9662,998.0,1
577,5,2011-08-20 18:00:00,-88.3,17.0,0.0,25.2629,995.0,1
578,1,2011-08-21 00:00:00,-59.0,15.0,0.0,20.6696,1006.0,1
578,2,2011-08-21 06:00:00,-60.6,16.0,0.0,20.6696,1006.0,1
578,3,2011-08-21 12:00:00,-62.2,16.8,0.0,20.6696,1005.0,1
578,4,2011-08-21 18:00:00,-63.7,17.5,0.0,22.9662,999.0,1
578,5,2011-08-22 00:00:00,-65.0,17.9,0.0,27.5595,993.0,1
578,6,2011-08-22 06:00:00,-65.9,18.2,0.0,29.8561,990.0,1
578,7,2011-08-22 12:00:00,-67.0,18.9,0.0,32.1527,989.0,1
578,8,2011-08-22 18:00:00,-68.0,19.3,0.0,34.4494,988.0,1
578,9,2011-08-23 00:00:00,-68.8,19.7,0.0,36.746,981.0,1
578,10,2011-08-23 06:00:00,-69.7,20.1,0.0,36.746,978.0,1
578,11,2011-08-23 12:00:00,-70.6,20.4,0.0,36.746,978.0,1
578,12,2011-08-23 18:00:00,-71.2,20.7,0.0,36.746,977.0,1
578,13,2011-08-24 00:00:00,-71.9,21.0,0.0,36.746,969.0,1
578,14,2011-08-24 06:00:00,-72.5,21.3,0.0,43.6359,965.0,1
578,15,2011-08-24 12:00:00,-73.3,21.9,0.0,48.2291,957.0,1
578,16,2011-08-24 18:00:00,-74.3,22.7,0.0,45.9325,954.0,1
578,17,2011-08-25 00:00:00,-75.1,23.5,0.0,43.6359,952.0,1
578,18,2011-08-25 06:00:00,-75.9,24.1,0.0,43.6359,950.0,1
578,19,2011-08-25 12:00:00,-76.6,25.4,0.0,41.3392,950.0,1
578,20,2011-08-25 18:00:00,-77.2,26.5,0.0,41.3392,950.0,1
578,21,2011-08-26 00:00:00,-77.3,27.7,0.0,41.3392,946.0,1
578,22,2011-08-26 06:00:00,-77.3,28.8,0.0,41.3392,942.0,1
578,23,2011-08-26 12:00:00,-77.4,30.0,0.0,39.0426,947.0,1
578,24,2011-08-26 18:00:00,-77.5,31.1,0.0,36.746,950.0,1
578,25,2011-08-27 00:00:00,-77.1,32.1,0.0,34.4494,952.0,1
578,26,2011-08-27 06:00:00,-76.8,33.4,0.0,34.4494,952.0,1
578,27,2011-08-27 12:00:00,-76.6,34.7,0.0,34.4494,952.0,1
578,28,2011-08-27 18:00:00,-76.3,35.5,0.0,29.8561,950.0,1
578,29,2011-08-28 00:00:00,-75.7,36.7,0.0,29.8561,951.0,1
578,30,2011-08-28 06:00:00,-75.0,38.1,0.0,29.8561,958.0,1
578,31,2011-08-28 12:00:00,-74.1,40.3,0.0,25.2629,963.0,1
578,32,2011-08-28 18:00:00,-73.1,42.5,0.0,22.9662,970.0,1
578,33,2011-08-29 00:00:00,-72.1,44.2,0.0,20.6696,979.0,1
578,34,2011-08-29 06:00:00,-69.5,46.5,0.0,18.373,983.0,1
578,35,2011-08-29 12:00:00,-66.7,49.1,0.0,18.373,985.0,1
578,36,2011-08-29 18:00:00,-63.8,51.3,0.0,18.373,987.0,1
578,37,2011-08-30 00:00:00,-60.0,53.0,0.0,18.373,991.0,1
579,1,2011-08-28 06:00:00,-65.5,29.8,0.0,18.373,1007.0,1
579,2,2011-08-28 12:00:00,-65.7,30.9,0.0,18.373,1006.0,1
579,3,2011-08-28 18:00:00,-65.8,32.4,0.0,18.373,1006.0,1
579,4,2011-08-29 00:00:00,-65.6,34.2,0.0,18.373,1007.0,1
580,1,2011-08-30 06:00:00,-31.1,11.5,0.0,18.373,1004.0,1
580,2,2011-08-30 12:00:00,-32.9,12.0,0.0,20.6696,1001.0,1
580,3,2011-08-30 18:00:00,-34.6,12.6,0.0,22.9662,997.0,1
580,4,2011-08-31 00:00:00,-36.4,13.1,0.0,22.9662,997.0,1
580,5,2011-08-31 06:00:00,-38.2,13.6,0.0,25.2629,994.0,1
580,6,2011-08-31 12:00:00,-40.0,14.0,0.0,25.2629,994.0,1
580,7,2011-08-31 18:00:00,-41.8,14.4,0.0,27.5595,990.0,1
580,8,2011-09-01 00:00:00,-43.5,14.8,0.0,29.8561,988.0,1
580,9,2011-09-01 06:00:00,-45.2,15.1,0.0,29.8561,988.0,1
580,10,2011-09-01 12:00:00,-46.9,15.3,0.0,29.8561,988.0,1
580,11,2011-09-01 18:00:00,-48.5,15.7,0.0,29.8561,988.0,1
580,12,2011-09-02 00:00:00,-50.0,16.2,0.0,29.8561,988.0,1
580,13,2011-09-02 06:00:00,-51.2,16.8,0.0,29.8561,988.0,1
580,14,2011-09-02 12:00:00,-52.1,17.4,0.0,29.8561,987.0,1
580,15,2011-09-02 18:00:00,-53.0,18.0,0.0,29.8561,987.0,1
580,16,2011-09-03 00:00:00,-53.9,18.4,0.0,29.8561,987.0,1
580,17,2011-09-03 06:00:00,-54.7,18.8,0.0,29.8561,987.0,1
580,18,2011-09-03 12:00:00,-55.4,19.4,0.0,29.8561,986.0,1
580,19,2011-09-03 18:00:00,-56.2,19.9,0.0,29.8561,982.0,1
580,20,2011-09-04 00:00:00,-57.1,20.4,0.0,32.1527,978.0,1
580,21,2011-09-04 06:00:00,-57.9,21.1,0.0,34.4494,969.0,1
580,22,2011-09-04 12:00:00,-58.8,21.7,0.0,39.0426,961.0,1
580,23,2011-09-04 18:00:00,-59.7,22.3,0.0,41.3392,959.0,1
580,24,2011-09-05 00:00:00,-60.6,23.0,0.0,41.3392,957.0,1
580,25,2011-09-05 06:00:00,-61.6,23.6,0.0,43.6359,954.0,1
580,26,2011-09-05 12:00:00,-62.6,24.2,0.0,45.9325,950.0,1
580,27,2011-09-05 18:00:00,-63.4,24.8,0.0,50.5258,946.0,1
580,28,2011-09-06 00:00:00,-64.0,25.6,0.0,55.119,942.0,1
580,29,2011-09-06 06:00:00,-64.8,26.2,0.0,52.8224,946.0,1
580,30,2011-09-06 12:00:00,-65.6,26.7,0.0,48.2291,954.0,1
580,31,2011-09-06 18:00:00,-66.2,27.3,0.0,43.6359,959.0,1
580,32,2011-09-07 00:00:00,-66.9,27.7,0.0,39.0426,964.0,1
580,33,2011-09-07 06:00:00,-67.6,28.2,0.0,39.0426,967.0,1
580,34,2011-09-07 12:00:00,-68.4,28.8,0.0,36.746,969.0,1
580,35,2011-09-07 18:00:00,-69.3,29.4,0.0,36.746,969.0,1
580,36,2011-09-08 00:00:00,-69.9,30.3,0.0,36.746,968.0,1
580,37,2011-09-08 06:00:00,-70.1,31.5,0.0,36.746,967.0,1
580,38,2011-09-08 12:00:00,-70.2,32.8,0.0,36.746,966.0,1
580,39,2011-09-08 18:00:00,-70.0,34.1,0.0,36.746,965.0,1
580,40,2011-09-09 00:00:00,-69.4,35.6,0.0,36.746,964.0,1
580,41,2011-09-09 06:00:00,-68.4,37.1,0.0,34.4494,963.0,1
580,42,2011-09-09 12:00:00,-67.1,38.5,0.0,34.4494,961.0,1
580,43,2011-09-09 18:00:00,-64.6,39.8,0.0,34.4494,960.0,1
580,44,2011-09-10 00:00:00,-60.5,41.0,0.0,34.4494,958.0,1
580,45,2011-09-10 06:00:00,-56.1,42.2,0.0,34.4494,956.0,1
580,46,2011-09-10 12:00:00,-50.6,43.5,0.0,34.4494,954.0,1
580,47,2011-09-10 18:00:00,-43.7,45.4,0.0,34.4494,954.0,1
580,48,2011-09-11 00:00:00,-37.2,47.3,0.0,32.1527,957.0,1
580,49,2011-09-11 06:00:00,-31.3,49.1,0.0,32.1527,960.0,1
580,50,2011-09-11 12:00:00,-26.0,51.1,0.0,27.5595,964.0,1
580,51,2011-09-11 18:00:00,-21.1,52.8,0.0,27.5595,966.0,1
580,52,2011-09-12 00:00:00,-16.3,54.7,0.0,27.5595,968.0,1
580,53,2011-09-12 06:00:00,-11.6,56.2,0.0,27.5595,970.0,1
580,54,2011-09-12 12:00:00,-7.0,58.0,0.0,27.5595,972.0,1
580,55,2011-09-12 18:00:00,0.0,59.5,0.0,27.5595,974.0,1
581,1,2011-09-01 12:00:00,-63.7,37.4,0.0,18.373,1004.0,1
581,2,2011-09-02 06:00:00,-63.7,37.8,0.0,18.373,1002.0,1
581,3,2011-09-02 12:00:00,-62.8,38.0,0.0,18.373,1002.0,1
582,1,2011-09-02 18:00:00,-91.4,27.5,0.0,18.373,1003.0,1
582,2,2011-09-03 00:00:00,-91.5,28.0,0.0,18.373,1001.0,1
582,3,2011-09-03 06:00:00,-91.8,28.5,0.0,20.6696,997.0,1
582,4,2011-09-03 12:00:00,-92.0,29.0,0.0,22.9662,993.0,1
582,5,2011-09-03 18:00:00,-92.2,29.2,0.0,20.6696,989.0,1
582,6,2011-09-04 00:00:00,-92.5,29.4,0.0,18.373,988.0,1
582,7,2011-09-04 06:00:00,-92.5,29.5,0.0,18.373,986.0,1
582,8,2011-09-05 12:00:00,-90.1,30.6,0.0,18.373,995.0,1
582,9,2011-09-05 18:00:00,-88.3,31.5,0.0,18.373,995.0,1
583,1,2011-09-07 06:00:00,-39.1,12.3,0.0,18.373,1006.0,1
583,2,2011-09-07 12:00:00,-41.0,12.8,0.0,20.6696,1004.0,1
583,3,2011-09-07 18:00:00,-43.0,13.0,0.0,20.6696,1004.0,1
583,4,2011-09-08 00:00:00,-45.2,13.2,0.0,20.6696,1003.0,1
583,5,2011-09-08 06:00:00,-47.7,13.2,0.0,20.6696,1002.0,1
583,6,2011-09-08 12:00:00,-50.1,13.0,0.0,18.373,1004.0,1
583,7,2011-09-08 18:00:00,-52.1,13.2,0.0,18.373,1004.0,1
583,8,2011-09-09 00:00:00,-53.7,13.5,0.0,18.373,1004.0,1
583,9,2011-09-09 06:00:00,-55.2,13.9,0.0,18.373,1003.0,1
583,10,2011-09-09 12:00:00,-56.6,14.3,0.0,20.6696,1003.0,1
583,11,2011-09-09 18:00:00,-57.9,14.9,0.0,20.6696,1004.0,1
583,12,2011-09-10 00:00:00,-59.0,15.4,0.0,20.6696,1004.0,1
583,13,2011-09-10 06:00:00,-60.0,16.0,0.0,20.6696,1005.0,1
583,14,2011-09-10 12:00:00,-61.1,16.9,0.0,20.6696,1005.0,1
583,15,2011-09-10 18:00:00,-62.0,17.8,0.0,20.6696,1005.0,1
583,16,2011-09-11 00:00:00,-62.7,18.3,0.0,20.6696,1005.0,1
583,17,2011-09-11 06:00:00,-63.4,18.7,0.0,22.9662,1004.0,1
583,18,2011-09-11 12:00:00,-64.1,19.1,0.0,22.9662,1004.0,1
583,19,2011-09-11 18:00:00,-64.7,19.6,0.0,22.9662,1005.0,1
583,20,2011-09-12 00:00:00,-65.3,20.0,0.0,22.9662,1005.0,1
583,21,2011-09-12 06:00:00,-66.1,20.4,0.0,22.9662,1005.0,1
583,22,2011-09-12 12:00:00,-66.9,20.6,0.0,22.9662,1006.0,1
583,23,2011-09-12 18:00:00,-67.1,20.8,0.0,22.9662,1006.0,1
583,24,2011-09-13 00:00:00,-67.3,21.0,0.0,20.6696,1006.0,1
583,25,2011-09-13 06:00:00,-67.5,21.3,0.0,20.6696,1006.0,1
583,26,2011-09-13 12:00:00,-67.7,21.7,0.0,20.6696,1006.0,1
583,27,2011-09-13 18:00:00,-68.0,22.3,0.0,20.6696,1005.0,1
583,28,2011-09-14 00:00:00,-68.5,23.1,0.0,20.6696,1004.0,1
583,29,2011-09-14 06:00:00,-69.0,23.9,0.0,22.9662,1001.0,1
583,30,2011-09-14 12:00:00,-69.3,24.7,0.0,22.9662,1001.0,1
583,31,2011-09-14 18:00:00,-69.3,25.8,0.0,25.2629,1000.0,1
583,32,2011-09-15 00:00:00,-68.9,27.2,0.0,27.5595,999.0,1
583,33,2011-09-15 06:00:00,-68.4,28.8,0.0,27.5595,995.0,1
583,34,2011-09-15 12:00:00,-67.8,30.9,0.0,27.5595,991.0,1
583,35,2011-09-15 18:00:00,-66.9,33.7,0.0,29.8561,987.0,1
583,36,2011-09-16 00:00:00,-64.8,36.8,0.0,32.1527,984.0,1
583,37,2011-09-16 06:00:00,-62.1,39.8,0.0,32.1527,983.0,1
583,38,2011-09-16 12:00:00,-58.2,42.9,0.0,29.8561,983.0,1
583,39,2011-09-16 18:00:00,-53.9,46.7,0.0,27.5595,983.0,1
583,40,2011-09-16 18:30:00,-53.5,47.0,0.0,27.5595,983.0,1
584,1,2011-09-07 18:00:00,-92.6,20.3,0.0,18.373,1004.0,1
584,2,2011-09-08 00:00:00,-92.5,20.2,0.0,20.6696,1003.0,1
584,3,2011-09-08 06:00:00,-92.4,20.1,0.0,22.9662,1000.0,1
584,4,2011-09-08 12:00:00,-92.3,19.9,0.0,25.2629,997.0,1
584,5,2011-09-08 18:00:00,-92.3,19.7,0.0,29.8561,995.0,1
584,6,2011-09-09 00:00:00,-92.1,19.7,0.0,29.8561,994.0,1
584,7,2011-09-09 06:00:00,-92.2,19.9,0.0,25.2629,998.0,1
584,8,2011-09-09 12:00:00,-92.4,20.0,0.0,22.9662,999.0,1
584,9,2011-09-09 18:00:00,-92.7,20.0,0.0,20.6696,999.0,1
584,10,2011-09-10 00:00:00,-93.0,20.0,0.0,20.6696,1000.0,1
584,11,2011-09-10 06:00:00,-93.4,20.0,0.0,20.6696,1000.0,1
584,12,2011-09-10 12:00:00,-93.8,20.1,0.0,22.9662,1000.0,1
584,13,2011-09-10 18:00:00,-94.2,20.1,0.0,25.2629,1000.0,1
584,14,2011-09-11 00:00:00,-94.7,20.1,0.0,25.2629,1000.0,1
584,15,2011-09-11 06:00:00,-95.4,20.0,0.0,22.9662,1003.0,1
584,16,2011-09-11 12:00:00,-96.4,20.3,0.0,18.373,1005.0,1
585,1,2011-09-21 00:00:00,-39.7,12.5,0.0,18.373,1005.0,1
585,2,2011-09-21 06:00:00,-41.1,12.7,0.0,20.6696,1004.0,1
585,3,2011-09-21 12:00:00,-42.6,12.9,0.0,22.9662,999.0,1
585,4,2011-09-21 18:00:00,-44.1,13.1,0.0,22.9662,999.0,1
585,5,2011-09-22 00:00:00,-45.2,13.3,0.0,22.9662,998.0,1
585,6,2011-09-22 06:00:00,-46.3,13.5,0.0,25.2629,993.0,1
585,7,2011-09-22 12:00:00,-47.3,13.7,0.0,25.2629,993.0,1
585,8,2011-09-22 18:00:00,-48.3,13.9,0.0,22.9662,997.0,1
585,9,2011-09-23 00:00:00,-49.4,14.1,0.0,20.6696,1000.0,1
585,10,2011-09-23 06:00:00,-50.5,14.4,0.0,18.373,1003.0,1
585,11,2011-09-23 12:00:00,-51.7,14.7,0.0,20.6696,1003.0,1
585,12,2011-09-23 18:00:00,-52.9,15.2,0.0,22.9662,1001.0,1
585,13,2011-09-24 00:00:00,-54.0,15.8,0.0,20.6696,1004.0,1
585,14,2011-09-24 06:00:00,-54.8,16.5,0.0,20.6696,1005.0,1
585,15,2011-09-24 12:00:00,-55.9,17.2,0.0,20.6696,1005.0,1
585,16,2011-09-24 18:00:00,-57.0,17.6,0.0,18.373,1007.0,1
585,17,2011-09-25 00:00:00,-58.0,17.9,0.0,18.373,1008.0,1
585,18,2011-09-28 06:00:00,-59.6,18.2,0.0,18.373,1005.0,1
585,19,2011-09-28 12:00:00,-59.8,18.4,0.0,18.373,1001.0,1
585,20,2011-09-28 18:00:00,-60.1,18.7,0.0,20.6696,1001.0,1
585,21,2011-09-29 00:00:00,-60.5,19.1,0.0,22.9662,995.0,1
585,22,2011-09-29 06:00:00,-60.9,19.6,0.0,25.2629,995.0,1
585,23,2011-09-29 12:00:00,-61.4,20.2,0.0,25.2629,991.0,1
585,24,2011-09-29 18:00:00,-61.9,21.0,0.0,29.8561,987.0,1
585,25,2011-09-30 00:00:00,-62.3,21.6,0.0,32.1527,982.0,1
585,26,2011-09-30 06:00:00,-62.7,22.4,0.0,39.0426,971.0,1
585,27,2011-09-30 12:00:00,-63.0,23.4,0.0,43.6359,966.0,1
585,28,2011-09-30 18:00:00,-63.3,24.6,0.0,45.9325,959.0,1
585,29,2011-10-01 00:00:00,-63.3,25.9,0.0,48.2291,955.0,1
585,30,2011-10-01 06:00:00,-63.2,27.3,0.0,48.2291,951.0,1
585,31,2011-10-01 12:00:00,-63.1,28.9,0.0,48.2291,948.0,1
585,32,2011-10-01 18:00:00,-62.9,30.7,0.0,50.5258,946.0,1
585,33,2011-10-02 00:00:00,-62.5,32.8,0.0,55.119,940.0,1
585,34,2011-10-02 06:00:00,-62.1,35.0,0.0,50.5258,945.0,1
585,35,2011-10-02 12:00:00,-61.6,37.4,0.0,48.2291,951.0,1
585,36,2011-10-02 18:00:00,-60.8,40.1,0.0,41.3392,960.0,1
585,37,2011-10-03 00:00:00,-59.6,42.8,0.0,32.1527,972.0,1
585,38,2011-10-03 06:00:00,-57.6,45.4,0.0,27.5595,980.0,1
585,39,2011-10-03 12:00:00,-54.0,47.4,0.0,22.9662,994.0,1
585,40,2011-10-03 18:00:00,-49.2,48.9,0.0,20.6696,994.0,1
585,41,2011-10-04 00:00:00,-43.6,49.9,0.0,18.373,994.0,1
585,42,2011-10-04 06:00:00,-37.8,50.6,0.0,18.373,996.0,1
585,43,2011-10-04 12:00:00,-31.9,51.3,0.0,18.373,996.0,1
586,1,2011-09-25 06:00:00,-29.4,12.1,0.0,18.373,1006.0,1
586,2,2011-09-25 12:00:00,-30.3,12.7,0.0,18.373,1006.0,1
586,3,2011-09-25 18:00:00,-31.2,13.2,0.0,20.6696,1005.0,1
586,4,2011-09-26 00:00:00,-32.1,13.8,0.0,20.6696,1005.0,1
586,5,2011-09-26 06:00:00,-33.0,14.4,0.0,20.6696,1004.0,1
586,6,2011-09-26 12:00:00,-33.6,14.9,0.0,22.9662,1003.0,1
586,7,2011-09-26 18:00:00,-34.1,15.3,0.0,22.9662,1003.0,1
586,8,2011-09-27 00:00:00,-34.4,15.4,0.0,20.6696,1004.0,1
586,9,2011-09-27 06:00:00,-34.7,15.5,0.0,20.6696,1004.0,1
586,10,2011-09-27 12:00:00,-35.2,15.6,0.0,18.373,1005.0,1
586,11,2011-09-28 18:00:00,-39.4,16.6,0.0,18.373,1005.0,1
586,12,2011-09-29 00:00:00,-40.5,17.1,0.0,18.373,1005.0,1
586,13,2011-09-29 06:00:00,-41.5,17.8,0.0,20.6696,1004.0,1
586,14,2011-09-29 12:00:00,-42.3,18.7,0.0,20.6696,1004.0,1
586,15,2011-09-29 18:00:00,-43.0,19.7,0.0,20.6696,1005.0,1
586,16,2011-09-30 00:00:00,-43.6,20.7,0.0,18.373,1007.0,1
586,17,2011-09-30 06:00:00,-44.2,21.7,0.0,18.373,1007.0,1
586,18,2011-09-30 12:00:00,-44.8,22.5,0.0,20.6696,1006.0,1
586,19,2011-09-30 18:00:00,-45.6,23.2,0.0,20.6696,1005.0,1
586,20,2011-10-01 00:00:00,-46.3,23.8,0.0,22.9662,1003.0,1
586,21,2011-10-01 06:00:00,-47.0,24.1,0.0,25.2629,999.0,1
586,22,2011-10-01 12:00:00,-47.6,24.4,0.0,27.5595,997.0,1
586,23,2011-10-01 18:00:00,-48.4,24.8,0.0,27.5595,995.0,1
586,24,2011-10-02 00:00:00,-49.3,25.2,0.0,27.5595,993.0,1
586,25,2011-10-02 06:00:00,-50.3,25.8,0.0,22.9662,998.0,1
586,26,2011-10-02 12:00:00,-51.2,26.2,0.0,18.373,1004.0,1
586,27,2011-10-02 18:00:00,-52.3,26.3,0.0,18.373,1004.0,1
586,28,2011-10-03 00:00:00,-53.2,26.2,0.0,20.6696,1004.0,1
586,29,2011-10-03 06:00:00,-54.0,25.6,0.0,22.9662,1001.0,1
586,30,2011-10-03 12:00:00,-54.8,24.9,0.0,25.2629,998.0,1
586,31,2011-10-03 18:00:00,-55.6,24.3,0.0,27.5595,995.0,1
586,32,2011-10-04 00:00:00,-56.6,23.8,0.0,29.8561,992.0,1
586,33,2011-10-04 06:00:00,-57.7,23.7,0.0,29.8561,992.0,1
586,34,2011-10-04 12:00:00,-58.7,23.8,0.0,27.5595,993.0,1
586,35,2011-10-04 18:00:00,-59.6,24.0,0.0,27.5595,994.0,1
586,36,2011-10-05 00:00:00,-60.2,24.3,0.0,27.5595,994.0,1
586,37,2011-10-05 06:00:00,-60.7,24.7,0.0,27.5595,994.0,1
586,38,2011-10-05 12:00:00,-61.0,25.2,0.0,25.2629,995.0,1
586,39,2011-10-05 18:00:00,-61.1,25.5,0.0,25.2629,995.0,1
586,40,2011-10-06 00:00:00,-61.1,25.9,0.0,27.5595,992.0,1
586,41,2011-10-06 06:00:00,-61.0,26.5,0.0,29.8561,987.0,1
586,42,2011-10-06 12:00:00,-60.4,27.4,0.0,32.1527,983.0,1
586,43,2011-10-06 18:00:00,-59.7,28.2,0.0,36.746,977.0,1
586,44,2011-10-07 00:00:00,-58.8,28.7,0.0,36.746,976.0,1
586,45,2011-10-07 06:00:00,-57.7,29.0,0.0,36.746,976.0,1
586,46,2011-10-07 12:00:00,-56.5,29.3,0.0,36.746,977.0,1
586,47,2011-10-07 18:00:00,-55.1,29.7,0.0,32.1527,981.0,1
586,48,2011-10-08 00:00:00,-53.5,30.1,0.0,29.8561,986.0,1
586,49,2011-10-08 06:00:00,-51.4,30.9,0.0,27.5595,987.0,1
586,50,2011-10-08 12:00:00,-48.7,32.3,0.0,27.5595,987.0,1
586,51,2011-10-08 18:00:00,-46.0,34.4,0.0,22.9662,987.0,1
586,52,2011-10-09 00:00:00,-43.6,37.5,0.0,20.6696,987.0,1
587,1,2011-10-24 06:00:00,-82.2,16.5,0.0,18.373,1003.0,1
587,2,2011-10-24 12:00:00,-82.6,16.9,0.0,22.9662,1001.0,1
587,3,2011-10-24 18:00:00,-83.0,17.1,0.0,29.8561,991.0,1
587,4,2011-10-25 00:00:00,-83.2,17.2,0.0,34.4494,982.0,1
587,5,2011-10-25 06:00:00,-83.5,17.3,0.0,41.3392,976.0,1
587,6,2011-10-25 12:00:00,-83.8,17.3,0.0,43.6359,972.0,1
587,7,2011-10-25 18:00:00,-84.2,17.3,0.0,45.9325,971.0,1
587,8,2011-10-26 00:00:00,-84.6,17.4,0.0,45.9325,966.0,1
587,9,2011-10-26 06:00:00,-85.0,17.5,0.0,45.9325,969.0,1
587,10,2011-10-26 12:00:00,-85.4,17.7,0.0,39.0426,973.0,1
587,11,2011-10-26 18:00:00,-85.8,18.0,0.0,36.746,976.0,1
587,12,2011-10-27 00:00:00,-86.3,18.3,0.0,36.746,978.0,1
587,13,2011-10-27 06:00:00,-86.7,18.6,0.0,29.8561,987.0,1
587,14,2011-10-27 12:00:00,-86.9,19.0,0.0,27.5595,988.0,1
587,15,2011-10-27 18:00:00,-87.1,19.5,0.0,27.5595,991.0,1
587,16,2011-10-28 00:00:00,-87.2,20.2,0.0,25.2629,996.0,1
587,17,2011-10-28 06:00:00,-87.1,20.9,0.0,22.9662,998.0,1
587,18,2011-10-28 12:00:00,-86.9,21.4,0.0,18.373,1002.0,1
588,1,2011-11-06 00:00:00,-70.0,28.5,0.0,20.6696,1005.0,1
588,2,2011-11-06 06:00:00,-69.2,28.5,0.0,20.6696,1005.0,1
588,3,2011-11-06 12:00:00,-68.8,28.4,0.0,20.6696,1005.0,1
588,4,2011-11-06 18:00:00,-68.5,28.0,0.0,20.6696,1005.0,1
588,5,2011-11-07 00:00:00,-68.6,27.9,0.0,20.6696,1005.0,1
588,6,2011-11-07 06:00:00,-68.7,27.7,0.0,18.373,1005.0,1
588,7,2011-11-07 12:00:00,-69.0,27.5,0.0,18.373,1005.0,1
588,8,2011-11-07 18:00:00,-69.3,27.6,0.0,18.373,1004.0,1
588,9,2011-11-08 00:00:00,-69.6,27.6,0.0,18.373,1002.0,1
588,10,2011-11-08 06:00:00,-69.8,27.7,0.0,18.373,1001.0,1
588,11,2011-11-08 12:00:00,-70.0,27.8,0.0,20.6696,1000.0,1
588,12,2011-11-08 18:00:00,-70.0,27.8,0.0,20.6696,999.0,1
588,13,2011-11-09 00:00:00,-70.1,27.8,0.0,20.6696,999.0,1
588,14,2011-11-09 06:00:00,-70.2,27.8,0.0,22.9662,996.0,1
588,15,2011-11-09 12:00:00,-70.4,27.9,0.0,25.2629,994.0,1
588,16,2011-11-09 18:00:00,-70.6,28.3,0.0,25.2629,991.0,1
588,17,2011-11-10 00:00:00,-70.7,29.0,0.0,25.2629,987.0,1
588,18,2011-11-10 06:00:00,-70.9,29.7,0.0,25.2629,984.0,1
588,19,2011-11-10 12:00:00,-70.7,30.2,0.0,25.2629,982.0,1
588,20,2011-11-10 18:00:00,-70.0,30.5,0.0,25.2629,983.0,1
588,21,2011-11-11 00:00:00,-69.0,31.0,0.0,25.2629,984.0,1
588,22,2011-11-11 06:00:00,-67.2,32.2,0.0,22.9662,987.0,1
588,23,2011-11-11 12:00:00,-65.3,33.4,0.0,20.6696,991.0,1
588,24,2011-11-11 18:00:00,-62.6,34.8,0.0,18.373,995.0,1
589,1,2012-05-19 12:00:00,-77.3,32.5,0.0,18.373,1005.0,1
589,2,2012-05-19 18:00:00,-77.6,32.3,0.0,20.6696,997.0,1
589,3,2012-05-20 00:00:00,-78.1,32.1,0.0,22.9662,995.0,1
589,4,2012-05-20 06:00:00,-78.7,31.9,0.0,20.6696,998.0,1
589,5,2012-05-20 12:00:00,-79.5,31.5,0.0,18.373,1000.0,1
589,6,2012-05-20 18:00:00,-79.9,31.1,0.0,18.373,1005.0,1
590,1,2012-05-26 00:00:00,-75.0,32.3,0.0,18.373,1001.0,1
590,2,2012-05-26 06:00:00,-75.3,32.4,0.0,18.373,1001.0,1
590,3,2012-05-26 12:00:00,-75.9,32.0,0.0,18.373,1000.0,1
590,4,2012-05-26 18:00:00,-76.2,31.5,0.0,18.373,999.0,1
590,5,2012-05-27 00:00:00,-77.0,31.1,0.0,20.6696,998.0,1
590,6,2012-05-27 06:00:00,-78.0,30.7,0.0,20.6696,998.0,1
590,7,2012-05-27 12:00:00,-78.9,30.3,0.0,22.9662,998.0,1
590,8,2012-05-27 18:00:00,-79.8,30.1,0.0,25.2629,997.0,1
590,9,2012-05-28 00:00:00,-80.7,30.1,0.0,27.5595,993.0,1
590,10,2012-05-28 06:00:00,-81.7,30.2,0.0,22.9662,996.0,1
590,11,2012-05-30 12:00:00,-78.9,33.7,0.0,18.373,1000.0,1
590,12,2012-05-30 18:00:00,-77.1,34.5,0.0,18.373,997.0,1
590,13,2012-05-31 00:00:00,-75.1,35.4,0.0,20.6696,994.0,1
590,14,2012-05-31 06:00:00,-72.9,36.3,0.0,18.373,996.0,1
591,1,2012-06-18 18:00:00,-61.3,38.0,0.0,18.373,1004.0,1
591,2,2012-06-19 00:00:00,-60.4,38.6,0.0,18.373,1003.0,1
591,3,2012-06-19 06:00:00,-59.6,39.1,0.0,18.373,1003.0,1
591,4,2012-06-19 12:00:00,-58.7,39.4,0.0,18.373,1003.0,1
591,5,2012-06-19 18:00:00,-58.0,39.5,0.0,18.373,1003.0,1
591,6,2012-06-20 00:00:00,-56.7,38.9,0.0,18.373,1003.0,1
591,7,2012-06-20 06:00:00,-54.7,38.3,0.0,18.373,1002.0,1
591,8,2012-06-20 12:00:00,-52.5,38.1,0.0,20.6696,1001.0,1
591,9,2012-06-20 18:00:00,-50.2,38.2,0.0,22.9662,999.0,1
591,10,2012-06-21 00:00:00,-47.5,38.6,0.0,27.5595,991.0,1
591,11,2012-06-21 06:00:00,-45.5,39.5,0.0,32.1527,982.0,1
591,12,2012-06-21 12:00:00,-43.9,40.5,0.0,34.4494,974.0,1
591,13,2012-06-21 18:00:00,-42.9,41.9,0.0,32.1527,975.0,1
591,14,2012-06-22 00:00:00,-42.8,43.3,0.0,27.5595,978.0,1
591,15,2012-06-22 06:00:00,-43.9,44.5,0.0,22.9662,982.0,1
591,16,2012-06-22 12:00:00,-45.8,44.8,0.0,20.6696,985.0,1
591,17,2012-06-22 18:00:00,-47.8,44.2,0.0,18.373,988.0,1
592,1,2012-06-23 18:00:00,-87.5,26.0,0.0,18.373,1001.0,1
592,2,2012-06-24 00:00:00,-87.4,26.5,0.0,20.6696,998.0,1
592,3,2012-06-24 06:00:00,-87.2,27.0,0.0,22.9662,995.0,1
592,4,2012-06-24 12:00:00,-86.8,27.6,0.0,25.2629,994.0,1
592,5,2012-06-24 18:00:00,-86.3,28.0,0.0,25.2629,992.0,1
592,6,2012-06-25 00:00:00,-86.0,28.3,0.0,22.9662,990.0,1
592,7,2012-06-25 06:00:00,-85.8,28.6,0.0,20.6696,993.0,1
592,8,2012-06-25 12:00:00,-85.6,28.8,0.0,18.373,994.0,1
592,9,2012-06-25 18:00:00,-85.3,29.0,0.0,18.373,992.0,1
592,10,2012-06-26 00:00:00,-85.0,29.0,0.0,20.6696,991.0,1
592,11,2012-06-26 06:00:00,-84.7,28.9,0.0,18.373,991.0,1
592,12,2012-06-26 12:00:00,-84.3,28.9,0.0,18.373,992.0,1
593,1,2012-08-02 18:00:00,-55.5,13.2,0.0,20.6696,1006.0,1
593,2,2012-08-03 00:00:00,-57.5,13.4,0.0,20.6696,1005.0,1
593,3,2012-08-03 06:00:00,-59.7,13.6,0.0,18.373,1005.0,1
593,4,2012-08-03 12:00:00,-61.6,13.7,0.0,18.373,1003.0,1
593,5,2012-08-03 18:00:00,-63.3,13.8,0.0,18.373,1003.0,1
593,6,2012-08-04 00:00:00,-64.8,13.8,0.0,18.373,1004.0,1
593,7,2012-08-04 06:00:00,-66.4,13.9,0.0,20.6696,1005.0,1
593,8,2012-08-04 12:00:00,-67.9,14.2,0.0,20.6696,1005.0,1
593,9,2012-08-04 18:00:00,-69.5,14.6,0.0,20.6696,1005.0,1
593,10,2012-08-05 00:00:00,-71.5,15.0,0.0,20.6696,1006.0,1
593,11,2012-08-05 06:00:00,-73.8,15.0,0.0,20.6696,1006.0,1
593,12,2012-08-05 12:00:00,-76.1,15.0,0.0,20.6696,1006.0,1
593,13,2012-08-05 18:00:00,-77.8,15.1,0.0,20.6696,1005.0,1
593,14,2012-08-06 00:00:00,-78.9,15.2,0.0,20.6696,1003.0,1
593,15,2012-08-06 06:00:00,-79.6,15.4,0.0,22.9662,998.0,1
593,16,2012-08-06 12:00:00,-80.2,15.7,0.0,25.2629,996.0,1
593,17,2012-08-06 18:00:00,-81.2,16.2,0.0,25.2629,995.0,1
593,18,2012-08-07 00:00:00,-82.2,16.7,0.0,25.2629,994.0,1
593,19,2012-08-07 06:00:00,-83.3,17.3,0.0,25.2629,993.0,1
593,20,2012-08-07 12:00:00,-84.4,17.8,0.0,29.8561,988.0,1
593,21,2012-08-07 18:00:00,-85.7,18.4,0.0,34.4494,983.0,1
593,22,2012-08-08 00:00:00,-87.1,18.7,0.0,36.746,979.0,1
593,23,2012-08-08 06:00:00,-88.3,18.8,0.0,36.746,973.0,1
593,24,2012-08-08 12:00:00,-89.6,18.8,0.0,27.5595,983.0,1
593,25,2012-08-08 18:00:00,-90.8,18.8,0.0,22.9662,993.0,1
593,26,2012-08-09 00:00:00,-91.7,18.8,0.0,25.2629,993.0,1
593,27,2012-08-09 06:00:00,-92.8,18.7,0.0,27.5595,992.0,1
593,28,2012-08-09 12:00:00,-93.8,18.4,0.0,25.2629,989.0,1
593,29,2012-08-09 18:00:00,-94.9,18.2,0.0,22.9662,993.0,1
593,30,2012-08-10 00:00:00,-96.0,18.0,0.0,18.373,997.0,1
594,1,2012-08-04 12:00:00,-29.9,14.7,0.0,18.373,1005.0,1
594,2,2012-08-04 18:00:00,-31.2,15.3,0.0,20.6696,1003.0,1
594,3,2012-08-05 00:00:00,-32.5,15.8,0.0,22.9662,1002.0,1
594,4,2012-08-05 06:00:00,-33.8,16.1,0.0,22.9662,1002.0,1
594,5,2012-08-05 12:00:00,-35.0,16.2,0.0,20.6696,1004.0,1
594,6,2012-08-05 18:00:00,-36.2,16.2,0.0,20.6696,1005.0,1
595,1,2012-08-17 18:00:00,-95.9,20.3,0.0,18.373,1004.0,1
596,1,2012-08-16 06:00:00,-55.2,31.7,0.0,18.373,1009.0,1
596,2,2012-08-16 12:00:00,-54.4,32.9,0.0,20.6696,1006.0,1
596,3,2012-08-16 18:00:00,-53.0,33.9,0.0,25.2629,998.0,1
596,4,2012-08-17 00:00:00,-51.1,34.3,0.0,27.5595,995.0,1
596,5,2012-08-17 06:00:00,-49.1,34.6,0.0,25.2629,998.0,1
596,6,2012-08-17 12:00:00,-47.0,34.4,0.0,25.2629,997.0,1
596,7,2012-08-17 18:00:00,-45.0,34.3,0.0,25.2629,993.0,1
596,8,2012-08-18 00:00:00,-43.1,34.2,0.0,27.5595,990.0,1
596,9,2012-08-18 06:00:00,-41.5,34.0,0.0,29.8561,987.0,1
596,10,2012-08-18 12:00:00,-39.6,34.0,0.0,34.4494,979.0,1
596,11,2012-08-18 18:00:00,-37.5,34.0,0.0,41.3392,969.0,1
596,12,2012-08-19 00:00:00,-35.0,34.3,0.0,43.6359,965.0,1
596,13,2012-08-19 06:00:00,-32.6,34.7,0.0,41.3392,969.0,1
596,14,2012-08-19 12:00:00,-30.6,35.2,0.0,41.3392,969.0,1
596,15,2012-08-19 18:00:00,-28.5,35.7,0.0,36.746,977.0,1
596,16,2012-08-20 00:00:00,-26.6,36.4,0.0,32.1527,981.0,1
596,17,2012-08-20 06:00:00,-25.0,37.1,0.0,29.8561,984.0,1
596,18,2012-08-20 12:00:00,-23.2,37.9,0.0,27.5595,990.0,1
596,19,2012-08-20 18:00:00,-21.1,38.9,0.0,20.6696,996.0,1
596,20,2012-08-21 00:00:00,-19.3,39.8,0.0,18.373,1000.0,1
596,21,2012-08-21 06:00:00,-17.7,40.0,0.0,18.373,1002.0,1
597,1,2012-08-22 00:00:00,-54.8,15.4,0.0,18.373,1004.0,1
597,2,2012-08-22 06:00:00,-56.6,15.7,0.0,20.6696,1003.0,1
597,3,2012-08-22 12:00:00,-58.6,15.9,0.0,20.6696,1004.0,1
597,4,2012-08-22 18:00:00,-60.4,16.1,0.0,20.6696,1004.0,1
597,5,2012-08-23 00:00:00,-62.0,15.7,0.0,20.6696,1004.0,1
597,6,2012-08-23 06:00:00,-63.4,15.0,0.0,20.6696,1004.0,1
597,7,2012-08-23 12:00:00,-65.0,15.1,0.0,20.6696,1003.0,1
597,8,2012-08-23 18:00:00,-66.4,15.6,0.0,20.6696,1003.0,1
597,9,2012-08-24 00:00:00,-67.8,15.7,0.0,20.6696,1002.0,1
597,10,2012-08-24 06:00:00,-69.1,15.4,0.0,20.6696,998.0,1
597,11,2012-08-24 12:00:00,-70.4,15.7,0.0,22.9662,995.0,1
597,12,2012-08-24 18:00:00,-71.2,16.6,0.0,25.2629,993.0,1
597,13,2012-08-25 00:00:00,-71.8,17.3,0.0,25.2629,992.0,1
597,14,2012-08-25 06:00:00,-72.7,18.3,0.0,25.2629,991.0,1
597,15,2012-08-25 12:00:00,-73.9,19.6,0.0,22.9662,997.0,1
597,16,2012-08-25 18:00:00,-75.2,20.8,0.0,22.9662,997.0,1
597,17,2012-08-26 00:00:00,-76.7,21.8,0.0,22.9662,997.0,1
597,18,2012-08-26 06:00:00,-78.3,22.7,0.0,25.2629,995.0,1
597,19,2012-08-26 12:00:00,-80.0,23.4,0.0,25.2629,995.0,1
597,20,2012-08-26 18:00:00,-81.4,23.7,0.0,22.9662,992.0,1
597,21,2012-08-27 00:00:00,-82.6,24.2,0.0,22.9662,990.0,1
597,22,2012-08-27 06:00:00,-83.6,25.0,0.0,22.9662,989.0,1
597,23,2012-08-27 12:00:00,-84.7,25.7,0.0,25.2629,987.0,1
597,24,2012-08-27 18:00:00,-85.7,26.3,0.0,27.5595,982.0,1
597,25,2012-08-28 00:00:00,-86.7,26.8,0.0,27.5595,979.0,1
597,26,2012-08-28 06:00:00,-87.6,27.4,0.0,27.5595,978.0,1
597,27,2012-08-28 12:00:00,-88.3,28.0,0.0,29.8561,975.0,1
597,28,2012-08-28 18:00:00,-88.8,28.6,0.0,32.1527,972.0,1
597,29,2012-08-29 00:00:00,-89.4,28.9,0.0,32.1527,967.0,1
597,30,2012-08-29 06:00:00,-90.0,29.1,0.0,32.1527,966.0,1
597,31,2012-08-29 12:00:00,-90.5,29.4,0.0,29.8561,968.0,1
597,32,2012-08-29 18:00:00,-90.8,29.7,0.0,27.5595,973.0,1
597,33,2012-08-30 00:00:00,-91.1,30.1,0.0,25.2629,977.0,1
597,34,2012-08-30 06:00:00,-91.5,30.6,0.0,25.2629,982.0,1
597,35,2012-08-30 12:00:00,-91.9,31.3,0.0,20.6696,987.0,1
598,1,2012-08-30 18:00:00,-44.2,14.2,0.0,18.373,1004.0,1
598,2,2012-08-31 00:00:00,-45.8,14.7,0.0,20.6696,1002.0,1
598,3,2012-08-31 06:00:00,-47.4,15.3,0.0,22.9662,1001.0,1
598,4,2012-08-31 12:00:00,-49.0,16.0,0.0,25.2629,999.0,1
598,5,2012-08-31 18:00:00,-50.6,16.5,0.0,25.2629,999.0,1
598,6,2012-09-01 00:00:00,-52.2,17.1,0.0,27.5595,998.0,1
598,7,2012-09-01 06:00:00,-53.8,17.6,0.0,27.5595,996.0,1
598,8,2012-09-01 12:00:00,-55.3,18.1,0.0,27.5595,995.0,1
598,9,2012-09-01 18:00:00,-56.8,18.8,0.0,27.5595,994.0,1
598,10,2012-09-02 00:00:00,-58.1,19.6,0.0,27.5595,994.0,1
598,11,2012-09-02 06:00:00,-59.4,20.4,0.0,25.2629,995.0,1
598,12,2012-09-02 12:00:00,-60.7,21.2,0.0,22.9662,997.0,1
598,13,2012-09-02 18:00:00,-61.4,22.1,0.0,22.9662,997.0,1
598,14,2012-09-03 00:00:00,-61.7,22.9,0.0,22.9662,997.0,1
598,15,2012-09-03 06:00:00,-62.2,23.4,0.0,22.9662,996.0,1
598,16,2012-09-03 12:00:00,-62.6,23.5,0.0,22.9662,993.0,1
598,17,2012-09-03 18:00:00,-62.8,23.8,0.0,25.2629,990.0,1
598,18,2012-09-04 00:00:00,-62.6,24.2,0.0,27.5595,989.0,1
598,19,2012-09-04 06:00:00,-62.5,24.5,0.0,27.5595,988.0,1
598,20,2012-09-04 12:00:00,-62.5,24.8,0.0,27.5595,988.0,1
598,21,2012-09-04 18:00:00,-62.6,25.0,0.0,27.5595,988.0,1
598,22,2012-09-05 00:00:00,-62.8,25.2,0.0,27.5595,988.0,1
598,23,2012-09-05 06:00:00,-62.8,25.4,0.0,29.8561,985.0,1
598,24,2012-09-05 12:00:00,-62.8,25.6,0.0,32.1527,982.0,1
598,25,2012-09-05 18:00:00,-62.7,25.8,0.0,32.1527,982.0,1
598,26,2012-09-06 00:00:00,-62.6,26.0,0.0,29.8561,984.0,1
598,27,2012-09-06 06:00:00,-62.5,26.2,0.0,29.8561,984.0,1
598,28,2012-09-06 12:00:00,-62.4,26.3,0.0,29.8561,983.0,1
598,29,2012-09-06 18:00:00,-62.3,26.4,0.0,29.8561,982.0,1
598,30,2012-09-07 00:00:00,-62.2,26.5,0.0,29.8561,982.0,1
598,31,2012-09-07 06:00:00,-62.2,26.6,0.0,29.8561,982.0,1
598,32,2012-09-07 12:00:00,-62.2,26.8,0.0,27.5595,981.0,1
598,33,2012-09-07 18:00:00,-62.2,27.1,0.0,27.5595,981.0,1
598,34,2012-09-08 00:00:00,-62.3,27.4,0.0,27.5595,983.0,1
598,35,2012-09-08 06:00:00,-62.4,27.8,0.0,25.2629,985.0,1
598,36,2012-09-08 12:00:00,-62.5,28.3,0.0,25.2629,987.0,1
598,37,2012-09-08 18:00:00,-62.5,29.0,0.0,25.2629,988.0,1
598,38,2012-09-09 00:00:00,-62.6,29.7,0.0,25.2629,988.0,1
598,39,2012-09-09 06:00:00,-62.6,30.5,0.0,25.2629,988.0,1
598,40,2012-09-09 12:00:00,-62.5,31.5,0.0,25.2629,988.0,1
598,41,2012-09-09 18:00:00,-62.3,32.6,0.0,25.2629,988.0,1
598,42,2012-09-10 00:00:00,-62.0,33.8,0.0,25.2629,988.0,1
598,43,2012-09-10 06:00:00,-61.6,35.1,0.0,27.5595,985.0,1
598,44,2012-09-10 12:00:00,-60.8,36.4,0.0,29.8561,980.0,1
598,45,2012-09-10 18:00:00,-59.8,38.5,0.0,29.8561,975.0,1
598,46,2012-09-11 00:00:00,-58.6,41.1,0.0,29.8561,970.0,1
598,47,2012-09-11 06:00:00,-57.3,44.0,0.0,29.8561,968.0,1
598,48,2012-09-11 12:00:00,-54.9,47.7,0.0,29.8561,970.0,1
598,49,2012-09-11 18:00:00,-51.9,51.6,0.0,27.5595,972.0,1
598,50,2012-09-12 00:00:00,-48.5,55.5,0.0,25.2629,975.0,1
599,1,2012-08-29 00:00:00,-44.5,24.0,0.0,18.373,1004.0,1
599,2,2012-08-29 06:00:00,-45.5,24.3,0.0,18.373,1003.0,1
599,3,2012-08-29 12:00:00,-46.3,24.6,0.0,20.6696,1001.0,1
599,4,2012-08-29 18:00:00,-47.1,25.1,0.0,20.6696,999.0,1
599,5,2012-08-30 00:00:00,-47.9,25.6,0.0,22.9662,995.0,1
599,6,2012-08-30 06:00:00,-48.6,26.1,0.0,25.2629,992.0,1
599,7,2012-08-30 12:00:00,-49.3,26.8,0.0,29.8561,989.0,1
599,8,2012-08-30 18:00:00,-50.1,27.6,0.0,34.4494,985.0,1
599,9,2012-08-31 00:00:00,-50.5,28.5,0.0,36.746,981.0,1
599,10,2012-08-31 06:00:00,-50.7,29.6,0.0,41.3392,970.0,1
599,11,2012-08-31 12:00:00,-50.9,30.6,0.0,41.3392,972.0,1
599,12,2012-08-31 18:00:00,-50.6,31.7,0.0,36.746,980.0,1
599,13,2012-09-01 00:00:00,-50.0,33.1,0.0,32.1527,988.0,1
599,14,2012-09-01 06:00:00,-48.9,34.6,0.0,29.8561,990.0,1
599,15,2012-09-01 12:00:00,-47.3,36.5,0.0,27.5595,992.0,1
599,16,2012-09-01 18:00:00,-45.4,38.4,0.0,25.2629,996.0,1
599,17,2012-09-02 00:00:00,-43.0,40.3,0.0,25.2629,998.0,1
599,18,2012-09-02 06:00:00,-40.6,42.4,0.0,22.9662,1001.0,1
599,19,2012-09-02 12:00:00,-38.1,45.0,0.0,22.9662,1002.0,1
599,20,2012-09-02 18:00:00,-34.6,48.1,0.0,20.6696,1002.0,1
599,21,2012-09-03 00:00:00,-30.9,51.7,0.0,20.6696,1002.0,1
600,1,2012-09-04 12:00:00,-43.5,26.7,0.0,18.373,1007.0,1
600,2,2012-09-04 18:00:00,-43.7,27.1,0.0,20.6696,1006.0,1
600,3,2012-09-05 00:00:00,-43.8,27.4,0.0,20.6696,1005.0,1
600,4,2012-09-05 06:00:00,-43.8,27.8,0.0,20.6696,1005.0,1
600,5,2012-09-05 12:00:00,-43.5,28.2,0.0,22.9662,1001.0,1
600,6,2012-09-05 18:00:00,-43.1,28.6,0.0,29.8561,992.0,1
600,7,2012-09-06 00:00:00,-42.6,29.0,0.0,36.746,981.0,1
600,8,2012-09-06 06:00:00,-42.0,29.4,0.0,43.6359,968.0,1
600,9,2012-09-06 12:00:00,-41.4,29.9,0.0,45.9325,964.0,1
600,10,2012-09-06 18:00:00,-41.0,30.3,0.0,43.6359,968.0,1
600,11,2012-09-07 00:00:00,-40.8,30.6,0.0,41.3392,970.0,1
600,12,2012-09-07 06:00:00,-40.8,30.9,0.0,41.3392,970.0,1
600,13,2012-09-07 12:00:00,-41.0,31.1,0.0,41.3392,970.0,1
600,14,2012-09-07 18:00:00,-41.2,31.3,0.0,39.0426,973.0,1
600,15,2012-09-08 00:00:00,-41.5,31.6,0.0,36.746,977.0,1
600,16,2012-09-08 06:00:00,-41.7,32.0,0.0,36.746,978.0,1
600,17,2012-09-08 12:00:00,-41.9,32.4,0.0,39.0426,975.0,1
600,18,2012-09-08 18:00:00,-42.1,32.9,0.0,41.3392,972.0,1
600,19,2012-09-09 00:00:00,-42.3,33.3,0.0,41.3392,973.0,1
600,20,2012-09-09 06:00:00,-42.6,33.6,0.0,39.0426,976.0,1
600,21,2012-09-09 12:00:00,-42.9,33.7,0.0,39.0426,976.0,1
600,22,2012-09-09 18:00:00,-43.5,33.7,0.0,36.746,979.0,1
600,23,2012-09-10 00:00:00,-44.1,33.6,0.0,34.4494,982.0,1
600,24,2012-09-10 06:00:00,-44.9,33.4,0.0,32.1527,985.0,1
600,25,2012-09-10 12:00:00,-45.8,33.6,0.0,32.1527,986.0,1
600,26,2012-09-10 18:00:00,-46.9,33.9,0.0,29.8561,988.0,1
600,27,2012-09-11 00:00:00,-47.8,34.8,0.0,27.5595,991.0,1
600,28,2012-09-11 06:00:00,-47.8,36.4,0.0,25.2629,994.0,1
600,29,2012-09-11 12:00:00,-47.6,38.2,0.0,20.6696,997.0,1
600,30,2012-09-11 18:00:00,-46.6,40.2,0.0,18.373,1000.0,1
601,1,2012-09-12 06:00:00,-45.9,18.1,0.0,20.6696,1001.0,1
601,2,2012-09-12 12:00:00,-47.1,18.8,0.0,22.9662,997.0,1
601,3,2012-09-12 18:00:00,-48.3,19.5,0.0,25.2629,994.0,1
601,4,2012-09-13 00:00:00,-49.5,20.2,0.0,27.5595,990.0,1
601,5,2012-09-13 06:00:00,-50.6,21.0,0.0,27.5595,990.0,1
601,6,2012-09-13 12:00:00,-51.7,22.0,0.0,27.5595,990.0,1
601,7,2012-09-13 18:00:00,-52.6,23.2,0.0,27.5595,989.0,1
601,8,2012-09-14 00:00:00,-53.4,24.4,0.0,27.5595,989.0,1
601,9,2012-09-14 06:00:00,-54.0,25.6,0.0,27.5595,987.0,1
601,10,2012-09-14 12:00:00,-54.0,27.0,0.0,27.5595,986.0,1
601,11,2012-09-14 18:00:00,-53.7,28.3,0.0,29.8561,984.0,1
601,12,2012-09-15 00:00:00,-53.3,29.6,0.0,32.1527,981.0,1
601,13,2012-09-15 06:00:00,-52.2,30.5,0.0,32.1527,980.0,1
601,14,2012-09-15 12:00:00,-50.7,30.8,0.0,32.1527,980.0,1
601,15,2012-09-15 18:00:00,-49.1,30.8,0.0,32.1527,980.0,1
601,16,2012-09-16 00:00:00,-47.5,30.7,0.0,32.1527,981.0,1
601,17,2012-09-16 06:00:00,-45.4,30.6,0.0,29.8561,984.0,1
601,18,2012-09-16 12:00:00,-43.0,30.6,0.0,29.8561,985.0,1
601,19,2012-09-16 18:00:00,-40.6,30.8,0.0,29.8561,985.0,1
601,20,2012-09-17 00:00:00,-38.8,31.1,0.0,27.5595,986.0,1
601,21,2012-09-17 06:00:00,-37.1,31.7,0.0,27.5595,987.0,1
601,22,2012-09-17 12:00:00,-35.9,32.5,0.0,25.2629,988.0,1
601,23,2012-09-17 18:00:00,-35.1,33.1,0.0,25.2629,988.0,1
601,24,2012-09-18 00:00:00,-34.5,33.5,0.0,22.9662,989.0,1
601,25,2012-09-18 06:00:00,-33.9,33.9,0.0,22.9662,989.0,1
601,26,2012-09-18 12:00:00,-33.3,34.3,0.0,22.9662,989.0,1
601,27,2012-09-18 18:00:00,-32.7,34.9,0.0,22.9662,989.0,1
601,28,2012-09-19 00:00:00,-32.3,35.5,0.0,22.9662,989.0,1
601,29,2012-09-19 06:00:00,-32.0,36.1,0.0,22.9662,989.0,1
601,30,2012-09-19 12:00:00,-32.0,36.7,0.0,22.9662,989.0,1
601,31,2012-09-19 18:00:00,-32.0,37.1,0.0,22.9662,987.0,1
601,32,2012-09-20 00:00:00,-31.6,37.2,0.0,22.9662,986.0,1
601,33,2012-09-20 06:00:00,-30.9,36.9,0.0,22.9662,986.0,1
601,34,2012-09-20 12:00:00,-30.0,36.5,0.0,22.9662,986.0,1
601,35,2012-09-20 18:00:00,-29.0,36.2,0.0,25.2629,984.0,1
601,36,2012-09-21 00:00:00,-28.2,35.9,0.0,25.2629,984.0,1
601,37,2012-09-21 06:00:00,-27.4,35.4,0.0,25.2629,984.0,1
601,38,2012-09-21 12:00:00,-27.3,34.6,0.0,22.9662,984.0,1
601,39,2012-09-21 18:00:00,-27.2,33.6,0.0,22.9662,984.0,1
601,40,2012-09-22 00:00:00,-26.9,32.5,0.0,20.6696,985.0,1
601,41,2012-09-22 06:00:00,-26.7,31.8,0.0,20.6696,986.0,1
601,42,2012-09-22 12:00:00,-26.4,31.0,0.0,20.6696,987.0,1
601,43,2012-09-22 18:00:00,-26.2,30.5,0.0,20.6696,987.0,1
601,44,2012-09-23 00:00:00,-25.9,30.4,0.0,20.6696,987.0,1
601,45,2012-09-23 06:00:00,-25.6,30.4,0.0,22.9662,987.0,1
601,46,2012-09-23 12:00:00,-25.4,30.6,0.0,22.9662,987.0,1
601,47,2012-09-23 18:00:00,-25.8,30.9,0.0,22.9662,988.0,1
601,48,2012-09-24 00:00:00,-26.2,31.1,0.0,20.6696,990.0,1
601,49,2012-09-24 06:00:00,-26.7,31.3,0.0,20.6696,992.0,1
601,50,2012-09-24 12:00:00,-27.4,31.5,0.0,20.6696,995.0,1
601,51,2012-09-24 18:00:00,-28.1,31.8,0.0,20.6696,996.0,1
601,52,2012-09-25 00:00:00,-28.8,32.1,0.0,18.373,996.0,1
601,53,2012-09-25 06:00:00,-29.5,32.1,0.0,18.373,996.0,1
601,54,2012-09-25 12:00:00,-29.9,32.0,0.0,18.373,997.0,1
601,55,2012-09-25 18:00:00,-30.1,31.7,0.0,18.373,997.0,1
601,56,2012-09-26 00:00:00,-30.3,31.4,0.0,18.373,998.0,1
601,57,2012-09-26 06:00:00,-30.4,31.1,0.0,18.373,998.0,1
601,58,2012-09-26 12:00:00,-30.5,30.7,0.0,20.6696,995.0,1
601,59,2012-09-26 18:00:00,-30.7,30.2,0.0,22.9662,993.0,1
601,60,2012-09-27 00:00:00,-31.0,29.6,0.0,22.9662,993.0,1
601,61,2012-09-27 06:00:00,-31.4,29.1,0.0,22.9662,993.0,1
601,62,2012-09-27 12:00:00,-31.9,28.7,0.0,22.9662,993.0,1
601,63,2012-09-27 18:00:00,-32.5,28.5,0.0,25.2629,993.0,1
601,64,2012-09-28 00:00:00,-33.2,28.5,0.0,25.2629,993.0,1
601,65,2012-09-28 06:00:00,-33.9,28.7,0.0,27.5595,991.0,1
601,66,2012-09-28 12:00:00,-34.4,29.2,0.0,29.8561,988.0,1
601,67,2012-09-28 18:00:00,-34.8,29.7,0.0,29.8561,988.0,1
601,68,2012-09-29 00:00:00,-35.3,30.5,0.0,29.8561,988.0,1
601,69,2012-09-29 06:00:00,-35.7,31.4,0.0,29.8561,988.0,1
601,70,2012-09-29 12:00:00,-36.1,32.6,0.0,29.8561,988.0,1
601,71,2012-09-29 18:00:00,-36.6,33.8,0.0,32.1527,986.0,1
601,72,2012-09-30 00:00:00,-37.1,35.0,0.0,34.4494,983.0,1
601,73,2012-09-30 06:00:00,-37.6,36.0,0.0,34.4494,982.0,1
601,74,2012-09-30 12:00:00,-38.3,36.8,0.0,36.746,978.0,1
601,75,2012-09-30 18:00:00,-38.9,37.2,0.0,36.746,978.0,1
601,76,2012-10-01 00:00:00,-39.4,36.9,0.0,34.4494,980.0,1
601,77,2012-10-01 06:00:00,-39.4,36.4,0.0,29.8561,988.0,1
601,78,2012-10-01 12:00:00,-39.4,35.9,0.0,27.5595,991.0,1
601,79,2012-10-01 18:00:00,-39.4,35.4,0.0,25.2629,995.0,1
601,80,2012-10-02 00:00:00,-39.1,34.8,0.0,25.2629,995.0,1
601,81,2012-10-02 06:00:00,-38.5,34.5,0.0,25.2629,995.0,1
601,82,2012-10-02 12:00:00,-37.9,34.3,0.0,25.2629,995.0,1
601,83,2012-10-02 18:00:00,-37.1,34.3,0.0,25.2629,995.0,1
601,84,2012-10-03 00:00:00,-36.2,34.4,0.0,22.9662,998.0,1
601,85,2012-10-03 06:00:00,-35.3,34.6,0.0,20.6696,1000.0,1
601,86,2012-10-03 12:00:00,-34.0,34.9,0.0,20.6696,1000.0,1
601,87,2012-10-03 18:00:00,-32.5,35.4,0.0,18.373,1000.0,1
601,88,2012-10-04 00:00:00,-30.9,36.3,0.0,18.373,998.0,1
601,89,2012-10-04 06:00:00,-29.1,37.6,0.0,18.373,996.0,1
602,1,2012-10-04 00:00:00,-42.1,18.9,0.0,18.373,1002.0,1
602,2,2012-10-04 06:00:00,-42.2,19.5,0.0,18.373,1001.0,1
602,3,2012-10-04 12:00:00,-42.0,20.2,0.0,20.6696,998.0,1
602,4,2012-10-04 18:00:00,-41.5,21.0,0.0,20.6696,996.0,1
602,5,2012-10-05 00:00:00,-40.6,21.8,0.0,20.6696,995.0,1
602,6,2012-10-05 06:00:00,-39.4,22.7,0.0,20.6696,994.0,1
602,7,2012-10-05 12:00:00,-37.8,23.5,0.0,20.6696,994.0,1
603,1,2012-10-12 00:00:00,-72.4,25.5,0.0,18.373,1005.0,1
603,2,2012-10-12 06:00:00,-72.3,25.4,0.0,18.373,1005.0,1
603,3,2012-10-12 12:00:00,-72.2,25.3,0.0,18.373,1006.0,1
604,1,2012-10-13 18:00:00,-63.6,16.7,0.0,18.373,1004.0,1
604,2,2012-10-14 00:00:00,-63.5,17.9,0.0,20.6696,1004.0,1
604,3,2012-10-14 06:00:00,-63.6,18.9,0.0,20.6696,1003.0,1
604,4,2012-10-14 12:00:00,-63.9,19.7,0.0,22.9662,999.0,1
604,5,2012-10-14 18:00:00,-64.3,20.4,0.0,25.2629,994.0,1
604,6,2012-10-15 00:00:00,-64.7,21.3,0.0,27.5595,989.0,1
604,7,2012-10-15 06:00:00,-65.2,22.0,0.0,29.8561,986.0,1
604,8,2012-10-15 12:00:00,-65.6,22.6,0.0,32.1527,983.0,1
604,9,2012-10-15 18:00:00,-65.8,23.6,0.0,34.4494,979.0,1
604,10,2012-10-16 00:00:00,-65.6,24.6,0.0,36.746,974.0,1
604,11,2012-10-16 06:00:00,-65.3,25.9,0.0,36.746,972.0,1
604,12,2012-10-16 12:00:00,-64.9,27.6,0.0,36.746,969.0,1
604,13,2012-10-16 18:00:00,-64.2,29.5,0.0,34.4494,970.0,1
604,14,2012-10-17 00:00:00,-63.1,31.6,0.0,34.4494,970.0,1
604,15,2012-10-17 06:00:00,-61.7,34.0,0.0,32.1527,972.0,1
604,16,2012-10-17 12:00:00,-60.1,36.5,0.0,29.8561,972.0,1
604,17,2012-10-17 18:00:00,-58.0,38.8,0.0,29.8561,972.0,1
604,18,2012-10-18 00:00:00,-55.0,41.3,0.0,29.8561,972.0,1
604,19,2012-10-18 06:00:00,-50.7,43.4,0.0,27.5595,972.0,1
604,20,2012-10-18 12:00:00,-46.0,45.2,0.0,25.2629,972.0,1
604,21,2012-10-18 18:00:00,-41.0,47.0,0.0,25.2629,973.0,1
604,22,2012-10-19 00:00:00,-36.2,49.2,0.0,22.9662,975.0,1
604,23,2012-10-19 06:00:00,-32.5,51.0,0.0,22.9662,973.0,1
604,24,2012-10-19 12:00:00,-29.5,53.0,0.0,22.9662,970.0,1
604,25,2012-10-19 18:00:00,-30.0,55.0,0.0,22.9662,968.0,1
604,26,2012-10-20 00:00:00,-33.0,56.5,0.0,22.9662,966.0,1
604,27,2012-10-20 06:00:00,-37.0,56.0,0.0,22.9662,966.0,1
604,28,2012-10-20 12:00:00,-36.4,53.1,0.0,22.9662,967.0,1
604,29,2012-10-20 18:00:00,-34.3,50.8,0.0,22.9662,970.0,1
604,30,2012-10-21 00:00:00,-32.2,49.7,0.0,20.6696,975.0,1
604,31,2012-10-21 06:00:00,-31.1,49.2,0.0,18.373,978.0,1
604,32,2012-10-21 12:00:00,-30.6,48.2,0.0,18.373,979.0,1
604,33,2012-10-21 18:00:00,-30.8,47.0,0.0,18.373,982.0,1
604,34,2012-10-22 00:00:00,-31.1,45.5,0.0,18.373,983.0,1
604,35,2012-10-22 06:00:00,-29.8,43.9,0.0,18.373,985.0,1
604,36,2012-10-22 12:00:00,-28.3,41.9,0.0,18.373,987.0,1
604,37,2012-10-22 18:00:00,-27.0,40.0,0.0,18.373,989.0,1
604,38,2012-10-23 00:00:00,-25.5,39.2,0.0,18.373,992.0,1
604,39,2012-10-23 06:00:00,-24.5,39.5,0.0,18.373,992.0,1
604,40,2012-10-23 12:00:00,-23.6,39.8,0.0,18.373,992.0,1
604,41,2012-10-23 18:00:00,-22.1,40.5,0.0,18.373,992.0,1
604,42,2012-10-24 00:00:00,-20.1,41.2,0.0,18.373,993.0,1
604,43,2012-10-24 06:00:00,-18.8,41.6,0.0,18.373,995.0,1
605,1,2012-10-23 00:00:00,-78.4,12.6,0.0,18.373,998.0,1
605,2,2012-10-23 06:00:00,-78.1,12.9,0.0,18.373,998.0,1
605,3,2012-10-23 12:00:00,-77.9,13.4,0.0,18.373,995.0,1
605,4,2012-10-23 18:00:00,-77.6,14.0,0.0,20.6696,993.0,1
605,5,2012-10-24 00:00:00,-77.3,14.7,0.0,25.2629,990.0,1
605,6,2012-10-24 06:00:00,-77.1,15.6,0.0,27.5595,987.0,1
605,7,2012-10-24 12:00:00,-76.9,16.6,0.0,29.8561,981.0,1
605,8,2012-10-24 18:00:00,-76.7,17.7,0.0,34.4494,972.0,1
605,9,2012-10-25 00:00:00,-76.4,18.9,0.0,39.0426,964.0,1
605,10,2012-10-25 06:00:00,-76.0,20.1,0.0,45.9325,954.0,1
605,11,2012-10-25 12:00:00,-75.5,21.7,0.0,43.6359,966.0,1
605,12,2012-10-25 18:00:00,-75.3,23.3,0.0,41.3392,963.0,1
605,13,2012-10-26 00:00:00,-75.9,24.8,0.0,34.4494,965.0,1
605,14,2012-10-26 06:00:00,-76.4,25.7,0.0,32.1527,968.0,1
605,15,2012-10-26 12:00:00,-76.9,26.4,0.0,29.8561,970.0,1
605,16,2012-10-26 18:00:00,-77.2,27.0,0.0,29.8561,971.0,1
605,17,2012-10-27 00:00:00,-77.1,27.5,0.0,27.5595,969.0,1
605,18,2012-10-27 06:00:00,-76.9,28.1,0.0,27.5595,968.0,1
605,19,2012-10-27 12:00:00,-76.5,28.8,0.0,32.1527,956.0,1
605,20,2012-10-27 18:00:00,-75.6,29.7,0.0,32.1527,960.0,1
605,21,2012-10-28 00:00:00,-74.7,30.5,0.0,29.8561,960.0,1
605,22,2012-10-28 06:00:00,-73.9,31.3,0.0,29.8561,959.0,1
605,23,2012-10-28 12:00:00,-73.0,32.0,0.0,29.8561,954.0,1
605,24,2012-10-28 18:00:00,-72.0,32.8,0.0,29.8561,952.0,1
605,25,2012-10-29 00:00:00,-71.0,33.9,0.0,32.1527,950.0,1
605,26,2012-10-29 06:00:00,-70.5,35.3,0.0,36.746,947.0,1
605,27,2012-10-29 12:00:00,-71.0,36.9,0.0,39.0426,945.0,1
605,28,2012-10-29 18:00:00,-73.2,38.3,0.0,36.746,940.0,1
605,29,2012-10-30 00:00:00,-74.5,39.5,0.0,32.1527,946.0,1
605,30,2012-10-30 06:00:00,-76.2,39.9,0.0,25.2629,960.0,1
605,31,2012-10-30 12:00:00,-77.8,40.1,0.0,22.9662,978.0,1
605,32,2012-10-30 18:00:00,-78.9,40.4,0.0,18.373,986.0,1
606,1,2012-10-24 06:00:00,-48.5,27.2,0.0,18.373,1003.0,1
606,2,2012-10-24 12:00:00,-46.8,27.9,0.0,20.6696,1000.0,1
606,3,2012-10-24 18:00:00,-44.7,28.7,0.0,20.6696,1000.0,1
606,4,2012-10-25 00:00:00,-42.4,29.5,0.0,20.6696,1000.0,1
606,5,2012-10-25 06:00:00,-40.0,30.1,0.0,20.6696,1000.0,1
607,1,2013-05-29 00:00:00,-96.0,14.2,0.0,18.373,1001.0,1
607,2,2013-05-29 06:00:00,-95.5,14.6,0.0,22.9662,998.0,1
607,3,2013-05-29 12:00:00,-94.8,15.1,0.0,25.2629,994.0,1
607,4,2013-05-29 18:00:00,-94.2,15.7,0.0,29.8561,986.0,1
607,5,2013-05-30 00:00:00,-93.9,16.7,0.0,22.9662,993.0,1
608,1,2013-06-06 00:00:00,-86.5,25.6,0.0,18.373,1002.0,1
608,2,2013-06-06 06:00:00,-86.1,26.7,0.0,22.9662,999.0,1
608,3,2013-06-06 12:00:00,-84.9,27.8,0.0,25.2629,995.0,1
608,4,2013-06-06 18:00:00,-83.9,28.9,0.0,25.2629,993.0,1
608,5,2013-06-07 00:00:00,-83.0,29.8,0.0,18.373,993.0,1
608,6,2013-06-07 06:00:00,-81.4,31.6,0.0,18.373,996.0,1
608,7,2013-06-07 12:00:00,-80.2,33.5,0.0,18.373,996.0,1
608,8,2013-06-07 18:00:00,-78.6,35.2,0.0,18.373,996.0,1
608,9,2013-06-08 00:00:00,-76.2,37.4,0.0,18.373,997.0,1
608,10,2013-06-08 06:00:00,-73.6,39.9,0.0,18.373,997.0,1
608,11,2013-06-08 12:00:00,-70.4,42.4,0.0,18.373,999.0,1
608,12,2013-06-08 18:00:00,-67.0,44.5,0.0,18.373,1002.0,1
609,1,2013-06-19 18:00:00,-94.8,19.6,0.0,18.373,1005.0,1
609,2,2013-06-20 00:00:00,-95.4,19.6,0.0,18.373,1003.0,1
609,3,2013-06-20 06:00:00,-95.9,19.6,0.0,18.373,1003.0,1
609,4,2013-06-20 12:00:00,-96.5,19.6,0.0,18.373,1004.0,1
610,1,2013-07-08 12:00:00,-50.6,10.7,0.0,18.373,1008.0,1
610,2,2013-07-08 18:00:00,-52.9,11.4,0.0,20.6696,1007.0,1
610,3,2013-07-09 00:00:00,-55.2,12.1,0.0,22.9662,1006.0,1
610,4,2013-07-09 06:00:00,-57.7,13.0,0.0,22.9662,1005.0,1
610,5,2013-07-09 12:00:00,-60.3,13.9,0.0,25.2629,1003.0,1
610,6,2013-07-09 18:00:00,-62.9,14.8,0.0,25.2629,1006.0,1
610,7,2013-07-10 00:00:00,-65.6,15.6,0.0,20.6696,1008.0,1
610,8,2013-07-10 06:00:00,-68.4,16.2,0.0,18.373,1010.0,1
610,9,2013-07-10 12:00:00,-71.2,16.7,0.0,18.373,1011.0,1
611,1,2013-07-24 12:00:00,-29.0,13.9,0.0,18.373,1005.0,1
611,2,2013-07-24 18:00:00,-30.8,14.4,0.0,20.6696,1004.0,1
611,3,2013-07-25 00:00:00,-32.4,14.9,0.0,20.6696,1004.0,1
611,4,2013-07-25 06:00:00,-33.9,15.3,0.0,22.9662,1002.0,1
611,5,2013-07-25 12:00:00,-35.5,15.7,0.0,22.9662,1002.0,1
611,6,2013-07-25 18:00:00,-37.1,16.0,0.0,22.9662,1003.0,1
611,7,2013-07-26 00:00:00,-38.7,16.4,0.0,20.6696,1005.0,1
611,8,2013-07-26 06:00:00,-40.7,16.9,0.0,20.6696,1006.0,1
611,9,2013-07-26 12:00:00,-42.8,17.3,0.0,20.6696,1008.0,1
611,10,2013-07-26 18:00:00,-45.0,17.6,0.0,18.373,1010.0,1
612,1,2013-08-17 00:00:00,-33.8,18.0,0.0,18.373,1006.0,1
612,2,2013-08-17 06:00:00,-34.7,18.8,0.0,18.373,1006.0,1
613,1,2013-08-25 18:00:00,-95.1,18.9,0.0,20.6696,1004.0,1
613,2,2013-08-26 00:00:00,-95.9,19.2,0.0,22.9662,1001.0,1
613,3,2013-08-26 06:00:00,-96.6,19.7,0.0,20.6696,1002.0,1
614,1,2013-09-10 06:00:00,-65.0,29.0,0.0,18.373,1005.0,1
614,2,2013-09-10 12:00:00,-64.8,30.1,0.0,25.2629,1003.0,1
614,3,2013-09-10 18:00:00,-64.7,31.1,0.0,22.9662,1004.0,1
614,4,2013-09-11 00:00:00,-64.9,31.9,0.0,22.9662,1004.0,1
614,5,2013-09-11 06:00:00,-65.4,32.3,0.0,20.6696,1008.0,1
614,6,2013-09-11 12:00:00,-65.7,32.5,0.0,18.373,1009.0,1
615,1,2013-09-09 12:00:00,-23.6,13.5,0.0,18.373,1005.0,1
615,2,2013-09-09 18:00:00,-24.6,13.7,0.0,20.6696,1004.0,1
615,3,2013-09-10 00:00:00,-25.5,13.9,0.0,22.9662,1002.0,1
615,4,2013-09-10 06:00:00,-26.5,14.1,0.0,25.2629,1000.0,1
615,5,2013-09-10 12:00:00,-27.3,14.3,0.0,25.2629,1000.0,1
615,6,2013-09-10 18:00:00,-27.9,14.7,0.0,25.2629,999.0,1
615,7,2013-09-11 00:00:00,-28.3,15.1,0.0,25.2629,998.0,1
615,8,2013-09-11 06:00:00,-28.6,15.6,0.0,27.5595,994.0,1
615,9,2013-09-11 12:00:00,-28.9,16.3,0.0,32.1527,987.0,1
615,10,2013-09-11 18:00:00,-28.9,17.4,0.0,36.746,979.0,1
615,11,2013-09-12 00:00:00,-28.9,18.6,0.0,36.746,979.0,1
615,12,2013-09-12 06:00:00,-28.9,19.9,0.0,36.746,979.0,1
615,13,2013-09-12 12:00:00,-28.9,21.2,0.0,34.4494,980.0,1
615,14,2013-09-12 18:00:00,-29.1,22.3,0.0,34.4494,980.0,1
615,15,2013-09-13 00:00:00,-29.5,23.2,0.0,32.1527,982.0,1
615,16,2013-09-13 06:00:00,-30.0,24.0,0.0,27.5595,986.0,1
615,17,2013-09-13 12:00:00,-30.8,24.6,0.0,25.2629,988.0,1
615,18,2013-09-13 18:00:00,-31.7,24.8,0.0,20.6696,995.0,1
615,19,2013-09-14 00:00:00,-32.6,24.8,0.0,18.373,999.0,1
615,20,2013-09-16 12:00:00,-42.9,26.8,0.0,18.373,1000.0,1
615,21,2013-09-16 18:00:00,-43.3,26.9,0.0,18.373,1000.0,1
615,22,2013-09-17 12:00:00,-42.6,28.4,0.0,18.373,1000.0,1
615,23,2013-09-17 18:00:00,-42.7,29.5,0.0,18.373,1000.0,1
616,1,2013-09-13 18:00:00,-95.3,19.1,0.0,18.373,996.0,1
616,2,2013-09-14 00:00:00,-95.3,19.3,0.0,22.9662,993.0,1
616,3,2013-09-14 06:00:00,-95.1,19.6,0.0,25.2629,990.0,1
616,4,2013-09-14 12:00:00,-94.6,20.3,0.0,27.5595,989.0,1
616,5,2013-09-14 18:00:00,-94.4,21.0,0.0,29.8561,986.0,1
616,6,2013-09-15 00:00:00,-94.7,21.6,0.0,34.4494,983.0,1
616,7,2013-09-15 06:00:00,-95.2,22.0,0.0,34.4494,985.0,1
616,8,2013-09-15 12:00:00,-95.6,22.4,0.0,29.8561,989.0,1
616,9,2013-09-15 18:00:00,-95.9,22.7,0.0,29.8561,987.0,1
616,10,2013-09-16 00:00:00,-96.2,23.0,0.0,32.1527,989.0,1
616,11,2013-09-16 06:00:00,-96.9,23.4,0.0,27.5595,990.0,1
616,12,2013-09-16 12:00:00,-97.8,23.7,0.0,25.2629,991.0,1
616,13,2013-09-16 18:00:00,-98.7,23.7,0.0,18.373,998.0,1
617,1,2013-09-30 18:00:00,-45.0,27.3,0.0,18.373,1006.0,1
617,2,2013-10-01 00:00:00,-43.9,27.5,0.0,20.6696,1005.0,1
617,3,2013-10-01 06:00:00,-43.6,27.7,0.0,18.373,1006.0,1
617,4,2013-10-01 12:00:00,-43.5,28.1,0.0,18.373,1007.0,1
617,5,2013-10-01 18:00:00,-43.5,28.1,0.0,18.373,1007.0,1
617,6,2013-10-05 12:00:00,-30.7,35.9,0.0,18.373,1008.0,1
617,7,2013-10-05 18:00:00,-29.8,36.7,0.0,18.373,1008.0,1
617,8,2013-10-06 00:00:00,-28.9,38.0,0.0,18.373,1008.0,1
618,1,2013-10-03 06:00:00,-86.8,21.5,0.0,20.6696,1006.0,1
618,2,2013-10-03 12:00:00,-87.4,22.1,0.0,25.2629,1004.0,1
618,3,2013-10-03 18:00:00,-88.1,22.8,0.0,25.2629,1001.0,1
618,4,2013-10-04 00:00:00,-89.0,23.9,0.0,22.9662,999.0,1
618,5,2013-10-04 06:00:00,-89.5,24.5,0.0,20.6696,1002.0,1
618,6,2013-10-04 12:00:00,-89.9,25.2,0.0,20.6696,1002.0,1
618,7,2013-10-04 18:00:00,-90.2,25.8,0.0,20.6696,1002.0,1
618,8,2013-10-05 00:00:00,-90.5,26.1,0.0,18.373,1004.0,1
618,9,2013-10-05 06:00:00,-91.0,26.7,0.0,18.373,1007.0,1
618,10,2013-10-05 12:00:00,-91.6,27.6,0.0,18.373,1008.0,1
619,1,2013-10-22 06:00:00,-53.3,29.3,0.0,18.373,1005.0,1
619,2,2013-10-22 12:00:00,-52.4,29.4,0.0,20.6696,1000.0,1
619,3,2013-10-22 18:00:00,-51.5,29.5,0.0,20.6696,1000.0,1
619,4,2013-10-23 00:00:00,-50.6,29.5,0.0,20.6696,1001.0,1
619,5,2013-10-23 06:00:00,-49.8,29.5,0.0,20.6696,1004.0,1
619,6,2013-10-23 12:00:00,-49.3,29.4,0.0,18.373,1006.0,1
620,1,2013-11-17 18:00:00,-52.9,26.0,0.0,18.373,1002.0,1
620,2,2013-11-18 00:00:00,-52.7,27.1,0.0,20.6696,997.0,1
620,3,2013-11-18 06:00:00,-52.7,28.3,0.0,20.6696,992.0,1
620,4,2013-11-18 12:00:00,-53.4,29.1,0.0,22.9662,987.0,1
620,5,2013-11-18 18:00:00,-54.0,29.7,0.0,22.9662,987.0,1
620,6,2013-11-19 00:00:00,-54.5,30.2,0.0,22.9662,985.0,1
620,7,2013-11-19 06:00:00,-54.7,30.8,0.0,25.2629,982.0,1
620,8,2013-11-19 12:00:00,-54.7,31.6,0.0,25.2629,982.0,1
620,9,2013-11-19 18:00:00,-54.4,32.5,0.0,22.9662,982.0,1
620,10,2013-11-20 00:00:00,-53.2,33.3,0.0,20.6696,985.0,1
620,11,2013-11-20 06:00:00,-51.4,34.1,0.0,20.6696,988.0,1
620,12,2013-11-20 12:00:00,-49.0,35.1,0.0,20.6696,988.0,1
620,13,2013-11-20 18:00:00,-46.4,36.3,0.0,20.6696,988.0,1
620,14,2013-11-21 00:00:00,-43.5,37.5,0.0,20.6696,984.0,1
620,15,2013-11-21 06:00:00,-40.0,38.8,0.0,22.9662,984.0,1
620,16,2013-11-21 12:00:00,-36.6,39.9,0.0,25.2629,980.0,1
620,17,2013-11-21 18:00:00,-33.3,40.7,0.0,25.2629,980.0,1
620,18,2013-11-22 00:00:00,-30.2,41.3,0.0,22.9662,984.0,1
620,19,2013-11-22 06:00:00,-27.5,41.6,0.0,20.6696,988.0,1
620,20,2013-11-22 12:00:00,-24.7,41.6,0.0,18.373,992.0,1
620,21,2013-11-22 18:00:00,-22.0,41.3,0.0,18.373,996.0,1
621,1,2013-12-03 18:00:00,-27.7,34.3,0.0,22.9662,1002.0,1
621,2,2013-12-04 00:00:00,-27.8,33.9,0.0,25.2629,1000.0,1
621,3,2013-12-04 06:00:00,-28.9,33.1,0.0,25.2629,997.0,1
621,4,2013-12-04 12:00:00,-28.5,32.2,0.0,22.9662,995.0,1
621,5,2013-12-04 18:00:00,-27.9,31.9,0.0,22.9662,995.0,1
621,6,2013-12-05 00:00:00,-27.5,32.4,0.0,20.6696,997.0,1
621,7,2013-12-05 06:00:00,-27.4,33.0,0.0,20.6696,998.0,1
621,8,2013-12-05 12:00:00,-27.7,33.5,0.0,20.6696,998.0,1
621,9,2013-12-05 18:00:00,-27.8,33.7,0.0,18.373,999.0,1
621,10,2013-12-06 00:00:00,-27.9,33.9,0.0,18.373,999.0,1
621,11,2013-12-06 06:00:00,-27.1,33.9,0.0,18.373,999.0,1
621,12,2013-12-06 12:00:00,-26.9,34.5,0.0,18.373,999.0,1
621,13,2013-12-06 18:00:00,-27.0,35.1,0.0,18.373,999.0,1
622,1,2014-07-01 18:00:00,-79.3,27.7,0.0,18.373,1003.0,1
622,2,2014-07-02 00:00:00,-79.2,27.9,0.0,20.6696,999.0,1
622,3,2014-07-02 06:00:00,-79.1,28.2,0.0,22.9662,995.0,1
622,4,2014-07-02 12:00:00,-79.0,28.7,0.0,25.2629,995.0,1
622,5,2014-07-02 18:00:00,-79.1,29.4,0.0,27.5595,994.0,1
622,6,2014-07-03 00:00:00,-79.2,30.1,0.0,29.8561,987.0,1
622,7,2014-07-03 06:00:00,-79.1,30.9,0.0,32.1527,984.0,1
622,8,2014-07-03 12:00:00,-78.8,31.8,0.0,36.746,981.0,1
622,9,2014-07-03 18:00:00,-78.3,32.9,0.0,36.746,978.0,1
622,10,2014-07-04 00:00:00,-77.3,34.0,0.0,39.0426,975.0,1
622,11,2014-07-04 06:00:00,-76.0,35.3,0.0,39.0426,973.0,1
622,12,2014-07-04 12:00:00,-74.4,36.8,0.0,36.746,976.0,1
622,13,2014-07-04 18:00:00,-72.4,38.4,0.0,32.1527,978.0,1
622,14,2014-07-05 00:00:00,-69.7,40.2,0.0,29.8561,976.0,1
622,15,2014-07-05 06:00:00,-67.6,42.3,0.0,27.5595,981.0,1
622,16,2014-07-05 12:00:00,-66.5,44.1,0.0,27.5595,982.0,1
622,17,2014-07-05 18:00:00,-65.3,45.9,0.0,25.2629,980.0,1
622,18,2014-07-06 00:00:00,-64.0,47.1,0.0,22.9662,981.0,1
622,19,2014-07-06 06:00:00,-62.4,47.6,0.0,20.6696,982.0,1
622,20,2014-07-06 12:00:00,-60.2,48.5,0.0,18.373,986.0,1
622,21,2014-07-07 18:00:00,-54.2,57.3,0.0,18.373,985.0,1
622,22,2014-07-08 00:00:00,-54.1,58.1,0.0,20.6696,988.0,1
622,23,2014-07-08 06:00:00,-54.7,58.9,0.0,18.373,991.0,1
623,1,2014-07-31 12:00:00,-51.4,11.0,0.0,18.373,1008.0,1
623,2,2014-07-31 18:00:00,-53.1,11.5,0.0,18.373,1007.0,1
623,3,2014-08-01 00:00:00,-54.6,12.2,0.0,18.373,1007.0,1
623,4,2014-08-01 06:00:00,-56.2,13.0,0.0,18.373,1007.0,1
623,5,2014-08-01 12:00:00,-58.1,13.8,0.0,20.6696,1006.0,1
623,6,2014-08-01 18:00:00,-60.3,14.5,0.0,20.6696,1006.0,1
623,7,2014-08-02 00:00:00,-62.3,15.2,0.0,20.6696,1007.0,1
623,8,2014-08-02 06:00:00,-64.1,15.9,0.0,18.373,1008.0,1
623,9,2014-08-02 12:00:00,-65.9,16.7,0.0,18.373,1009.0,1
623,10,2014-08-02 18:00:00,-67.6,17.9,0.0,18.373,1010.0,1
623,11,2014-08-03 00:00:00,-69.0,19.2,0.0,18.373,1011.0,1
623,12,2014-08-03 06:00:00,-70.4,20.3,0.0,18.373,1012.0,1
623,13,2014-08-03 12:00:00,-71.6,21.4,0.0,18.373,1013.0,1
623,14,2014-08-03 18:00:00,-72.5,22.7,0.0,20.6696,1012.0,1
623,15,2014-08-04 00:00:00,-73.1,24.1,0.0,25.2629,1007.0,1
623,16,2014-08-04 06:00:00,-73.5,25.4,0.0,27.5595,1004.0,1
623,17,2014-08-04 12:00:00,-73.6,26.8,0.0,32.1527,998.0,1
623,18,2014-08-04 18:00:00,-73.6,28.5,0.0,32.1527,999.0,1
623,19,2014-08-05 00:00:00,-73.4,30.5,0.0,29.8561,1001.0,1
623,20,2014-08-05 06:00:00,-73.2,32.5,0.0,25.2629,1003.0,1
623,21,2014-08-05 12:00:00,-72.7,34.2,0.0,22.9662,1005.0,1
623,22,2014-08-05 18:00:00,-71.2,35.5,0.0,20.6696,1006.0,1
623,23,2014-08-06 00:00:00,-69.3,36.8,0.0,20.6696,1007.0,1
623,24,2014-08-06 06:00:00,-66.9,38.1,0.0,20.6696,1007.0,1
623,25,2014-08-06 12:00:00,-64.1,39.4,0.0,20.6696,1006.0,1
623,26,2014-08-06 18:00:00,-61.3,40.8,0.0,20.6696,1002.0,1
623,27,2014-08-07 00:00:00,-58.4,42.1,0.0,22.9662,996.0,1
623,28,2014-08-07 06:00:00,-55.6,43.4,0.0,20.6696,998.0,1
623,29,2014-08-07 12:00:00,-52.5,44.6,0.0,18.373,999.0,1
623,30,2014-08-07 18:00:00,-49.5,46.0,0.0,18.373,1000.0,1
624,1,2014-08-24 12:00:00,-73.0,23.3,0.0,18.373,1001.0,1
624,2,2014-08-24 18:00:00,-73.0,24.0,0.0,20.6696,1001.0,1
624,3,2014-08-25 00:00:00,-73.0,24.2,0.0,20.6696,998.0,1
624,4,2014-08-25 06:00:00,-72.9,24.4,0.0,20.6696,996.0,1
624,5,2014-08-25 12:00:00,-72.7,24.7,0.0,22.9662,993.0,1
624,6,2014-08-25 18:00:00,-72.4,24.9,0.0,22.9662,992.0,1
624,7,2014-08-26 00:00:00,-72.1,25.1,0.0,29.8561,989.0,1
624,8,2014-08-26 06:00:00,-72.0,25.6,0.0,29.8561,989.0,1
624,9,2014-08-26 12:00:00,-71.8,26.7,0.0,29.8561,988.0,1
624,10,2014-08-26 18:00:00,-71.4,28.1,0.0,29.8561,987.0,1
624,11,2014-08-27 00:00:00,-71.5,29.5,0.0,32.1527,983.0,1
624,12,2014-08-27 06:00:00,-72.0,30.6,0.0,32.1527,983.0,1
624,13,2014-08-27 12:00:00,-72.2,31.6,0.0,32.1527,983.0,1
624,14,2014-08-27 18:00:00,-71.8,32.3,0.0,29.8561,984.0,1
624,15,2014-08-28 00:00:00,-70.7,33.5,0.0,29.8561,984.0,1
624,16,2014-08-28 06:00:00,-69.0,34.8,0.0,29.8561,982.0,1
624,17,2014-08-28 12:00:00,-67.1,36.3,0.0,32.1527,979.0,1
624,18,2014-08-28 18:00:00,-63.6,37.5,0.0,34.4494,971.0,1
624,19,2014-08-29 00:00:00,-58.8,39.1,0.0,34.4494,965.0,1
624,20,2014-08-29 06:00:00,-53.9,41.2,0.0,32.1527,967.0,1
624,21,2014-08-29 12:00:00,-49.0,44.2,0.0,29.8561,970.0,1
624,22,2014-08-29 18:00:00,-45.9,46.7,0.0,29.8561,972.0,1
624,23,2014-08-30 00:00:00,-42.8,48.6,0.0,29.8561,974.0,1
624,24,2014-08-30 06:00:00,-39.5,49.9,0.0,29.8561,974.0,1
624,25,2014-08-30 12:00:00,-36.2,51.3,0.0,27.5595,971.0,1
624,26,2014-08-30 18:00:00,-32.0,54.0,0.0,27.5595,971.0,1
624,27,2014-08-31 00:00:00,-28.9,58.0,0.0,27.5595,971.0,1
624,28,2014-08-31 06:00:00,-27.0,61.0,0.0,27.5595,963.0,1
624,29,2014-08-31 12:00:00,-26.0,62.0,0.0,27.5595,964.0,1
624,30,2014-08-31 18:00:00,-24.5,63.0,0.0,25.2629,968.0,1
624,31,2014-09-01 00:00:00,-22.0,64.0,0.0,22.9662,974.0,1
624,32,2014-09-01 06:00:00,-19.5,65.0,0.0,22.9662,978.0,1
624,33,2014-09-01 12:00:00,-17.0,66.0,0.0,20.6696,980.0,1
624,34,2014-09-01 18:00:00,-15.4,67.0,0.0,20.6696,982.0,1
624,35,2014-09-02 00:00:00,-15.0,68.0,0.0,18.373,984.0,1
625,1,2014-09-02 06:00:00,-94.3,22.3,0.0,18.373,1005.0,1
625,2,2014-09-02 12:00:00,-95.6,22.8,0.0,20.6696,1005.0,1
625,3,2014-09-02 18:00:00,-96.7,22.2,0.0,18.373,1003.0,1
625,4,2014-09-03 00:00:00,-97.3,22.0,0.0,18.373,1001.0,1
626,1,2014-09-12 12:00:00,-42.3,18.3,0.0,18.373,1000.0,1
626,2,2014-09-12 18:00:00,-43.6,18.9,0.0,18.373,999.0,1
626,3,2014-09-13 00:00:00,-44.8,19.6,0.0,18.373,998.0,1
626,4,2014-09-13 06:00:00,-45.7,20.4,0.0,20.6696,997.0,1
626,5,2014-09-13 12:00:00,-46.4,21.4,0.0,20.6696,996.0,1
626,6,2014-09-13 18:00:00,-47.0,22.3,0.0,22.9662,995.0,1
626,7,2014-09-14 00:00:00,-47.9,23.0,0.0,25.2629,994.0,1
626,8,2014-09-14 06:00:00,-49.0,23.7,0.0,27.5595,991.0,1
626,9,2014-09-14 12:00:00,-50.3,24.4,0.0,32.1527,985.0,1
626,10,2014-09-14 18:00:00,-51.5,25.1,0.0,34.4494,980.0,1
626,11,2014-09-15 00:00:00,-52.7,25.8,0.0,36.746,975.0,1
626,12,2014-09-15 06:00:00,-54.0,26.5,0.0,39.0426,970.0,1
626,13,2014-09-15 12:00:00,-55.1,27.0,0.0,41.3392,966.0,1
626,14,2014-09-15 18:00:00,-56.1,27.7,0.0,43.6359,962.0,1
626,15,2014-09-16 00:00:00,-56.7,28.5,0.0,43.6359,960.0,1
626,16,2014-09-16 06:00:00,-57.3,29.5,0.0,45.9325,956.0,1
626,17,2014-09-16 12:00:00,-57.8,30.6,0.0,48.2291,955.0,1
626,18,2014-09-16 18:00:00,-57.7,31.7,0.0,43.6359,958.0,1
626,19,2014-09-17 00:00:00,-57.0,32.9,0.0,39.0426,959.0,1
626,20,2014-09-17 06:00:00,-56.0,34.3,0.0,39.0426,958.0,1
626,21,2014-09-17 12:00:00,-54.5,35.7,0.0,36.746,957.0,1
626,22,2014-09-17 18:00:00,-52.4,37.2,0.0,36.746,955.0,1
626,23,2014-09-18 00:00:00,-49.5,38.3,0.0,34.4494,958.0,1
626,24,2014-09-18 06:00:00,-46.7,39.3,0.0,32.1527,964.0,1
626,25,2014-09-18 12:00:00,-44.1,39.9,0.0,32.1527,969.0,1
626,26,2014-09-18 18:00:00,-42.1,39.9,0.0,29.8561,973.0,1
626,27,2014-09-19 00:00:00,-40.1,39.9,0.0,27.5595,980.0,1
626,28,2014-09-19 06:00:00,-38.9,39.9,0.0,25.2629,988.0,1
626,29,2014-09-19 12:00:00,-38.1,39.5,0.0,20.6696,994.0,1
626,30,2014-09-19 18:00:00,-37.4,39.5,0.0,18.373,1001.0,1
627,1,2014-10-10 18:00:00,-64.0,24.3,0.0,18.373,1003.0,1
627,2,2014-10-11 00:00:00,-64.5,25.1,0.0,22.9662,999.0,1
627,3,2014-10-11 06:00:00,-65.0,26.0,0.0,25.2629,994.0,1
627,4,2014-10-11 12:00:00,-65.3,27.2,0.0,27.5595,990.0,1
627,5,2014-10-11 18:00:00,-65.4,28.7,0.0,27.5595,988.0,1
627,6,2014-10-12 00:00:00,-65.2,30.2,0.0,27.5595,987.0,1
627,7,2014-10-12 06:00:00,-64.9,31.7,0.0,29.8561,985.0,1
627,8,2014-10-12 12:00:00,-63.9,33.1,0.0,32.1527,983.0,1
627,9,2014-10-12 18:00:00,-61.9,33.6,0.0,27.5595,986.0,1
627,10,2014-10-13 00:00:00,-59.0,33.9,0.0,22.9662,990.0,1
628,1,2014-10-12 18:00:00,-58.8,16.4,0.0,18.373,1004.0,1
628,2,2014-10-13 00:00:00,-59.7,16.5,0.0,20.6696,1001.0,1
628,3,2014-10-13 06:00:00,-60.6,16.7,0.0,25.2629,996.0,1
628,4,2014-10-13 12:00:00,-61.5,17.0,0.0,29.8561,992.0,1
628,5,2014-10-13 18:00:00,-62.4,17.6,0.0,32.1527,988.0,1
628,6,2014-10-14 00:00:00,-63.2,18.3,0.0,36.746,983.0,1
628,7,2014-10-14 06:00:00,-64.0,19.1,0.0,41.3392,976.0,1
628,8,2014-10-14 12:00:00,-64.8,19.9,0.0,43.6359,973.0,1
628,9,2014-10-14 18:00:00,-65.5,20.8,0.0,45.9325,968.0,1
628,10,2014-10-15 00:00:00,-66.2,21.7,0.0,52.8224,956.0,1
628,11,2014-10-15 06:00:00,-67.0,22.5,0.0,52.8224,953.0,1
628,12,2014-10-15 12:00:00,-67.7,23.1,0.0,52.8224,949.0,1
628,13,2014-10-15 18:00:00,-68.3,23.8,0.0,50.5258,953.0,1
628,14,2014-10-16 00:00:00,-68.6,24.4,0.0,50.5258,953.0,1
628,15,2014-10-16 06:00:00,-68.7,25.0,0.0,52.8224,948.0,1
628,16,2014-10-16 12:00:00,-68.7,25.6,0.0,57.4156,940.0,1
628,17,2014-10-16 18:00:00,-68.3,26.5,0.0,57.4156,942.0,1
628,18,2014-10-17 00:00:00,-67.8,27.4,0.0,55.119,942.0,1
628,19,2014-10-17 06:00:00,-67.2,28.6,0.0,52.8224,945.0,1
628,20,2014-10-17 12:00:00,-66.5,29.8,0.0,50.5258,947.0,1
628,21,2014-10-17 18:00:00,-65.7,31.0,0.0,48.2291,949.0,1
628,22,2014-10-18 00:00:00,-64.9,32.2,0.0,43.6359,952.0,1
628,23,2014-10-18 00:30:00,-64.8,32.3,0.0,43.6359,952.0,1
628,24,2014-10-18 06:00:00,-63.9,33.7,0.0,41.3392,955.0,1
628,25,2014-10-18 12:00:00,-62.6,35.6,0.0,39.0426,960.0,1
628,26,2014-10-18 18:00:00,-60.9,38.2,0.0,39.0426,964.0,1
628,27,2014-10-19 00:00:00,-58.3,41.2,0.0,39.0426,965.0,1
628,28,2014-10-19 06:00:00,-54.8,44.5,0.0,36.746,968.0,1
628,29,2014-10-19 12:00:00,-50.1,47.8,0.0,32.1527,970.0,1
628,30,2014-10-19 18:00:00,-44.8,50.6,0.0,29.8561,976.0,1
628,31,2014-10-20 00:00:00,-38.3,52.6,0.0,25.2629,982.0,1
628,32,2014-10-20 06:00:00,-30.9,53.9,0.0,22.9662,988.0,1
629,1,2015-05-07 12:00:00,-77.5,30.6,0.0,18.373,1008.0,1
629,2,2015-05-07 18:00:00,-77.5,31.2,0.0,18.373,1005.0,1
629,3,2015-05-08 00:00:00,-77.6,31.4,0.0,18.373,1003.0,1
629,4,2015-05-08 06:00:00,-77.6,31.5,0.0,18.373,1002.0,1
629,5,2015-05-08 12:00:00,-77.5,31.5,0.0,18.373,1000.0,1
629,6,2015-05-08 18:00:00,-77.4,31.6,0.0,20.6696,999.0,1
629,7,2015-05-09 00:00:00,-77.3,31.9,0.0,22.9662,998.0,1
629,8,2015-05-09 06:00:00,-77.5,32.2,0.0,22.9662,998.0,1
629,9,2015-05-09 12:00:00,-77.8,32.5,0.0,22.9662,1001.0,1
629,10,2015-05-09 18:00:00,-78.0,32.7,0.0,20.6696,1001.0,1
629,11,2015-05-10 00:00:00,-78.3,33.1,0.0,20.6696,1001.0,1
629,12,2015-05-10 06:00:00,-78.6,33.5,0.0,18.373,1002.0,1
630,1,2015-06-16 00:00:00,-94.3,27.0,0.0,20.6696,1005.0,1
630,2,2015-06-16 06:00:00,-95.2,27.6,0.0,20.6696,1001.0,1
630,3,2015-06-16 12:00:00,-96.0,28.0,0.0,22.9662,997.0,1
630,4,2015-06-16 18:00:00,-96.7,28.2,0.0,22.9662,997.0,1
630,5,2015-06-17 00:00:00,-96.9,29.1,0.0,18.373,998.0,1
631,1,2015-07-13 12:00:00,-69.4,36.8,0.0,18.373,1005.0,1
631,2,2015-07-13 18:00:00,-67.5,37.6,0.0,20.6696,1003.0,1
631,3,2015-07-14 00:00:00,-65.7,38.4,0.0,20.6696,1004.0,1
631,4,2015-07-14 06:00:00,-64.1,39.4,0.0,20.6696,1004.0,1
631,5,2015-07-14 12:00:00,-62.0,40.7,0.0,20.6696,1004.0,1
631,6,2015-07-14 18:00:00,-60.0,42.0,0.0,18.373,1004.0,1
632,1,2015-08-18 18:00:00,-37.1,10.7,0.0,18.373,1006.0,1
632,2,2015-08-19 00:00:00,-38.4,10.9,0.0,20.6696,1005.0,1
632,3,2015-08-19 06:00:00,-39.5,11.0,0.0,20.6696,1003.0,1
632,4,2015-08-19 12:00:00,-40.6,11.2,0.0,20.6696,1002.0,1
632,5,2015-08-19 18:00:00,-41.5,11.5,0.0,22.9662,1001.0,1
632,6,2015-08-20 00:00:00,-42.5,11.7,0.0,25.2629,1000.0,1
632,7,2015-08-20 06:00:00,-43.5,11.9,0.0,27.5595,998.0,1
632,8,2015-08-20 12:00:00,-44.4,12.3,0.0,29.8561,995.0,1
632,9,2015-08-20 18:00:00,-45.3,12.8,0.0,34.4494,990.0,1
632,10,2015-08-21 00:00:00,-46.2,13.2,0.0,39.0426,981.0,1
632,11,2015-08-21 06:00:00,-47.0,13.5,0.0,43.6359,973.0,1
632,12,2015-08-21 12:00:00,-47.8,13.8,0.0,50.5258,960.0,1
632,13,2015-08-21 18:00:00,-48.6,14.3,0.0,48.2291,966.0,1
632,14,2015-08-22 00:00:00,-49.4,14.7,0.0,43.6359,973.0,1
632,15,2015-08-22 06:00:00,-50.3,15.0,0.0,39.0426,980.0,1
632,16,2015-08-22 12:00:00,-51.4,15.3,0.0,34.4494,985.0,1
632,17,2015-08-22 18:00:00,-52.7,15.5,0.0,29.8561,990.0,1
632,18,2015-08-23 00:00:00,-54.0,15.6,0.0,25.2629,999.0,1
632,19,2015-08-23 06:00:00,-55.3,15.7,0.0,22.9662,1001.0,1
632,20,2015-08-23 12:00:00,-56.7,15.7,0.0,20.6696,1002.0,1
632,21,2015-08-23 18:00:00,-58.2,15.6,0.0,18.373,1004.0,1
632,22,2015-08-24 00:00:00,-59.3,15.6,0.0,18.373,1007.0,1
633,1,2015-08-24 18:00:00,-45.1,14.3,0.0,18.373,1003.0,1
633,2,2015-08-25 00:00:00,-46.9,14.4,0.0,18.373,1003.0,1
633,3,2015-08-25 06:00:00,-48.6,14.7,0.0,18.373,1003.0,1
633,4,2015-08-25 12:00:00,-50.2,15.0,0.0,18.373,1003.0,1
633,5,2015-08-26 12:00:00,-56.8,16.2,0.0,18.373,1005.0,1
633,6,2015-08-26 18:00:00,-58.2,16.4,0.0,18.373,1005.0,1
633,7,2015-08-27 00:00:00,-59.5,16.6,0.0,18.373,1006.0,1
633,8,2015-08-27 06:00:00,-60.8,16.5,0.0,20.6696,1001.0,1
633,9,2015-08-27 12:00:00,-62.2,16.5,0.0,20.6696,1004.0,1
633,10,2015-08-27 18:00:00,-63.6,16.6,0.0,20.6696,1006.0,1
633,11,2015-08-28 00:00:00,-65.1,17.2,0.0,20.6696,1006.0,1
633,12,2015-08-28 06:00:00,-66.8,17.5,0.0,20.6696,1006.0,1
633,13,2015-08-28 12:00:00,-68.6,17.6,0.0,20.6696,1008.0,1
634,1,2015-08-30 12:00:00,-19.5,13.1,0.0,20.6696,1004.0,1
634,2,2015-08-30 18:00:00,-20.7,14.0,0.0,25.2629,998.0,1
634,3,2015-08-31 00:00:00,-21.7,14.6,0.0,29.8561,992.0,1
634,4,2015-08-31 06:00:00,-22.5,15.3,0.0,32.1527,989.0,1
634,5,2015-08-31 12:00:00,-23.3,16.1,0.0,34.4494,986.0,1
634,6,2015-08-31 18:00:00,-24.1,16.8,0.0,32.1527,988.0,1
634,7,2015-09-01 00:00:00,-24.9,17.4,0.0,29.8561,991.0,1
634,8,2015-09-01 06:00:00,-25.7,17.8,0.0,27.5595,994.0,1
634,9,2015-09-01 12:00:00,-26.7,18.2,0.0,22.9662,1000.0,1
634,10,2015-09-01 18:00:00,-27.6,18.7,0.0,20.6696,1003.0,1
634,11,2015-09-02 00:00:00,-28.7,19.1,0.0,20.6696,1003.0,1
634,12,2015-09-02 06:00:00,-29.7,19.3,0.0,18.373,1004.0,1
634,13,2015-09-02 12:00:00,-30.5,19.6,0.0,18.373,1005.0,1
634,14,2015-09-03 06:00:00,-32.9,20.7,0.0,18.373,1005.0,1
634,15,2015-09-03 12:00:00,-33.7,21.3,0.0,18.373,1005.0,1
635,1,2015-09-06 00:00:00,-26.9,12.4,0.0,18.373,1005.0,1
635,2,2015-09-06 06:00:00,-28.0,12.5,0.0,20.6696,1002.0,1
635,3,2015-09-06 12:00:00,-29.2,12.7,0.0,22.9662,1000.0,1
635,4,2015-09-06 18:00:00,-30.5,12.9,0.0,20.6696,1002.0,1
635,5,2015-09-07 00:00:00,-31.9,13.2,0.0,20.6696,1002.0,1
635,6,2015-09-07 06:00:00,-33.4,13.5,0.0,20.6696,1002.0,1
635,7,2015-09-07 12:00:00,-35.0,13.7,0.0,18.373,1004.0,1
635,8,2015-09-07 18:00:00,-36.7,13.8,0.0,18.373,1004.0,1
636,1,2015-09-09 12:00:00,-61.0,30.8,0.0,18.373,1005.0,1
636,2,2015-09-09 18:00:00,-60.8,30.9,0.0,20.6696,1003.0,1
636,3,2015-09-10 00:00:00,-60.8,31.2,0.0,20.6696,1003.0,1
636,4,2015-09-10 06:00:00,-60.9,31.6,0.0,20.6696,1005.0,1
636,5,2015-09-10 12:00:00,-60.9,32.2,0.0,18.373,1006.0,1
636,6,2015-09-10 18:00:00,-60.9,33.2,0.0,18.373,1007.0,1
636,7,2015-09-11 00:00:00,-60.7,34.3,0.0,18.373,1009.0,1
636,8,2015-09-11 06:00:00,-60.3,35.7,0.0,18.373,1010.0,1
637,1,2015-09-20 00:00:00,-41.9,15.6,0.0,18.373,1004.0,1
637,2,2015-09-20 06:00:00,-43.1,16.2,0.0,18.373,1004.0,1
637,3,2015-09-20 12:00:00,-44.4,16.9,0.0,18.373,1004.0,1
637,4,2015-09-20 18:00:00,-45.6,17.8,0.0,18.373,1003.0,1
637,5,2015-09-21 00:00:00,-46.5,18.8,0.0,18.373,1003.0,1
637,6,2015-09-21 06:00:00,-47.3,19.7,0.0,20.6696,1002.0,1
637,7,2015-09-21 12:00:00,-48.1,20.5,0.0,20.6696,1001.0,1
637,8,2015-09-21 18:00:00,-48.7,20.9,0.0,20.6696,1001.0,1
637,9,2015-09-22 00:00:00,-48.9,21.3,0.0,18.373,1002.0,1
637,10,2015-09-22 06:00:00,-48.5,21.4,0.0,18.373,1002.0,1
637,11,2015-09-22 12:00:00,-47.9,21.4,0.0,18.373,1002.0,1
637,12,2015-09-22 18:00:00,-47.4,21.1,0.0,18.373,1003.0,1
638,1,2015-09-29 12:00:00,-70.5,26.2,0.0,20.6696,999.0,1
638,2,2015-09-29 18:00:00,-70.8,26.0,0.0,25.2629,992.0,1
638,3,2015-09-30 00:00:00,-71.3,25.8,0.0,27.5595,985.0,1
638,4,2015-09-30 06:00:00,-71.8,25.4,0.0,29.8561,978.0,1
638,5,2015-09-30 12:00:00,-72.2,24.9,0.0,32.1527,971.0,1
638,6,2015-09-30 18:00:00,-72.5,24.4,0.0,36.746,961.0,1
638,7,2015-10-01 00:00:00,-72.9,23.9,0.0,45.9325,951.0,1
638,8,2015-10-01 06:00:00,-73.3,23.5,0.0,50.5258,947.0,1
638,9,2015-10-01 12:00:00,-73.7,23.1,0.0,52.8224,942.0,1
638,10,2015-10-01 18:00:00,-74.2,23.0,0.0,52.8224,936.0,1
638,11,2015-10-02 00:00:00,-74.4,22.9,0.0,55.119,931.0,1
638,12,2015-10-02 06:00:00,-74.7,23.0,0.0,55.119,935.0,1
638,13,2015-10-02 12:00:00,-74.8,23.4,0.0,52.8224,937.0,1
638,14,2015-10-02 18:00:00,-74.7,23.8,0.0,50.5258,941.0,1
638,15,2015-10-03 00:00:00,-74.3,24.3,0.0,52.8224,943.0,1
638,16,2015-10-03 06:00:00,-73.6,24.8,0.0,55.119,945.0,1
638,17,2015-10-03 12:00:00,-72.6,25.4,0.0,62.0089,934.0,1
638,18,2015-10-03 18:00:00,-71.0,26.3,0.0,59.7122,934.0,1
638,19,2015-10-04 00:00:00,-69.5,27.4,0.0,52.8224,941.0,1
638,20,2015-10-04 06:00:00,-68.3,28.9,0.0,48.2291,949.0,1
638,21,2015-10-04 12:00:00,-67.2,30.4,0.0,43.6359,956.0,1
638,22,2015-10-04 18:00:00,-66.5,31.6,0.0,39.0426,958.0,1
638,23,2015-10-05 00:00:00,-66.0,32.6,0.0,34.4494,961.0,1
638,24,2015-10-05 06:00:00,-65.6,33.6,0.0,34.4494,964.0,1
638,25,2015-10-05 12:00:00,-65.2,34.4,0.0,34.4494,964.0,1
638,26,2015-10-05 18:00:00,-64.5,35.3,0.0,34.4494,964.0,1
638,27,2015-10-06 00:00:00,-63.6,36.2,0.0,34.4494,967.0,1
638,28,2015-10-06 06:00:00,-62.3,37.0,0.0,34.4494,970.0,1
638,29,2015-10-06 12:00:00,-60.4,37.9,0.0,32.1527,974.0,1
638,30,2015-10-06 18:00:00,-58.0,38.8,0.0,32.1527,974.0,1
638,31,2015-10-07 00:00:00,-54.9,39.6,0.0,32.1527,974.0,1
638,32,2015-10-07 06:00:00,-51.5,40.3,0.0,29.8561,977.0,1
638,33,2015-10-07 12:00:00,-47.5,41.0,0.0,27.5595,977.0,1
638,34,2015-10-07 18:00:00,-43.3,41.5,0.0,27.5595,977.0,1
638,35,2015-10-08 00:00:00,-39.1,41.9,0.0,25.2629,977.0,1
638,36,2015-10-08 06:00:00,-35.0,42.4,0.0,22.9662,977.0,1
638,37,2015-10-08 12:00:00,-31.0,43.0,0.0,20.6696,980.0,1
638,38,2015-10-08 18:00:00,-27.3,43.5,0.0,20.6696,984.0,1
638,39,2015-10-09 00:00:00,-24.1,43.9,0.0,20.6696,987.0,1
638,40,2015-10-09 06:00:00,-21.9,44.1,0.0,20.6696,988.0,1
638,41,2015-10-09 12:00:00,-19.9,44.2,0.0,20.6696,988.0,1
638,42,2015-10-09 18:00:00,-18.2,44.1,0.0,18.373,989.0,1
639,1,2015-11-09 12:00:00,-74.8,24.1,0.0,18.373,1008.0,1
639,2,2015-11-09 18:00:00,-75.7,25.0,0.0,20.6696,1008.0,1
639,3,2015-11-10 00:00:00,-76.2,26.4,0.0,22.9662,1006.0,1
639,4,2015-11-10 06:00:00,-76.2,28.0,0.0,25.2629,1003.0,1
639,5,2015-11-10 12:00:00,-75.4,29.5,0.0,27.5595,998.0,1
639,6,2015-11-10 18:00:00,-74.0,31.2,0.0,27.5595,993.0,1
639,7,2015-11-11 00:00:00,-71.3,33.1,0.0,29.8561,990.0,1
639,8,2015-11-11 06:00:00,-67.6,35.2,0.0,32.1527,985.0,1
639,9,2015-11-11 12:00:00,-62.5,36.2,0.0,34.4494,980.0,1
639,10,2015-11-11 18:00:00,-58.2,37.6,0.0,29.8561,980.0,1
639,11,2015-11-12 00:00:00,-55.0,38.9,0.0,29.8561,980.0,1
639,12,2015-11-12 06:00:00,-52.0,40.0,0.0,29.8561,980.0,1
639,13,2015-11-12 12:00:00,-50.4,41.3,0.0,25.2629,981.0,1
639,14,2015-11-12 18:00:00,-49.9,41.9,0.0,25.2629,983.0,1
639,15,2015-11-13 00:00:00,-49.2,41.5,0.0,22.9662,985.0,1
639,16,2015-11-13 06:00:00,-47.5,40.8,0.0,20.6696,985.0,1
639,17,2015-11-13 12:00:00,-45.4,40.7,0.0,20.6696,987.0,1
640,1,2016-01-07 00:00:00,-75.3,26.6,0.0,18.373,1010.0,1
640,2,2016-01-07 06:00:00,-74.7,27.6,0.0,20.6696,1003.0,1
640,3,2016-01-07 12:00:00,-73.8,28.7,0.0,22.9662,997.0,1
640,4,2016-01-07 18:00:00,-72.5,30.0,0.0,25.2629,987.0,1
640,5,2016-01-08 00:00:00,-70.6,31.4,0.0,25.2629,986.0,1
640,6,2016-01-08 06:00:00,-68.8,32.4,0.0,25.2629,986.0,1
640,7,2016-01-08 12:00:00,-67.1,33.0,0.0,20.6696,991.0,1
640,8,2016-01-08 18:00:00,-65.0,33.5,0.0,20.6696,991.0,1
640,9,2016-01-09 00:00:00,-62.9,34.0,0.0,20.6696,991.0,1
640,10,2016-01-09 06:00:00,-60.5,34.5,0.0,22.9662,991.0,1
640,11,2016-01-09 12:00:00,-58.3,35.0,0.0,25.2629,989.0,1
640,12,2016-01-09 18:00:00,-56.1,35.1,0.0,27.5595,985.0,1
640,13,2016-01-10 00:00:00,-54.2,34.4,0.0,29.8561,981.0,1
640,14,2016-01-10 06:00:00,-52.7,33.7,0.0,29.8561,981.0,1
640,15,2016-01-10 12:00:00,-51.2,32.9,0.0,29.8561,979.0,1
640,16,2016-01-10 18:00:00,-49.1,32.1,0.0,27.5595,980.0,1
640,17,2016-01-11 00:00:00,-46.5,31.6,0.0,25.2629,980.0,1
640,18,2016-01-11 06:00:00,-44.6,31.6,0.0,25.2629,980.0,1
640,19,2016-01-11 12:00:00,-43.4,31.3,0.0,25.2629,980.0,1
640,20,2016-01-11 18:00:00,-42.5,30.0,0.0,22.9662,982.0,1
640,21,2016-01-12 00:00:00,-41.7,28.4,0.0,22.9662,985.0,1
640,22,2016-01-12 06:00:00,-40.2,26.3,0.0,22.9662,988.0,1
640,23,2016-01-12 12:00:00,-38.0,25.0,0.0,22.9662,988.0,1
640,24,2016-01-12 18:00:00,-35.9,25.1,0.0,22.9662,988.0,1
640,25,2016-01-13 00:00:00,-34.7,25.4,0.0,22.9662,988.0,1
640,26,2016-01-13 06:00:00,-33.6,25.6,0.0,20.6696,989.0,1
640,27,2016-01-13 12:00:00,-32.5,26.0,0.0,20.6696,989.0,1
640,28,2016-01-13 18:00:00,-31.4,26.7,0.0,20.6696,990.0,1
640,29,2016-01-14 00:00:00,-30.4,27.9,0.0,25.2629,988.0,1
640,30,2016-01-14 06:00:00,-29.6,29.3,0.0,29.8561,985.0,1
640,31,2016-01-14 12:00:00,-28.7,30.8,0.0,34.4494,981.0,1
640,32,2016-01-14 18:00:00,-28.0,32.5,0.0,34.4494,981.0,1
640,33,2016-01-15 00:00:00,-27.6,33.9,0.0,32.1527,984.0,1
640,34,2016-01-15 06:00:00,-27.2,35.4,0.0,29.8561,986.0,1
640,35,2016-01-15 12:00:00,-27.0,38.0,0.0,25.2629,986.0,1
640,36,2016-01-15 18:00:00,-27.7,41.5,0.0,25.2629,986.0,1
640,37,2016-01-16 00:00:00,-28.9,45.1,0.0,25.2629,984.0,1
640,38,2016-01-16 06:00:00,-30.2,48.9,0.0,25.2629,982.0,1
640,39,2016-01-16 12:00:00,-32.0,53.0,0.0,25.2629,980.0,1
640,40,2016-01-16 18:00:00,-37.0,56.0,0.0,25.2629,979.0,1
640,41,2016-01-17 00:00:00,-42.0,57.0,0.0,32.1527,978.0,1
641,1,2016-05-28 18:00:00,-79.1,30.7,0.0,18.373,1008.0,1
641,2,2016-05-29 00:00:00,-79.4,31.0,0.0,18.373,1007.0,1
642,1,2016-06-06 06:00:00,-87.6,24.6,0.0,18.373,1004.0,1
642,2,2016-06-06 12:00:00,-87.3,26.4,0.0,20.6696,1004.0,1
642,3,2016-06-06 18:00:00,-86.1,28.1,0.0,20.6696,1003.0,1
642,4,2016-06-07 00:00:00,-84.3,29.4,0.0,20.6696,1001.0,1
642,5,2016-06-07 06:00:00,-82.1,30.7,0.0,20.6696,1003.0,1
642,6,2016-06-07 12:00:00,-78.5,33.2,0.0,20.6696,1000.0,1
642,7,2016-06-07 18:00:00,-74.4,35.5,0.0,22.9662,996.0,1
642,8,2016-06-08 00:00:00,-70.0,38.0,0.0,22.9662,994.0,1
642,9,2016-06-08 06:00:00,-65.0,40.0,0.0,22.9662,992.0,1
642,10,2016-06-08 12:00:00,-61.0,41.0,0.0,22.9662,988.0,1
642,11,2016-06-08 18:00:00,-58.0,43.0,0.0,20.6696,987.0,1
643,1,2016-06-20 12:00:00,-96.1,20.7,0.0,18.373,1007.0,1
644,1,2016-08-02 06:00:00,-77.5,16.3,0.0,18.373,1004.0,1
644,2,2016-08-02 12:00:00,-79.2,16.3,0.0,18.373,1003.0,1
644,3,2016-08-02 18:00:00,-80.8,16.3,0.0,20.6696,1001.0,1
644,4,2016-08-03 00:00:00,-82.2,16.4,0.0,25.2629,994.0,1
644,5,2016-08-03 06:00:00,-83.1,16.0,0.0,25.2629,993.0,1
644,6,2016-08-03 12:00:00,-84.3,16.3,0.0,27.5595,989.0,1
644,7,2016-08-03 18:00:00,-85.4,16.9,0.0,29.8561,988.0,1
644,8,2016-08-04 00:00:00,-86.9,17.3,0.0,32.1527,984.0,1
644,9,2016-08-04 06:00:00,-88.3,17.4,0.0,34.4494,979.0,1
644,10,2016-08-04 12:00:00,-89.4,17.4,0.0,27.5595,989.0,1
644,11,2016-08-04 18:00:00,-90.3,17.6,0.0,18.373,995.0,1
644,12,2016-08-05 12:00:00,-93.5,18.5,0.0,18.373,1001.0,1
644,13,2016-08-05 18:00:00,-94.7,18.7,0.0,22.9662,999.0,1
644,14,2016-08-06 00:00:00,-95.6,18.9,0.0,22.9662,999.0,1
644,15,2016-08-06 06:00:00,-96.5,19.0,0.0,20.6696,1004.0,1
645,1,2016-08-18 06:00:00,-39.4,15.7,0.0,18.373,1006.0,1
645,2,2016-08-18 12:00:00,-40.1,16.1,0.0,18.373,1006.0,1
645,3,2016-08-18 18:00:00,-40.8,16.5,0.0,18.373,1005.0,1
645,4,2016-08-19 00:00:00,-41.5,16.9,0.0,20.6696,1004.0,1
645,5,2016-08-19 06:00:00,-42.3,17.3,0.0,20.6696,1004.0,1
645,6,2016-08-19 12:00:00,-43.1,17.7,0.0,18.373,1005.0,1
645,7,2016-08-19 18:00:00,-43.9,18.0,0.0,18.373,1006.0,1
645,8,2016-08-20 00:00:00,-44.9,18.5,0.0,18.373,1005.0,1
645,9,2016-08-20 06:00:00,-46.1,19.2,0.0,18.373,1005.0,1
645,10,2016-08-20 12:00:00,-47.2,20.0,0.0,20.6696,1004.0,1
645,11,2016-08-20 18:00:00,-48.4,20.8,0.0,20.6696,1004.0,1
645,12,2016-08-21 00:00:00,-49.6,21.5,0.0,20.6696,1004.0,1
645,13,2016-08-21 06:00:00,-51.1,22.1,0.0,18.373,1005.0,1
646,1,2016-08-23 00:00:00,-29.9,12.5,0.0,18.373,1006.0,1
646,2,2016-08-23 06:00:00,-31.6,13.0,0.0,20.6696,1005.0,1
646,3,2016-08-23 12:00:00,-33.4,13.5,0.0,25.2629,1003.0,1
646,4,2016-08-23 18:00:00,-35.0,13.9,0.0,25.2629,1003.0,1
646,5,2016-08-24 00:00:00,-36.5,14.2,0.0,25.2629,1000.0,1
646,6,2016-08-24 06:00:00,-37.9,14.8,0.0,27.5595,997.0,1
646,7,2016-08-24 12:00:00,-39.1,15.8,0.0,29.8561,992.0,1
646,8,2016-08-24 18:00:00,-40.2,16.9,0.0,29.8561,988.0,1
646,9,2016-08-25 00:00:00,-41.4,18.0,0.0,29.8561,988.0,1
646,10,2016-08-25 06:00:00,-42.7,18.9,0.0,29.8561,988.0,1
646,11,2016-08-25 12:00:00,-44.0,19.8,0.0,27.5595,992.0,1
646,12,2016-08-25 18:00:00,-45.0,21.0,0.0,25.2629,996.0,1
646,13,2016-08-26 00:00:00,-46.0,22.3,0.0,25.2629,996.0,1
646,14,2016-08-26 06:00:00,-47.0,23.6,0.0,25.2629,996.0,1
646,15,2016-08-26 12:00:00,-47.9,24.8,0.0,25.2629,996.0,1
646,16,2016-08-26 18:00:00,-49.1,25.8,0.0,25.2629,996.0,1
646,17,2016-08-27 00:00:00,-50.3,26.7,0.0,25.2629,996.0,1
646,18,2016-08-27 06:00:00,-51.5,27.5,0.0,25.2629,996.0,1
646,19,2016-08-27 12:00:00,-52.8,28.1,0.0,27.5595,992.0,1
646,20,2016-08-27 18:00:00,-53.6,28.7,0.0,29.8561,989.0,1
646,21,2016-08-28 00:00:00,-54.2,29.3,0.0,34.4494,980.0,1
646,22,2016-08-28 06:00:00,-54.5,29.9,0.0,36.746,976.0,1
646,23,2016-08-28 12:00:00,-54.7,30.3,0.0,41.3392,969.0,1
646,24,2016-08-28 18:00:00,-55.0,30.5,0.0,45.9325,962.0,1
646,25,2016-08-29 00:00:00,-55.2,30.6,0.0,48.2291,955.0,1
646,26,2016-08-29 06:00:00,-55.3,30.7,0.0,45.9325,960.0,1
646,27,2016-08-29 12:00:00,-55.4,30.8,0.0,43.6359,964.0,1
646,28,2016-08-29 18:00:00,-55.4,31.1,0.0,41.3392,967.0,1
646,29,2016-08-30 00:00:00,-54.9,31.4,0.0,39.0426,970.0,1
646,30,2016-08-30 06:00:00,-54.4,31.7,0.0,39.0426,970.0,1
646,31,2016-08-30 12:00:00,-53.5,32.0,0.0,39.0426,968.0,1
646,32,2016-08-30 18:00:00,-52.5,32.4,0.0,43.6359,963.0,1
646,33,2016-08-31 00:00:00,-51.5,32.7,0.0,48.2291,955.0,1
646,34,2016-08-31 06:00:00,-50.5,33.1,0.0,48.2291,955.0,1
646,35,2016-08-31 12:00:00,-49.2,33.7,0.0,45.9325,960.0,1
646,36,2016-08-31 18:00:00,-47.9,34.5,0.0,43.6359,965.0,1
646,37,2016-09-01 00:00:00,-46.3,35.5,0.0,41.3392,969.0,1
646,38,2016-09-01 06:00:00,-44.3,36.3,0.0,39.0426,973.0,1
646,39,2016-09-01 12:00:00,-42.0,37.1,0.0,36.746,976.0,1
646,40,2016-09-01 18:00:00,-39.5,37.8,0.0,34.4494,981.0,1
646,41,2016-09-02 00:00:00,-37.0,38.2,0.0,32.1527,985.0,1
646,42,2016-09-02 06:00:00,-35.0,38.5,0.0,29.8561,988.0,1
646,43,2016-09-02 12:00:00,-33.0,38.9,0.0,27.5595,992.0,1
646,44,2016-09-02 18:00:00,-31.2,39.3,0.0,20.6696,1003.0,1
647,1,2016-08-31 12:00:00,-87.9,24.8,0.0,18.373,1003.0,1
647,2,2016-08-31 18:00:00,-87.7,25.1,0.0,20.6696,1002.0,1
647,3,2016-09-01 00:00:00,-87.2,25.5,0.0,22.9662,999.0,1
647,4,2016-09-01 06:00:00,-86.8,26.0,0.0,25.2629,995.0,1
647,5,2016-09-01 12:00:00,-86.2,26.9,0.0,27.5595,991.0,1
647,6,2016-09-01 18:00:00,-85.5,27.9,0.0,29.8561,988.0,1
647,7,2016-09-02 00:00:00,-84.8,29.0,0.0,32.1527,983.0,1
647,8,2016-09-02 06:00:00,-84.0,30.3,0.0,29.8561,982.0,1
647,9,2016-09-02 12:00:00,-82.8,31.4,0.0,22.9662,989.0,1
647,10,2016-09-02 18:00:00,-81.2,32.4,0.0,22.9662,990.0,1
647,11,2016-09-03 00:00:00,-79.2,33.6,0.0,22.9662,991.0,1
647,12,2016-09-03 06:00:00,-77.2,34.9,0.0,25.2629,993.0,1
647,13,2016-09-03 12:00:00,-75.5,35.8,0.0,27.5595,995.0,1
647,14,2016-09-03 18:00:00,-74.1,36.0,0.0,27.5595,997.0,1
647,15,2016-09-04 00:00:00,-72.6,36.3,0.0,27.5595,998.0,1
647,16,2016-09-04 06:00:00,-71.3,36.7,0.0,27.5595,998.0,1
647,17,2016-09-04 12:00:00,-70.1,36.9,0.0,27.5595,998.0,1
647,18,2016-09-04 18:00:00,-69.0,37.0,0.0,27.5595,998.0,1
647,19,2016-09-05 00:00:00,-68.4,37.2,0.0,27.5595,997.0,1
647,20,2016-09-05 06:00:00,-68.2,37.8,0.0,27.5595,996.0,1
647,21,2016-09-05 12:00:00,-68.5,38.6,0.0,25.2629,995.0,1
647,22,2016-09-05 18:00:00,-69.3,39.2,0.0,25.2629,995.0,1
647,23,2016-09-06 00:00:00,-70.3,39.5,0.0,25.2629,995.0,1
647,24,2016-09-06 06:00:00,-71.2,39.6,0.0,22.9662,996.0,1
647,25,2016-09-06 12:00:00,-71.8,39.5,0.0,20.6696,997.0,1
647,26,2016-09-06 18:00:00,-72.3,39.5,0.0,18.373,998.0,1
648,1,2016-09-13 06:00:00,-51.7,23.9,0.0,18.373,1000.0,1
648,2,2016-09-13 12:00:00,-52.1,24.8,0.0,20.6696,999.0,1
648,3,2016-09-13 18:00:00,-52.4,26.0,0.0,20.6696,998.0,1
648,4,2016-09-14 00:00:00,-52.6,27.3,0.0,20.6696,998.0,1
648,5,2016-09-14 06:00:00,-53.0,28.9,0.0,20.6696,998.0,1
648,6,2016-09-14 12:00:00,-53.5,30.5,0.0,20.6696,998.0,1
648,7,2016-09-14 18:00:00,-53.8,32.1,0.0,20.6696,998.0,1
648,8,2016-09-15 00:00:00,-53.5,33.5,0.0,20.6696,998.0,1
648,9,2016-09-15 06:00:00,-53.0,34.9,0.0,20.6696,998.0,1
648,10,2016-09-15 12:00:00,-51.5,36.3,0.0,20.6696,998.0,1
648,11,2016-09-15 18:00:00,-49.2,38.3,0.0,20.6696,998.0,1
648,12,2016-09-16 00:00:00,-46.8,41.2,0.0,20.6696,998.0,1
648,13,2016-09-16 06:00:00,-42.8,44.0,0.0,22.9662,994.0,1
648,14,2016-09-16 12:00:00,-38.6,46.8,0.0,25.2629,990.0,1
648,15,2016-09-16 18:00:00,-34.4,50.4,0.0,25.2629,985.0,1
648,16,2016-09-17 00:00:00,-30.3,55.1,0.0,25.2629,984.0,1
649,1,2016-09-16 00:00:00,-31.8,17.8,0.0,18.373,1004.0,1
649,2,2016-09-16 06:00:00,-32.8,18.0,0.0,18.373,1004.0,1
649,3,2016-09-16 12:00:00,-33.8,18.3,0.0,18.373,1004.0,1
649,4,2016-09-16 18:00:00,-34.9,18.5,0.0,18.373,1004.0,1
649,5,2016-09-17 00:00:00,-36.2,18.4,0.0,18.373,1004.0,1
649,6,2016-09-17 06:00:00,-37.4,18.3,0.0,18.373,1004.0,1
649,7,2016-09-17 12:00:00,-38.6,18.2,0.0,18.373,1004.0,1
649,8,2016-09-17 18:00:00,-39.7,18.1,0.0,18.373,1005.0,1
649,9,2016-09-23 00:00:00,-63.7,26.4,0.0,18.373,1001.0,1
649,10,2016-09-23 06:00:00,-64.3,27.3,0.0,22.9662,997.0,1
649,11,2016-09-23 12:00:00,-64.9,28.2,0.0,22.9662,992.0,1
649,12,2016-09-23 18:00:00,-65.3,29.2,0.0,25.2629,988.0,1
649,13,2016-09-24 00:00:00,-65.3,30.3,0.0,25.2629,990.0,1
649,14,2016-09-24 06:00:00,-64.8,31.5,0.0,25.2629,990.0,1
649,15,2016-09-24 12:00:00,-63.3,32.2,0.0,25.2629,994.0,1
649,16,2016-09-24 18:00:00,-61.5,32.9,0.0,25.2629,994.0,1
649,17,2016-09-25 00:00:00,-59.3,33.8,0.0,25.2629,992.0,1
649,18,2016-09-25 06:00:00,-55.1,35.8,0.0,27.5595,990.0,1
649,19,2016-09-25 12:00:00,-50.4,38.1,0.0,27.5595,986.0,1
649,20,2016-09-25 18:00:00,-45.0,41.0,0.0,27.5595,980.0,1
649,21,2016-09-26 00:00:00,-39.9,45.0,0.0,25.2629,986.0,1
650,1,2016-09-13 18:00:00,-81.2,29.0,0.0,20.6696,1010.0,1
650,2,2016-09-14 00:00:00,-81.5,29.8,0.0,20.6696,1010.0,1
650,3,2016-09-14 06:00:00,-81.7,30.5,0.0,18.373,1011.0,1
650,4,2016-09-14 12:00:00,-81.5,31.3,0.0,18.373,1011.0,1
650,5,2016-09-14 18:00:00,-80.7,31.8,0.0,18.373,1009.0,1
650,6,2016-09-15 00:00:00,-80.1,31.9,0.0,18.373,1007.0,1
650,7,2016-09-15 06:00:00,-79.5,31.9,0.0,18.373,1007.0,1
650,8,2016-09-15 12:00:00,-78.7,31.9,0.0,18.373,1007.0,1
650,9,2016-09-15 18:00:00,-77.9,31.9,0.0,18.373,1007.0,1
650,10,2016-09-16 00:00:00,-77.2,31.5,0.0,18.373,1007.0,1
650,11,2016-09-16 06:00:00,-76.6,31.2,0.0,18.373,1008.0,1
650,12,2016-09-16 12:00:00,-75.9,31.1,0.0,18.373,1008.0,1
650,13,2016-09-16 18:00:00,-75.7,30.9,0.0,18.373,1008.0,1
651,1,2016-09-20 18:00:00,-30.7,16.0,0.0,18.373,1004.0,1
651,2,2016-09-21 00:00:00,-31.3,16.7,0.0,18.373,1004.0,1
651,3,2016-09-21 06:00:00,-31.7,17.2,0.0,20.6696,1002.0,1
651,4,2016-09-21 12:00:00,-32.1,17.7,0.0,20.6696,1002.0,1
651,5,2016-09-21 18:00:00,-32.4,18.3,0.0,18.373,1004.0,1
651,6,2016-09-22 00:00:00,-32.7,18.9,0.0,18.373,1005.0,1
651,7,2016-09-22 06:00:00,-33.3,19.3,0.0,18.373,1004.0,1
651,8,2016-09-22 12:00:00,-33.8,19.7,0.0,20.6696,999.0,1
651,9,2016-09-22 18:00:00,-34.2,20.3,0.0,20.6696,999.0,1
651,10,2016-09-23 00:00:00,-34.8,20.9,0.0,18.373,1003.0,1
651,11,2016-09-24 06:00:00,-37.4,23.6,0.0,18.373,1007.0,1
651,12,2016-09-24 12:00:00,-38.1,24.4,0.0,18.373,1007.0,1
651,13,2016-09-26 00:00:00,-42.1,29.8,0.0,18.373,1014.0,1
651,14,2016-09-26 06:00:00,-41.2,30.6,0.0,18.373,1014.0,1
651,15,2016-09-26 12:00:00,-40.5,31.6,0.0,18.373,1014.0,1
652,1,2016-09-28 12:00:00,-59.8,13.4,0.0,22.9662,1009.0,1
652,2,2016-09-28 18:00:00,-61.2,13.6,0.0,22.9662,1008.0,1
652,3,2016-09-29 00:00:00,-62.6,13.9,0.0,25.2629,1004.0,1
652,4,2016-09-29 06:00:00,-64.0,14.0,0.0,25.2629,1002.0,1
652,5,2016-09-29 12:00:00,-65.5,14.1,0.0,27.5595,995.0,1
652,6,2016-09-29 18:00:00,-66.9,14.2,0.0,29.8561,993.0,1
652,7,2016-09-30 00:00:00,-68.1,14.2,0.0,32.1527,987.0,1
652,8,2016-09-30 06:00:00,-69.3,14.0,0.0,39.0426,979.0,1
652,9,2016-09-30 12:00:00,-70.4,13.8,0.0,45.9325,968.0,1
652,10,2016-09-30 18:00:00,-71.2,13.5,0.0,55.119,955.0,1
652,11,2016-10-01 00:00:00,-71.9,13.4,0.0,66.6021,942.0,1
652,12,2016-10-01 06:00:00,-72.5,13.4,0.0,64.3055,942.0,1
652,13,2016-10-01 12:00:00,-73.1,13.4,0.0,62.0089,944.0,1
652,14,2016-10-01 18:00:00,-73.3,13.4,0.0,59.7122,942.0,1
652,15,2016-10-02 00:00:00,-73.5,13.5,0.0,59.7122,940.0,1
652,16,2016-10-02 06:00:00,-73.9,13.7,0.0,57.4156,941.0,1
652,17,2016-10-02 12:00:00,-74.3,14.0,0.0,59.7122,947.0,1
652,18,2016-10-02 18:00:00,-74.7,14.2,0.0,62.0089,945.0,1
652,19,2016-10-03 00:00:00,-75.0,14.5,0.0,59.7122,944.0,1
652,20,2016-10-03 06:00:00,-75.0,14.9,0.0,57.4156,942.0,1
652,21,2016-10-03 12:00:00,-75.0,15.4,0.0,57.4156,941.0,1
652,22,2016-10-03 18:00:00,-74.9,15.9,0.0,57.4156,938.0,1
652,23,2016-10-04 00:00:00,-74.6,16.6,0.0,59.7122,934.0,1
652,24,2016-10-04 06:00:00,-74.4,17.5,0.0,59.7122,934.0,1
652,25,2016-10-04 12:00:00,-74.3,18.4,0.0,57.4156,937.0,1
652,26,2016-10-04 18:00:00,-74.3,19.3,0.0,55.119,947.0,1
652,27,2016-10-05 00:00:00,-74.3,20.1,0.0,52.8224,949.0,1
652,28,2016-10-05 06:00:00,-74.4,20.7,0.0,50.5258,960.0,1
652,29,2016-10-05 12:00:00,-74.8,21.4,0.0,48.2291,962.0,1
652,30,2016-10-05 18:00:00,-75.4,22.2,0.0,48.2291,963.0,1
652,31,2016-10-06 00:00:00,-76.0,23.0,0.0,48.2291,960.0,1
652,32,2016-10-06 06:00:00,-76.7,23.8,0.0,50.5258,952.0,1
652,33,2016-10-06 12:00:00,-77.5,24.7,0.0,55.119,937.0,1
652,34,2016-10-06 18:00:00,-78.3,25.7,0.0,55.119,937.0,1
652,35,2016-10-07 00:00:00,-79.0,26.7,0.0,52.8224,937.0,1
652,36,2016-10-07 06:00:00,-79.7,27.7,0.0,50.5258,939.0,1
652,37,2016-10-07 12:00:00,-80.3,28.9,0.0,48.2291,944.0,1
652,38,2016-10-07 18:00:00,-80.7,29.7,0.0,45.9325,946.0,1
652,39,2016-10-08 00:00:00,-80.6,30.7,0.0,43.6359,949.0,1
652,40,2016-10-08 06:00:00,-80.6,31.6,0.0,39.0426,953.0,1
652,41,2016-10-08 12:00:00,-79.9,32.5,0.0,36.746,963.0,1
652,42,2016-10-08 18:00:00,-79.0,33.5,0.0,32.1527,973.0,1
652,43,2016-10-09 00:00:00,-77.3,33.9,0.0,32.1527,981.0,1
652,44,2016-10-09 06:00:00,-76.0,34.7,0.0,32.1527,983.0,1
652,45,2016-10-09 12:00:00,-74.5,35.0,0.0,29.8561,984.0,1
652,46,2016-10-09 18:00:00,-72.8,35.2,0.0,27.5595,987.0,1
652,47,2016-10-10 00:00:00,-71.1,35.3,0.0,25.2629,990.0,1
653,1,2016-10-04 12:00:00,-60.3,23.5,0.0,18.373,1005.0,1
653,2,2016-10-04 18:00:00,-60.7,23.8,0.0,20.6696,1002.0,1
653,3,2016-10-05 00:00:00,-61.2,24.1,0.0,20.6696,1001.0,1
653,4,2016-10-05 06:00:00,-61.7,24.4,0.0,20.6696,1001.0,1
653,5,2016-10-05 12:00:00,-62.5,24.7,0.0,20.6696,1001.0,1
653,6,2016-10-05 18:00:00,-63.3,25.1,0.0,22.9662,1000.0,1
653,7,2016-10-06 00:00:00,-63.9,25.7,0.0,22.9662,999.0,1
653,8,2016-10-06 06:00:00,-64.5,26.2,0.0,25.2629,995.0,1
653,9,2016-10-06 12:00:00,-64.8,26.7,0.0,27.5595,991.0,1
653,10,2016-10-06 18:00:00,-65.1,27.3,0.0,34.4494,980.0,1
653,11,2016-10-07 00:00:00,-65.2,27.5,0.0,41.3392,969.0,1
653,12,2016-10-07 06:00:00,-65.2,27.6,0.0,34.4494,970.0,1
653,13,2016-10-07 12:00:00,-65.2,27.6,0.0,27.5595,985.0,1
653,14,2016-10-07 18:00:00,-65.3,27.2,0.0,25.2629,992.0,1
653,15,2016-10-08 00:00:00,-65.4,26.6,0.0,22.9662,997.0,1
653,16,2016-10-08 06:00:00,-65.5,26.0,0.0,18.373,1002.0,1
653,17,2016-10-08 12:00:00,-65.6,25.5,0.0,18.373,1002.0,1
653,18,2016-10-08 18:00:00,-65.7,25.0,0.0,20.6696,1000.0,1
653,19,2016-10-09 00:00:00,-65.6,24.6,0.0,20.6696,999.0,1
653,20,2016-10-09 06:00:00,-65.5,24.1,0.0,25.2629,996.0,1
653,21,2016-10-09 12:00:00,-65.4,24.0,0.0,25.2629,993.0,1
653,22,2016-10-09 18:00:00,-65.3,24.1,0.0,25.2629,992.0,1
653,23,2016-10-10 00:00:00,-65.2,24.3,0.0,22.9662,992.0,1
653,24,2016-10-10 06:00:00,-65.2,24.8,0.0,22.9662,992.0,1
653,25,2016-10-10 12:00:00,-65.2,25.4,0.0,22.9662,992.0,1
653,26,2016-10-10 18:00:00,-65.3,26.0,0.0,22.9662,992.0,1
653,27,2016-10-11 00:00:00,-65.5,26.5,0.0,22.9662,992.0,1
653,28,2016-10-11 06:00:00,-65.6,26.8,0.0,22.9662,991.0,1
653,29,2016-10-11 12:00:00,-65.8,27.1,0.0,27.5595,987.0,1
653,30,2016-10-11 18:00:00,-66.2,27.2,0.0,32.1527,980.0,1
653,31,2016-10-12 00:00:00,-66.6,27.4,0.0,34.4494,976.0,1
653,32,2016-10-12 06:00:00,-66.8,27.6,0.0,39.0426,973.0,1
653,33,2016-10-12 12:00:00,-66.9,28.0,0.0,43.6359,969.0,1
653,34,2016-10-12 18:00:00,-66.8,28.7,0.0,48.2291,962.0,1
653,35,2016-10-13 00:00:00,-66.5,29.6,0.0,52.8224,954.0,1
653,36,2016-10-13 06:00:00,-66.2,30.6,0.0,55.119,950.0,1
653,37,2016-10-13 12:00:00,-65.3,31.6,0.0,50.5258,956.0,1
653,38,2016-10-13 18:00:00,-63.9,33.0,0.0,43.6359,962.0,1
653,39,2016-10-14 00:00:00,-62.1,34.0,0.0,39.0426,967.0,1
653,40,2016-10-14 06:00:00,-60.5,34.9,0.0,34.4494,972.0,1
653,41,2016-10-14 12:00:00,-58.9,35.6,0.0,32.1527,975.0,1
653,42,2016-10-14 18:00:00,-56.5,36.4,0.0,29.8561,977.0,1
653,43,2016-10-15 00:00:00,-54.2,37.2,0.0,29.8561,974.0,1
653,44,2016-10-15 06:00:00,-52.6,38.0,0.0,34.4494,965.0,1
653,45,2016-10-15 12:00:00,-51.1,38.7,0.0,34.4494,960.0,1
653,46,2016-10-15 18:00:00,-49.8,39.0,0.0,34.4494,961.0,1
653,47,2016-10-16 00:00:00,-48.7,39.3,0.0,34.4494,961.0,1
653,48,2016-10-16 06:00:00,-48.0,39.1,0.0,32.1527,962.0,1
653,49,2016-10-16 12:00:00,-47.2,38.9,0.0,32.1527,963.0,1
653,50,2016-10-16 18:00:00,-46.4,39.4,0.0,29.8561,964.0,1
653,51,2016-10-17 00:00:00,-45.8,40.1,0.0,29.8561,965.0,1
653,52,2016-10-17 06:00:00,-45.5,40.6,0.0,29.8561,965.0,1
653,53,2016-10-17 12:00:00,-45.1,40.9,0.0,29.8561,966.0,1
653,54,2016-10-17 18:00:00,-43.6,41.8,0.0,29.8561,966.0,1
653,55,2016-10-18 00:00:00,-41.9,43.5,0.0,27.5595,966.0,1
653,56,2016-10-18 06:00:00,-39.7,45.6,0.0,25.2629,966.0,1
653,57,2016-10-18 12:00:00,-38.5,49.0,0.0,25.2629,966.0,1
653,58,2016-10-18 18:00:00,-38.5,53.0,0.0,22.9662,967.0,1
653,59,2016-10-19 00:00:00,-38.0,55.1,0.0,22.9662,968.0,1
653,60,2016-10-19 06:00:00,-37.0,57.0,0.0,22.9662,969.0,1
653,61,2016-10-19 12:00:00,-36.5,59.0,0.0,22.9662,969.0,1
654,1,2016-11-21 12:00:00,-79.2,11.3,0.0,18.373,1001.0,1
654,2,2016-11-21 18:00:00,-79.1,11.1,0.0,20.6696,1000.0,1
654,3,2016-11-22 00:00:00,-79.1,10.8,0.0,22.9662,998.0,1
654,4,2016-11-22 06:00:00,-79.1,10.6,0.0,25.2629,992.0,1
654,5,2016-11-22 12:00:00,-79.2,10.4,0.0,27.5595,986.0,1
654,6,2016-11-22 18:00:00,-79.4,10.5,0.0,27.5595,986.0,1
654,7,2016-11-23 00:00:00,-79.6,10.6,0.0,27.5595,987.0,1
654,8,2016-11-23 06:00:00,-80.0,10.8,0.0,27.5595,991.0,1
654,9,2016-11-23 12:00:00,-80.4,11.0,0.0,27.5595,994.0,1
654,10,2016-11-23 18:00:00,-81.1,11.2,0.0,29.8561,990.0,1
654,11,2016-11-24 00:00:00,-81.8,11.2,0.0,36.746,980.0,1
654,12,2016-11-24 06:00:00,-82.4,11.1,0.0,41.3392,978.0,1
654,13,2016-11-24 12:00:00,-83.0,11.0,0.0,45.9325,975.0,1
654,14,2016-11-24 18:00:00,-83.9,11.0,0.0,43.6359,978.0,1
654,15,2016-11-25 00:00:00,-84.9,10.9,0.0,29.8561,992.0,1
654,16,2016-11-25 06:00:00,-86.2,10.6,0.0,27.5595,994.0,1
654,17,2016-11-25 12:00:00,-87.5,10.3,0.0,25.2629,995.0,1
654,18,2016-11-25 18:00:00,-88.8,10.0,0.0,22.9662,997.0,1
654,19,2016-11-26 00:00:00,-90.2,9.7,0.0,20.6696,1000.0,1
654,20,2016-11-26 06:00:00,-91.7,9.4,0.0,18.373,1003.0,1
655,1,2017-04-16 06:00:00,-50.3,35.8,0.0,25.2629,992.0,1
655,2,2017-04-16 12:00:00,-49.5,35.1,0.0,25.2629,989.0,1
655,3,2017-04-16 18:00:00,-48.7,34.4,0.0,25.2629,986.0,1
655,4,2017-04-17 00:00:00,-47.8,33.7,0.0,22.9662,987.0,1
655,5,2017-04-17 06:00:00,-47.0,33.2,0.0,20.6696,988.0,1
655,6,2017-04-17 12:00:00,-46.1,32.7,0.0,20.6696,989.0,1
655,7,2017-04-17 18:00:00,-45.3,32.3,0.0,18.373,991.0,1
655,8,2017-04-18 00:00:00,-44.7,32.1,0.0,18.373,993.0,1
655,9,2017-04-20 18:00:00,-40.7,37.3,0.0,18.373,992.0,1
655,10,2017-04-21 00:00:00,-43.0,39.0,0.0,20.6696,990.0,1
655,11,2017-04-21 06:00:00,-46.3,40.0,0.0,20.6696,990.0,1
655,12,2017-04-21 12:00:00,-49.3,39.9,0.0,20.6696,990.0,1
655,13,2017-04-21 18:00:00,-50.8,38.5,0.0,18.373,992.0,1
655,14,2017-04-22 00:00:00,-51.2,36.3,0.0,18.373,994.0,1
655,15,2017-04-22 06:00:00,-50.0,34.7,0.0,18.373,996.0,1
656,1,2017-06-19 18:00:00,-58.9,9.2,0.0,18.373,1007.0,1
656,2,2017-06-20 00:00:00,-60.5,9.7,0.0,18.373,1008.0,1
656,3,2017-06-20 06:00:00,-62.1,10.4,0.0,20.6696,1008.0,1
657,1,2017-06-20 12:00:00,-90.3,25.0,0.0,18.373,997.0,1
657,2,2017-06-20 18:00:00,-90.6,25.6,0.0,20.6696,996.0,1
657,3,2017-06-21 00:00:00,-90.9,26.2,0.0,22.9662,995.0,1
657,4,2017-06-21 06:00:00,-91.5,26.8,0.0,22.9662,994.0,1
657,5,2017-06-21 12:00:00,-92.3,27.3,0.0,22.9662,993.0,1
657,6,2017-06-21 18:00:00,-93.0,27.8,0.0,20.6696,993.0,1
657,7,2017-06-22 00:00:00,-93.4,28.5,0.0,20.6696,992.0,1
657,8,2017-06-22 06:00:00,-93.6,29.4,0.0,20.6696,991.0,1
657,9,2017-06-22 12:00:00,-93.8,30.5,0.0,18.373,993.0,1
658,1,2017-07-17 18:00:00,-52.2,11.0,0.0,18.373,1007.0,1
658,2,2017-07-18 00:00:00,-53.8,11.2,0.0,20.6696,1005.0,1
658,3,2017-07-18 06:00:00,-55.4,11.3,0.0,18.373,1008.0,1
659,1,2017-07-31 06:00:00,-83.9,27.7,0.0,18.373,1006.0,1
659,2,2017-07-31 12:00:00,-83.1,27.5,0.0,20.6696,1003.0,1
660,1,2017-08-07 06:00:00,-83.6,16.7,0.0,18.373,1004.0,1
660,2,2017-08-07 12:00:00,-84.4,17.4,0.0,20.6696,1002.0,1
660,3,2017-08-07 18:00:00,-85.3,18.1,0.0,22.9662,999.0,1
660,4,2017-08-08 00:00:00,-86.6,18.8,0.0,22.9662,995.0,1
660,5,2017-08-08 06:00:00,-87.9,19.2,0.0,22.9662,996.0,1
660,6,2017-08-08 12:00:00,-88.9,19.6,0.0,18.373,998.0,1
660,7,2017-08-09 00:00:00,-90.9,20.2,0.0,18.373,996.0,1
660,8,2017-08-09 06:00:00,-92.2,20.4,0.0,25.2629,994.0,1
660,9,2017-08-09 12:00:00,-93.3,20.2,0.0,27.5595,987.0,1
660,10,2017-08-09 18:00:00,-94.4,20.2,0.0,29.8561,984.0,1
660,11,2017-08-10 00:00:00,-95.5,20.3,0.0,34.4494,981.0,1
660,12,2017-08-10 06:00:00,-96.8,20.0,0.0,27.5595,991.0,1
661,1,2017-08-14 00:00:00,-71.9,28.5,0.0,18.373,1009.0,1
661,2,2017-08-14 06:00:00,-72.1,29.2,0.0,20.6696,1006.0,1
661,3,2017-08-14 12:00:00,-72.2,29.7,0.0,22.9662,1002.0,1
661,4,2017-08-14 18:00:00,-72.3,30.2,0.0,25.2629,996.0,1
661,5,2017-08-15 00:00:00,-72.3,30.8,0.0,27.5595,992.0,1
661,6,2017-08-15 06:00:00,-72.3,31.5,0.0,29.8561,986.0,1
661,7,2017-08-15 12:00:00,-72.1,32.3,0.0,32.1527,982.0,1
661,8,2017-08-15 18:00:00,-71.8,33.2,0.0,32.1527,980.0,1
661,9,2017-08-16 00:00:00,-71.0,34.2,0.0,34.4494,976.0,1
661,10,2017-08-16 06:00:00,-69.5,35.4,0.0,36.746,973.0,1
661,11,2017-08-16 12:00:00,-67.1,36.8,0.0,39.0426,969.0,1
661,12,2017-08-16 18:00:00,-64.1,38.2,0.0,43.6359,962.0,1
661,13,2017-08-17 00:00:00,-60.4,39.4,0.0,41.3392,964.0,1
661,14,2017-08-17 06:00:00,-56.2,40.7,0.0,36.746,968.0,1
661,15,2017-08-17 12:00:00,-52.0,42.2,0.0,27.5595,981.0,1
661,16,2017-08-17 18:00:00,-48.0,44.0,0.0,22.9662,988.0,1
661,17,2017-08-18 00:00:00,-44.3,45.9,0.0,18.373,991.0,1
662,1,2017-08-18 00:00:00,-56.6,13.0,0.0,18.373,1003.0,1
662,2,2017-08-18 06:00:00,-58.4,13.0,0.0,18.373,1004.0,1
662,3,2017-08-18 12:00:00,-60.3,13.1,0.0,18.373,1004.0,1
662,4,2017-08-24 00:00:00,-92.5,22.0,0.0,18.373,1003.0,1
662,5,2017-08-24 06:00:00,-92.6,22.8,0.0,22.9662,997.0,1
662,6,2017-08-24 12:00:00,-93.1,23.7,0.0,27.5595,986.0,1
662,7,2017-08-24 18:00:00,-93.6,24.4,0.0,32.1527,978.0,1
662,8,2017-08-25 00:00:00,-94.4,25.0,0.0,36.746,973.0,1
662,9,2017-08-25 06:00:00,-95.1,25.6,0.0,41.3392,966.0,1
662,10,2017-08-25 12:00:00,-95.8,26.3,0.0,43.6359,949.0,1
662,11,2017-08-25 18:00:00,-96.3,27.1,0.0,48.2291,943.0,1
662,12,2017-08-26 00:00:00,-96.8,27.8,0.0,52.8224,941.0,1
662,13,2017-08-26 06:00:00,-97.1,28.2,0.0,48.2291,948.0,1
662,14,2017-08-26 12:00:00,-97.3,28.7,0.0,29.8561,978.0,1
662,15,2017-08-26 18:00:00,-97.5,29.0,0.0,22.9662,991.0,1
662,16,2017-08-27 00:00:00,-97.4,29.2,0.0,20.6696,995.0,1
662,17,2017-08-27 06:00:00,-97.6,29.3,0.0,18.373,998.0,1
662,18,2017-08-28 06:00:00,-96.5,28.6,0.0,18.373,997.0,1
662,19,2017-08-28 12:00:00,-96.2,28.5,0.0,18.373,997.0,1
662,20,2017-08-28 18:00:00,-95.9,28.4,0.0,18.373,997.0,1
662,21,2017-08-29 00:00:00,-95.4,28.2,0.0,18.373,996.0,1
662,22,2017-08-29 06:00:00,-95.0,28.1,0.0,18.373,996.0,1
662,23,2017-08-29 12:00:00,-94.6,28.2,0.0,18.373,995.0,1
662,24,2017-08-29 18:00:00,-94.2,28.5,0.0,20.6696,993.0,1
662,25,2017-08-30 00:00:00,-93.8,28.9,0.0,20.6696,994.0,1
662,26,2017-08-30 06:00:00,-93.6,29.4,0.0,18.373,990.0,1
662,27,2017-08-30 12:00:00,-93.4,30.1,0.0,18.373,992.0,1
663,1,2017-08-29 18:00:00,-75.5,35.4,0.0,18.373,1004.0,1
664,1,2017-08-30 12:00:00,-29.7,16.3,0.0,20.6696,1006.0,1
664,2,2017-08-30 18:00:00,-30.8,16.3,0.0,22.9662,1004.0,1
664,3,2017-08-31 00:00:00,-31.7,16.3,0.0,25.2629,999.0,1
664,4,2017-08-31 06:00:00,-32.5,16.4,0.0,29.8561,994.0,1
664,5,2017-08-31 12:00:00,-33.4,16.7,0.0,36.746,983.0,1
664,6,2017-08-31 18:00:00,-34.2,17.1,0.0,43.6359,970.0,1
664,7,2017-09-01 00:00:00,-35.1,17.5,0.0,45.9325,967.0,1
664,8,2017-09-01 06:00:00,-36.1,17.9,0.0,45.9325,967.0,1
664,9,2017-09-01 12:00:00,-37.3,18.4,0.0,45.9325,967.0,1
664,10,2017-09-01 18:00:00,-38.5,18.8,0.0,45.9325,967.0,1
664,11,2017-09-02 00:00:00,-39.7,19.1,0.0,45.9325,967.0,1
664,12,2017-09-02 06:00:00,-41.1,19.1,0.0,45.9325,967.0,1
664,13,2017-09-02 12:00:00,-42.6,18.9,0.0,43.6359,973.0,1
664,14,2017-09-02 18:00:00,-44.1,18.7,0.0,43.6359,973.0,1
664,15,2017-09-03 00:00:00,-45.5,18.5,0.0,43.6359,973.0,1
664,16,2017-09-03 06:00:00,-46.7,18.2,0.0,43.6359,973.0,1
664,17,2017-09-03 12:00:00,-47.9,17.9,0.0,45.9325,969.0,1
664,18,2017-09-03 18:00:00,-49.2,17.6,0.0,45.9325,965.0,1
664,19,2017-09-04 00:00:00,-50.4,17.3,0.0,45.9325,959.0,1
664,20,2017-09-04 06:00:00,-51.5,17.0,0.0,48.2291,952.0,1
664,21,2017-09-04 12:00:00,-52.6,16.8,0.0,50.5258,945.0,1
664,22,2017-09-04 18:00:00,-53.9,16.7,0.0,52.8224,944.0,1
664,23,2017-09-05 00:00:00,-55.1,16.6,0.0,57.4156,943.0,1
664,24,2017-09-05 06:00:00,-56.4,16.6,0.0,62.0089,933.0,1
664,25,2017-09-05 12:00:00,-57.8,16.7,0.0,68.8987,929.0,1
664,26,2017-09-05 18:00:00,-59.2,16.9,0.0,71.1954,926.0,1
664,27,2017-09-06 00:00:00,-60.6,17.3,0.0,71.1954,915.0,1
664,28,2017-09-06 06:00:00,-61.9,17.7,0.0,71.1954,914.0,1
664,29,2017-09-06 12:00:00,-63.3,18.1,0.0,71.1954,915.0,1
664,30,2017-09-06 18:00:00,-64.7,18.6,0.0,68.8987,916.0,1
664,31,2017-09-07 00:00:00,-66.2,19.2,0.0,68.8987,916.0,1
664,32,2017-09-07 06:00:00,-67.6,19.7,0.0,66.6021,920.0,1
664,33,2017-09-07 12:00:00,-69.0,20.2,0.0,66.6021,921.0,1
664,34,2017-09-07 18:00:00,-70.4,20.7,0.0,66.6021,922.0,1
664,35,2017-09-08 00:00:00,-71.8,21.1,0.0,64.3055,919.0,1
664,36,2017-09-08 06:00:00,-73.2,21.5,0.0,62.0089,925.0,1
664,37,2017-09-08 12:00:00,-74.7,21.8,0.0,62.0089,927.0,1
664,38,2017-09-08 18:00:00,-76.0,22.0,0.0,64.3055,925.0,1
664,39,2017-09-09 00:00:00,-77.2,22.1,0.0,66.6021,924.0,1
664,40,2017-09-09 06:00:00,-78.3,22.4,0.0,59.7122,930.0,1
664,41,2017-09-09 12:00:00,-79.3,22.7,0.0,50.5258,941.0,1
664,42,2017-09-09 18:00:00,-80.2,23.1,0.0,43.6359,938.0,1
664,43,2017-09-10 00:00:00,-80.9,23.4,0.0,45.9325,932.0,1
664,44,2017-09-10 06:00:00,-81.3,23.7,0.0,52.8224,930.0,1
664,45,2017-09-10 12:00:00,-81.5,24.5,0.0,52.8224,931.0,1
664,46,2017-09-10 18:00:00,-81.7,25.6,0.0,45.9325,936.0,1
664,47,2017-09-11 00:00:00,-81.7,26.8,0.0,36.746,942.0,1
664,48,2017-09-11 06:00:00,-82.2,28.2,0.0,29.8561,961.0,1
664,49,2017-09-11 12:00:00,-82.7,29.6,0.0,22.9662,970.0,1
664,50,2017-09-11 18:00:00,-83.5,30.9,0.0,20.6696,980.0,1
665,1,2017-09-05 18:00:00,-40.0,12.2,0.0,18.373,1006.0,1
665,2,2017-09-06 00:00:00,-41.3,12.2,0.0,20.6696,1004.0,1
665,3,2017-09-06 06:00:00,-42.6,12.5,0.0,22.9662,1001.0,1
665,4,2017-09-06 12:00:00,-43.9,13.1,0.0,25.2629,998.0,1
665,5,2017-09-06 18:00:00,-45.2,13.7,0.0,29.8561,995.0,1
665,6,2017-09-07 00:00:00,-46.7,14.1,0.0,32.1527,993.0,1
665,7,2017-09-07 06:00:00,-48.3,14.4,0.0,36.746,986.0,1
665,8,2017-09-07 12:00:00,-49.9,14.7,0.0,41.3392,977.0,1
665,9,2017-09-07 18:00:00,-51.5,15.1,0.0,45.9325,969.0,1
665,10,2017-09-08 00:00:00,-53.2,15.5,0.0,48.2291,964.0,1
665,11,2017-09-08 06:00:00,-54.9,15.9,0.0,52.8224,955.0,1
665,12,2017-09-08 12:00:00,-56.4,16.1,0.0,59.7122,940.0,1
665,13,2017-09-08 18:00:00,-57.8,16.4,0.0,62.0089,939.0,1
665,14,2017-09-09 00:00:00,-58.9,16.7,0.0,62.0089,938.0,1
665,15,2017-09-09 06:00:00,-59.9,17.2,0.0,59.7122,940.0,1
665,16,2017-09-09 12:00:00,-60.8,17.9,0.0,57.4156,941.0,1
665,17,2017-09-09 18:00:00,-61.8,18.6,0.0,55.119,942.0,1
665,18,2017-09-10 00:00:00,-62.9,19.4,0.0,52.8224,943.0,1
665,19,2017-09-10 06:00:00,-64.0,20.3,0.0,52.8224,945.0,1
665,20,2017-09-10 12:00:00,-65.3,21.2,0.0,52.8224,948.0,1
665,21,2017-09-10 18:00:00,-66.5,22.2,0.0,48.2291,956.0,1
665,22,2017-09-11 00:00:00,-67.6,23.3,0.0,45.9325,962.0,1
665,23,2017-09-11 06:00:00,-68.6,24.3,0.0,41.3392,968.0,1
665,24,2017-09-11 12:00:00,-69.4,25.4,0.0,39.0426,972.0,1
665,25,2017-09-11 18:00:00,-69.5,26.5,0.0,36.746,974.0,1
665,26,2017-09-12 00:00:00,-69.4,27.2,0.0,34.4494,977.0,1
665,27,2017-09-12 06:00:00,-69.1,27.6,0.0,32.1527,979.0,1
665,28,2017-09-12 12:00:00,-68.3,27.7,0.0,32.1527,979.0,1
665,29,2017-09-12 18:00:00,-67.4,27.4,0.0,32.1527,980.0,1
665,30,2017-09-13 00:00:00,-66.7,26.8,0.0,32.1527,981.0,1
665,31,2017-09-13 06:00:00,-66.2,26.3,0.0,32.1527,981.0,1
665,32,2017-09-13 12:00:00,-65.8,25.8,0.0,32.1527,981.0,1
665,33,2017-09-13 18:00:00,-65.6,25.4,0.0,32.1527,981.0,1
665,34,2017-09-14 00:00:00,-65.7,25.1,0.0,32.1527,981.0,1
665,35,2017-09-14 06:00:00,-65.9,24.9,0.0,32.1527,981.0,1
665,36,2017-09-14 12:00:00,-66.3,24.8,0.0,29.8561,983.0,1
665,37,2017-09-14 18:00:00,-66.9,25.0,0.0,29.8561,985.0,1
665,38,2017-09-15 00:00:00,-67.6,25.4,0.0,27.5595,988.0,1
665,39,2017-09-15 06:00:00,-68.2,25.8,0.0,27.5595,988.0,1
665,40,2017-09-15 12:00:00,-69.0,26.3,0.0,27.5595,986.0,1
665,41,2017-09-15 18:00:00,-69.9,26.8,0.0,29.8561,983.0,1
665,42,2017-09-16 00:00:00,-70.7,27.2,0.0,29.8561,983.0,1
665,43,2017-09-16 06:00:00,-71.4,27.7,0.0,29.8561,983.0,1
665,44,2017-09-16 12:00:00,-71.8,28.2,0.0,29.8561,980.0,1
665,45,2017-09-16 18:00:00,-72.0,28.6,0.0,29.8561,973.0,1
665,46,2017-09-17 00:00:00,-72.0,29.1,0.0,32.1527,971.0,1
665,47,2017-09-17 06:00:00,-72.0,29.8,0.0,34.4494,969.0,1
665,48,2017-09-17 12:00:00,-71.9,30.5,0.0,36.746,967.0,1
665,49,2017-09-17 18:00:00,-71.8,31.2,0.0,36.746,967.0,1
665,50,2017-09-18 00:00:00,-71.6,31.9,0.0,36.746,972.0,1
665,51,2017-09-18 06:00:00,-71.4,32.7,0.0,34.4494,974.0,1
665,52,2017-09-18 12:00:00,-71.2,33.5,0.0,32.1527,976.0,1
665,53,2017-09-18 18:00:00,-71.2,34.2,0.0,29.8561,975.0,1
665,54,2017-09-19 00:00:00,-71.4,34.9,0.0,29.8561,972.0,1
665,55,2017-09-19 06:00:00,-71.6,35.6,0.0,29.8561,971.0,1
665,56,2017-09-19 12:00:00,-71.7,36.3,0.0,27.5595,973.0,1
665,57,2017-09-19 18:00:00,-71.5,37.0,0.0,27.5595,973.0,1
665,58,2017-09-20 00:00:00,-71.2,37.6,0.0,27.5595,973.0,1
665,59,2017-09-20 06:00:00,-70.8,38.1,0.0,27.5595,975.0,1
665,60,2017-09-20 12:00:00,-70.2,38.7,0.0,27.5595,976.0,1
665,61,2017-09-20 18:00:00,-69.4,39.2,0.0,27.5595,976.0,1
665,62,2017-09-21 00:00:00,-68.5,39.4,0.0,25.2629,979.0,1
665,63,2017-09-21 06:00:00,-68.1,39.7,0.0,25.2629,982.0,1
665,64,2017-09-21 12:00:00,-68.0,39.7,0.0,25.2629,984.0,1
665,65,2017-09-21 18:00:00,-68.0,39.5,0.0,22.9662,984.0,1
665,66,2017-09-22 00:00:00,-68.2,39.5,0.0,20.6696,986.0,1
665,67,2017-09-22 06:00:00,-68.6,39.6,0.0,20.6696,989.0,1
665,68,2017-09-22 12:00:00,-69.0,39.7,0.0,18.373,992.0,1
665,69,2017-09-22 18:00:00,-69.1,39.7,0.0,18.373,996.0,1
666,1,2017-09-06 12:00:00,-95.8,22.0,0.0,20.6696,1004.0,1
666,2,2017-09-06 18:00:00,-95.2,21.8,0.0,29.8561,992.0,1
666,3,2017-09-07 00:00:00,-94.9,21.7,0.0,32.1527,989.0,1
666,4,2017-09-07 06:00:00,-94.6,21.6,0.0,32.1527,985.0,1
666,5,2017-09-07 12:00:00,-94.6,21.6,0.0,32.1527,982.0,1
666,6,2017-09-07 18:00:00,-94.6,21.6,0.0,32.1527,982.0,1
666,7,2017-09-08 00:00:00,-95.0,21.5,0.0,34.4494,982.0,1
666,8,2017-09-08 06:00:00,-95.3,21.4,0.0,36.746,977.0,1
666,9,2017-09-08 12:00:00,-95.7,21.1,0.0,39.0426,973.0,1
666,10,2017-09-08 18:00:00,-96.2,21.1,0.0,41.3392,972.0,1
666,11,2017-09-09 00:00:00,-96.9,20.8,0.0,32.1527,988.0,1
667,1,2017-09-20 00:00:00,-45.0,17.6,0.0,18.373,1006.0,1
667,2,2017-09-23 12:00:00,-49.4,31.8,0.0,18.373,1006.0,1
667,3,2017-09-23 18:00:00,-49.8,32.0,0.0,20.6696,1003.0,1
667,4,2017-09-24 00:00:00,-50.1,31.9,0.0,22.9662,1000.0,1
667,5,2017-09-24 06:00:00,-50.2,31.7,0.0,29.8561,990.0,1
667,6,2017-09-24 12:00:00,-50.1,31.5,0.0,34.4494,983.0,1
667,7,2017-09-24 18:00:00,-49.8,31.3,0.0,36.746,980.0,1
667,8,2017-09-25 00:00:00,-49.6,31.2,0.0,39.0426,976.0,1
667,9,2017-09-25 06:00:00,-49.5,31.0,0.0,36.746,978.0,1
667,10,2017-09-25 12:00:00,-49.7,30.8,0.0,36.746,980.0,1
667,11,2017-09-25 18:00:00,-50.2,30.6,0.0,34.4494,984.0,1
667,12,2017-09-26 00:00:00,-51.0,30.3,0.0,36.746,982.0,1
667,13,2017-09-26 06:00:00,-52.0,30.1,0.0,39.0426,979.0,1
667,14,2017-09-26 12:00:00,-53.2,29.9,0.0,41.3392,976.0,1
667,15,2017-09-26 18:00:00,-54.2,29.9,0.0,43.6359,972.0,1
667,16,2017-09-27 00:00:00,-55.1,29.9,0.0,43.6359,970.0,1
667,17,2017-09-27 06:00:00,-56.0,30.1,0.0,43.6359,967.0,1
667,18,2017-09-27 12:00:00,-56.6,30.3,0.0,45.9325,963.0,1
667,19,2017-09-27 18:00:00,-57.0,30.8,0.0,45.9325,962.0,1
667,20,2017-09-28 00:00:00,-57.2,31.4,0.0,43.6359,965.0,1
667,21,2017-09-28 06:00:00,-57.3,32.1,0.0,41.3392,969.0,1
667,22,2017-09-28 12:00:00,-57.2,33.0,0.0,39.0426,973.0,1
667,23,2017-09-28 18:00:00,-56.6,34.3,0.0,36.746,977.0,1
667,24,2017-09-29 00:00:00,-55.5,35.7,0.0,34.4494,981.0,1
667,25,2017-09-29 06:00:00,-53.8,37.3,0.0,32.1527,983.0,1
667,26,2017-09-29 12:00:00,-51.2,39.0,0.0,29.8561,985.0,1
667,27,2017-09-29 18:00:00,-48.2,41.0,0.0,25.2629,987.0,1
667,28,2017-09-30 00:00:00,-44.5,43.2,0.0,22.9662,990.0,1
667,29,2017-09-30 06:00:00,-38.9,45.8,0.0,20.6696,993.0,1
668,1,2017-09-16 18:00:00,-51.7,12.2,0.0,18.373,1004.0,1
668,2,2017-09-17 00:00:00,-53.1,12.4,0.0,20.6696,1002.0,1
668,3,2017-09-17 06:00:00,-54.4,12.8,0.0,25.2629,994.0,1
668,4,2017-09-17 12:00:00,-55.7,13.3,0.0,27.5595,990.0,1
668,5,2017-09-17 18:00:00,-57.0,13.6,0.0,29.8561,986.0,1
668,6,2017-09-18 00:00:00,-58.0,14.0,0.0,34.4494,979.0,1
668,7,2017-09-18 06:00:00,-59.0,14.3,0.0,36.746,977.0,1
668,8,2017-09-18 12:00:00,-59.7,14.5,0.0,45.9325,967.0,1
668,9,2017-09-18 18:00:00,-60.4,14.9,0.0,50.5258,956.0,1
668,10,2017-09-19 00:00:00,-61.1,15.3,0.0,66.6021,924.0,1
668,11,2017-09-19 06:00:00,-61.9,15.7,0.0,62.0089,940.0,1
668,12,2017-09-19 12:00:00,-62.7,16.1,0.0,64.3055,931.0,1
668,13,2017-09-19 18:00:00,-63.5,16.6,0.0,66.6021,920.0,1
668,14,2017-09-20 00:00:00,-64.3,17.0,0.0,68.8987,909.0,1
668,15,2017-09-20 06:00:00,-65.1,17.6,0.0,64.3055,913.0,1
668,16,2017-09-20 12:00:00,-66.2,18.2,0.0,52.8224,935.0,1
668,17,2017-09-20 18:00:00,-67.0,18.6,0.0,43.6359,959.0,1
668,18,2017-09-21 00:00:00,-67.6,19.0,0.0,43.6359,958.0,1
668,19,2017-09-21 06:00:00,-68.2,19.4,0.0,45.9325,959.0,1
668,20,2017-09-21 12:00:00,-68.8,19.9,0.0,45.9325,959.0,1
668,21,2017-09-21 18:00:00,-69.5,20.5,0.0,48.2291,960.0,1
668,22,2017-09-22 00:00:00,-70.0,20.8,0.0,50.5258,953.0,1
668,23,2017-09-22 06:00:00,-70.5,21.2,0.0,50.5258,959.0,1
668,24,2017-09-22 12:00:00,-70.9,21.9,0.0,50.5258,958.0,1
668,25,2017-09-22 18:00:00,-71.2,22.8,0.0,50.5258,959.0,1
668,26,2017-09-23 00:00:00,-71.6,23.7,0.0,48.2291,953.0,1
668,27,2017-09-23 06:00:00,-71.9,24.4,0.0,45.9325,952.0,1
668,28,2017-09-23 12:00:00,-72.1,25.1,0.0,45.9325,952.0,1
668,29,2017-09-23 18:00:00,-72.3,25.9,0.0,45.9325,952.0,1
668,30,2017-09-24 00:00:00,-72.4,26.6,0.0,45.9325,945.0,1
668,31,2017-09-24 06:00:00,-72.6,27.5,0.0,43.6359,942.0,1
668,32,2017-09-24 12:00:00,-72.8,28.4,0.0,43.6359,947.0,1
668,33,2017-09-24 18:00:00,-72.9,29.1,0.0,41.3392,943.0,1
668,34,2017-09-25 00:00:00,-72.9,29.7,0.0,39.0426,947.0,1
668,35,2017-09-25 06:00:00,-72.9,30.3,0.0,34.4494,954.0,1
668,36,2017-09-25 12:00:00,-73.0,30.8,0.0,32.1527,961.0,1
668,37,2017-09-25 18:00:00,-73.1,31.4,0.0,32.1527,966.0,1
668,38,2017-09-26 00:00:00,-73.1,32.0,0.0,32.1527,966.0,1
668,39,2017-09-26 06:00:00,-73.1,32.6,0.0,29.8561,970.0,1
668,40,2017-09-26 12:00:00,-73.1,33.3,0.0,29.8561,970.0,1
668,41,2017-09-26 18:00:00,-73.1,33.9,0.0,29.8561,975.0,1
668,42,2017-09-27 00:00:00,-73.0,34.4,0.0,29.8561,975.0,1
668,43,2017-09-27 06:00:00,-72.9,34.9,0.0,29.8561,976.0,1
668,44,2017-09-27 12:00:00,-72.8,35.4,0.0,29.8561,977.0,1
668,45,2017-09-27 18:00:00,-72.6,36.0,0.0,29.8561,979.0,1
668,46,2017-09-28 00:00:00,-72.2,36.6,0.0,29.8561,979.0,1
668,47,2017-09-28 06:00:00,-71.3,36.7,0.0,27.5595,982.0,1
668,48,2017-09-28 12:00:00,-70.0,36.8,0.0,27.5595,982.0,1
668,49,2017-09-28 18:00:00,-68.6,36.8,0.0,25.2629,985.0,1
668,50,2017-09-29 00:00:00,-66.8,36.9,0.0,25.2629,985.0,1
668,51,2017-09-29 06:00:00,-64.6,37.0,0.0,22.9662,987.0,1
668,52,2017-09-29 12:00:00,-62.0,37.0,0.0,22.9662,988.0,1
668,53,2017-09-29 18:00:00,-59.0,37.4,0.0,22.9662,988.0,1
668,54,2017-09-30 00:00:00,-55.6,38.1,0.0,22.9662,988.0,1
668,55,2017-09-30 06:00:00,-52.2,39.1,0.0,22.9662,988.0,1
668,56,2017-09-30 12:00:00,-48.8,40.0,0.0,22.9662,988.0,1
668,57,2017-09-30 18:00:00,-45.6,41.2,0.0,20.6696,991.0,1
668,58,2017-10-01 00:00:00,-42.6,42.2,0.0,20.6696,994.0,1
668,59,2017-10-01 06:00:00,-39.4,43.4,0.0,20.6696,996.0,1
668,60,2017-10-01 12:00:00,-35.5,44.9,0.0,20.6696,999.0,1
668,61,2017-10-01 18:00:00,-31.0,46.5,0.0,20.6696,1003.0,1
668,62,2017-10-02 00:00:00,-26.5,47.5,0.0,18.373,1005.0,1
668,63,2017-10-02 06:00:00,-22.0,48.0,0.0,18.373,1012.0,1
669,1,2017-10-06 06:00:00,-84.7,16.3,0.0,18.373,999.0,1
669,2,2017-10-06 12:00:00,-84.7,17.9,0.0,18.373,996.0,1
669,3,2017-10-06 18:00:00,-85.2,19.5,0.0,20.6696,995.0,1
669,4,2017-10-07 00:00:00,-85.9,21.3,0.0,25.2629,990.0,1
669,5,2017-10-07 06:00:00,-86.5,23.5,0.0,32.1527,987.0,1
669,6,2017-10-07 12:00:00,-87.9,25.7,0.0,36.746,986.0,1
669,7,2017-10-07 18:00:00,-88.9,27.6,0.0,36.746,981.0,1
669,8,2017-10-08 00:00:00,-89.2,29.1,0.0,34.4494,983.0,1
669,9,2017-10-08 06:00:00,-88.9,30.5,0.0,27.5595,984.0,1
670,1,2017-10-09 18:00:00,-39.6,31.7,0.0,18.373,1005.0,1
670,2,2017-10-10 00:00:00,-39.1,32.0,0.0,18.373,1005.0,1
670,3,2017-10-10 06:00:00,-38.8,31.9,0.0,20.6696,1003.0,1
670,4,2017-10-10 12:00:00,-38.5,31.6,0.0,20.6696,1002.0,1
670,5,2017-10-10 18:00:00,-38.2,31.3,0.0,20.6696,1002.0,1
670,6,2017-10-11 00:00:00,-37.8,30.9,0.0,22.9662,1000.0,1
670,7,2017-10-11 06:00:00,-37.2,30.4,0.0,25.2629,998.0,1
670,8,2017-10-11 12:00:00,-36.7,30.0,0.0,27.5595,994.0,1
670,9,2017-10-11 18:00:00,-36.2,29.8,0.0,29.8561,991.0,1
670,10,2017-10-12 00:00:00,-35.8,29.9,0.0,32.1527,986.0,1
670,11,2017-10-12 06:00:00,-35.7,30.2,0.0,34.4494,982.0,1
670,12,2017-10-12 12:00:00,-35.7,30.4,0.0,36.746,975.0,1
670,13,2017-10-12 18:00:00,-35.6,30.5,0.0,39.0426,971.0,1
670,14,2017-10-13 00:00:00,-35.1,30.5,0.0,41.3392,967.0,1
670,15,2017-10-13 06:00:00,-34.4,30.9,0.0,41.3392,966.0,1
670,16,2017-10-13 12:00:00,-33.4,31.4,0.0,36.746,974.0,1
670,17,2017-10-13 18:00:00,-32.5,32.0,0.0,36.746,973.0,1
670,18,2017-10-14 00:00:00,-31.5,32.6,0.0,39.0426,970.0,1
670,19,2017-10-14 06:00:00,-29.7,33.4,0.0,43.6359,963.0,1
670,20,2017-10-14 12:00:00,-27.7,34.2,0.0,45.9325,959.0,1
670,21,2017-10-14 18:00:00,-25.2,35.3,0.0,45.9325,959.0,1
670,22,2017-10-15 00:00:00,-22.6,36.4,0.0,43.6359,959.0,1
670,23,2017-10-15 06:00:00,-19.8,37.9,0.0,41.3392,959.0,1
670,24,2017-10-15 12:00:00,-17.0,39.9,0.0,39.0426,959.0,1
670,25,2017-10-15 18:00:00,-14.3,43.1,0.0,36.746,959.0,1
670,26,2017-10-16 00:00:00,-13.4,47.6,0.0,34.4494,958.0,1
670,27,2017-10-16 06:00:00,-12.1,50.0,0.0,32.1527,957.0,1
670,28,2017-10-16 12:00:00,-10.0,52.3,0.0,29.8561,959.0,1
670,29,2017-10-16 18:00:00,-8.3,55.3,0.0,27.5595,969.0,1
670,30,2017-10-17 00:00:00,-6.1,57.3,0.0,22.9662,977.0,1
670,31,2017-10-17 06:00:00,-2.9,58.7,0.0,20.6696,987.0,1
670,32,2017-10-17 12:00:00,1.5,59.3,0.0,18.373,994.0,1
670,33,2017-10-17 18:00:00,5.3,60.1,0.0,18.373,997.0,1
671,1,2017-11-07 06:00:00,-49.9,30.8,0.0,18.373,1006.0,1
671,2,2017-11-07 12:00:00,-49.5,31.8,0.0,18.373,1004.0,1
671,3,2017-11-07 18:00:00,-49.1,33.0,0.0,18.373,1002.0,1
671,4,2017-11-08 00:00:00,-48.7,34.6,0.0,20.6696,999.0,1
671,5,2017-11-08 06:00:00,-48.7,36.4,0.0,22.9662,996.0,1
671,6,2017-11-08 12:00:00,-48.8,38.3,0.0,20.6696,994.0,1
671,7,2017-11-08 18:00:00,-49.0,40.1,0.0,20.6696,992.0,1
671,8,2017-11-09 00:00:00,-48.8,41.8,0.0,20.6696,991.0,1
671,9,2017-11-09 06:00:00,-48.0,43.6,0.0,18.373,993.0,1
671,10,2017-11-09 12:00:00,-47.0,45.5,0.0,18.373,995.0,1
672,1,2018-05-27 12:00:00,-84.4,26.6,0.0,18.373,995.0,1
672,2,2018-05-27 18:00:00,-85.0,27.6,0.0,20.6696,992.0,1
672,3,2018-05-28 00:00:00,-85.8,28.2,0.0,25.2629,991.0,1
672,4,2018-05-28 06:00:00,-86.0,28.6,0.0,25.2629,990.0,1
672,5,2018-05-28 12:00:00,-85.9,29.1,0.0,22.9662,991.0,1
672,6,2018-05-28 18:00:00,-85.9,29.8,0.0,20.6696,991.0,1
673,1,2018-07-05 12:00:00,-40.9,10.2,0.0,18.373,1005.0,1
673,2,2018-07-05 18:00:00,-42.3,10.3,0.0,20.6696,1003.0,1
673,3,2018-07-06 00:00:00,-43.4,10.3,0.0,25.2629,999.0,1
673,4,2018-07-06 06:00:00,-44.6,10.5,0.0,32.1527,991.0,1
673,5,2018-07-06 12:00:00,-46.0,10.7,0.0,32.1527,992.0,1
673,6,2018-07-06 18:00:00,-47.3,10.6,0.0,29.8561,993.0,1
673,7,2018-07-07 00:00:00,-48.3,10.7,0.0,29.8561,994.0,1
673,8,2018-07-07 06:00:00,-49.3,11.1,0.0,29.8561,995.0,1
673,9,2018-07-07 12:00:00,-50.4,11.7,0.0,25.2629,999.0,1
673,10,2018-07-07 18:00:00,-52.0,12.4,0.0,20.6696,1003.0,1
673,11,2018-07-08 00:00:00,-53.6,12.9,0.0,20.6696,1005.0,1
673,12,2018-07-08 06:00:00,-55.2,13.4,0.0,20.6696,1006.0,1
673,13,2018-07-08 12:00:00,-56.9,14.1,0.0,20.6696,1006.0,1
673,14,2018-07-08 18:00:00,-59.2,14.8,0.0,18.373,1008.0,1
674,1,2018-07-08 18:00:00,-74.8,32.8,0.0,18.373,1007.0,1
674,2,2018-07-09 00:00:00,-74.6,32.6,0.0,20.6696,1005.0,1
674,3,2018-07-09 06:00:00,-74.5,32.4,0.0,20.6696,1001.0,1
674,4,2018-07-09 12:00:00,-74.6,32.2,0.0,22.9662,999.0,1
674,5,2018-07-09 18:00:00,-74.4,32.1,0.0,25.2629,996.0,1
674,6,2018-07-10 00:00:00,-74.3,32.2,0.0,27.5595,994.0,1
674,7,2018-07-10 06:00:00,-74.1,32.4,0.0,27.5595,992.0,1
674,8,2018-07-10 12:00:00,-73.5,32.9,0.0,29.8561,990.0,1
674,9,2018-07-10 18:00:00,-72.8,33.4,0.0,34.4494,983.0,1
674,10,2018-07-11 00:00:00,-71.9,33.9,0.0,41.3392,969.0,1
674,11,2018-07-11 06:00:00,-70.7,34.6,0.0,41.3392,969.0,1
674,12,2018-07-11 12:00:00,-69.1,35.6,0.0,39.0426,973.0,1
674,13,2018-07-11 18:00:00,-66.8,37.0,0.0,36.746,976.0,1
674,14,2018-07-12 00:00:00,-64.3,38.5,0.0,34.4494,980.0,1
674,15,2018-07-12 06:00:00,-61.7,40.9,0.0,29.8561,985.0,1
674,16,2018-07-12 12:00:00,-59.2,43.3,0.0,27.5595,987.0,1
674,17,2018-07-12 18:00:00,-56.4,45.7,0.0,25.2629,989.0,1
674,18,2018-07-13 00:00:00,-53.4,48.0,0.0,20.6696,998.0,1
674,19,2018-07-13 06:00:00,-50.0,50.0,0.0,20.6696,999.0,1
674,20,2018-07-13 12:00:00,-45.0,51.0,0.0,18.373,1000.0,1
674,21,2018-07-13 18:00:00,-39.0,52.0,0.0,18.373,1000.0,1
674,22,2018-07-14 00:00:00,-33.5,53.5,0.0,18.373,997.0,1
674,23,2018-07-14 06:00:00,-28.0,56.0,0.0,20.6696,993.0,1
674,24,2018-07-14 12:00:00,-25.0,58.0,0.0,20.6696,988.0,1
674,25,2018-07-14 18:00:00,-22.5,59.5,0.0,20.6696,986.0,1
674,26,2018-07-15 00:00:00,-21.0,60.5,0.0,20.6696,983.0,1
674,27,2018-07-15 06:00:00,-20.6,60.6,0.0,18.373,985.0,1
675,1,2018-08-08 06:00:00,-49.0,40.4,0.0,18.373,1003.0,1
675,2,2018-08-08 12:00:00,-48.6,41.0,0.0,18.373,1003.0,1
675,3,2018-08-08 18:00:00,-48.1,41.6,0.0,18.373,1000.0,1
675,4,2018-08-09 00:00:00,-47.2,42.4,0.0,20.6696,998.0,1
675,5,2018-08-09 06:00:00,-46.0,43.2,0.0,18.373,1000.0,1
675,6,2018-08-09 12:00:00,-44.4,44.0,0.0,18.373,1002.0,1
676,1,2018-08-16 12:00:00,-43.8,41.5,0.0,18.373,1007.0,1
676,2,2018-08-16 18:00:00,-42.1,42.4,0.0,18.373,1007.0,1
676,3,2018-08-17 00:00:00,-40.2,43.5,0.0,18.373,1007.0,1
676,4,2018-08-17 06:00:00,-37.9,44.9,0.0,18.373,1006.0,1
676,5,2018-08-17 12:00:00,-35.1,46.6,0.0,18.373,1005.0,1
676,6,2018-08-17 18:00:00,-31.8,48.3,0.0,18.373,1003.0,1
676,7,2018-08-18 00:00:00,-27.7,49.8,0.0,18.373,999.0,1
677,1,2018-09-01 18:00:00,-28.3,15.4,0.0,18.373,1002.0,1
677,2,2018-09-02 00:00:00,-29.6,15.9,0.0,20.6696,1000.0,1
677,3,2018-09-02 06:00:00,-30.9,16.4,0.0,22.9662,999.0,1
677,4,2018-09-02 12:00:00,-32.4,16.8,0.0,22.9662,998.0,1
677,5,2018-09-02 18:00:00,-33.8,17.1,0.0,22.9662,998.0,1
677,6,2018-09-03 00:00:00,-35.2,17.6,0.0,22.9662,997.0,1
677,7,2018-09-03 06:00:00,-36.6,17.9,0.0,22.9662,997.0,1
677,8,2018-09-03 12:00:00,-38.0,18.2,0.0,25.2629,996.0,1
677,9,2018-09-03 18:00:00,-39.2,18.4,0.0,27.5595,993.0,1
677,10,2018-09-04 00:00:00,-40.2,18.7,0.0,29.8561,990.0,1
677,11,2018-09-04 06:00:00,-41.2,19.1,0.0,29.8561,989.0,1
677,12,2018-09-04 12:00:00,-42.0,19.5,0.0,32.1527,986.0,1
677,13,2018-09-04 18:00:00,-42.7,20.0,0.0,34.4494,982.0,1
677,14,2018-09-05 00:00:00,-43.4,20.4,0.0,39.0426,975.0,1
677,15,2018-09-05 06:00:00,-44.3,21.1,0.0,43.6359,968.0,1
677,16,2018-09-05 12:00:00,-45.2,21.7,0.0,48.2291,960.0,1
677,17,2018-09-05 18:00:00,-46.2,22.4,0.0,52.8224,950.0,1
677,18,2018-09-06 00:00:00,-46.9,23.1,0.0,52.8224,950.0,1
677,19,2018-09-06 06:00:00,-47.6,23.8,0.0,48.2291,958.0,1
677,20,2018-09-06 12:00:00,-48.2,24.4,0.0,41.3392,970.0,1
677,21,2018-09-06 18:00:00,-49.0,24.8,0.0,34.4494,980.0,1
677,22,2018-09-07 00:00:00,-49.6,25.0,0.0,27.5595,990.0,1
677,23,2018-09-07 06:00:00,-50.3,25.0,0.0,25.2629,992.0,1
677,24,2018-09-07 12:00:00,-51.1,24.9,0.0,25.2629,993.0,1
677,25,2018-09-07 18:00:00,-52.0,24.8,0.0,25.2629,993.0,1
677,26,2018-09-08 00:00:00,-52.9,24.7,0.0,25.2629,993.0,1
677,27,2018-09-08 06:00:00,-53.6,24.6,0.0,25.2629,993.0,1
677,28,2018-09-08 12:00:00,-54.1,24.6,0.0,25.2629,992.0,1
677,29,2018-09-08 18:00:00,-54.5,24.6,0.0,27.5595,989.0,1
677,30,2018-09-09 00:00:00,-55.0,24.5,0.0,27.5595,989.0,1
677,31,2018-09-09 06:00:00,-55.5,24.4,0.0,27.5595,988.0,1
677,32,2018-09-09 12:00:00,-56.1,24.4,0.0,29.8561,984.0,1
677,33,2018-09-09 18:00:00,-56.7,24.4,0.0,32.1527,979.0,1
677,34,2018-09-10 00:00:00,-57.3,24.5,0.0,36.746,973.0,1
677,35,2018-09-10 06:00:00,-58.4,24.7,0.0,41.3392,967.0,1
677,36,2018-09-10 12:00:00,-59.5,24.9,0.0,48.2291,954.0,1
677,37,2018-09-10 18:00:00,-60.6,25.2,0.0,55.119,940.0,1
677,38,2018-09-11 00:00:00,-61.8,25.6,0.0,52.8224,944.0,1
677,39,2018-09-11 06:00:00,-63.2,26.0,0.0,52.8224,950.0,1
677,40,2018-09-11 12:00:00,-64.7,26.5,0.0,57.4156,947.0,1
677,41,2018-09-11 18:00:00,-66.4,27.2,0.0,59.7122,937.0,1
677,42,2018-09-12 00:00:00,-68.1,27.9,0.0,55.119,943.0,1
677,43,2018-09-12 06:00:00,-69.5,28.7,0.0,52.8224,945.0,1
677,44,2018-09-12 12:00:00,-70.7,29.4,0.0,52.8224,945.0,1
677,45,2018-09-12 18:00:00,-71.9,30.4,0.0,50.5258,949.0,1
677,46,2018-09-13 00:00:00,-73.2,31.5,0.0,48.2291,955.0,1
677,47,2018-09-13 06:00:00,-74.2,32.4,0.0,45.9325,955.0,1
677,48,2018-09-13 12:00:00,-75.1,33.1,0.0,43.6359,954.0,1
677,49,2018-09-13 18:00:00,-76.0,33.6,0.0,41.3392,953.0,1
677,50,2018-09-14 00:00:00,-76.5,34.0,0.0,41.3392,952.0,1
677,51,2018-09-14 06:00:00,-77.2,34.2,0.0,39.0426,952.0,1
677,52,2018-09-14 12:00:00,-77.9,34.1,0.0,36.746,957.0,1
677,53,2018-09-14 18:00:00,-78.4,34.0,0.0,29.8561,969.0,1
677,54,2018-09-15 00:00:00,-78.8,33.9,0.0,27.5595,978.0,1
677,55,2018-09-15 06:00:00,-79.3,33.7,0.0,25.2629,986.0,1
677,56,2018-09-15 12:00:00,-79.5,33.6,0.0,25.2629,992.0,1
677,57,2018-09-15 18:00:00,-79.8,33.6,0.0,22.9662,997.0,1
677,58,2018-09-16 00:00:00,-80.2,33.6,0.0,20.6696,998.0,1
677,59,2018-09-16 06:00:00,-80.8,33.6,0.0,18.373,999.0,1
678,1,2018-09-03 12:00:00,-80.7,25.1,0.0,20.6696,1006.0,1
678,2,2018-09-03 18:00:00,-81.9,25.8,0.0,22.9662,1004.0,1
678,3,2018-09-04 00:00:00,-83.3,26.6,0.0,25.2629,1003.0,1
678,4,2018-09-04 06:00:00,-84.9,27.2,0.0,25.2629,1002.0,1
678,5,2018-09-04 12:00:00,-86.2,28.1,0.0,25.2629,1001.0,1
678,6,2018-09-04 18:00:00,-87.2,28.9,0.0,27.5595,1000.0,1
678,7,2018-09-05 00:00:00,-88.0,29.8,0.0,27.5595,999.0,1
678,8,2018-09-05 06:00:00,-88.9,30.9,0.0,20.6696,1002.0,1
679,1,2018-09-08 18:00:00,-36.3,14.5,0.0,18.373,1005.0,1
679,2,2018-09-09 00:00:00,-37.0,14.4,0.0,20.6696,1002.0,1
679,3,2018-09-09 06:00:00,-37.7,14.3,0.0,22.9662,1001.0,1
679,4,2018-09-09 12:00:00,-38.7,14.3,0.0,25.2629,999.0,1
679,5,2018-09-09 18:00:00,-39.8,14.4,0.0,27.5595,997.0,1
679,6,2018-09-10 00:00:00,-41.0,14.5,0.0,29.8561,995.0,1
679,7,2018-09-10 06:00:00,-42.2,14.5,0.0,29.8561,995.0,1
679,8,2018-09-10 12:00:00,-43.5,14.4,0.0,29.8561,995.0,1
679,9,2018-09-10 18:00:00,-44.8,14.4,0.0,29.8561,995.0,1
679,10,2018-09-11 00:00:00,-46.2,14.5,0.0,27.5595,997.0,1
679,11,2018-09-11 06:00:00,-47.6,14.6,0.0,27.5595,997.0,1
679,12,2018-09-11 12:00:00,-49.1,14.6,0.0,27.5595,997.0,1
679,13,2018-09-11 18:00:00,-50.5,14.6,0.0,27.5595,997.0,1
679,14,2018-09-12 00:00:00,-51.7,14.5,0.0,25.2629,998.0,1
679,15,2018-09-12 06:00:00,-52.9,14.6,0.0,25.2629,999.0,1
679,16,2018-09-12 12:00:00,-54.2,14.9,0.0,25.2629,1001.0,1
679,17,2018-09-12 18:00:00,-55.7,15.2,0.0,22.9662,1003.0,1
679,18,2018-09-13 00:00:00,-57.2,15.3,0.0,20.6696,1004.0,1
679,19,2018-09-13 06:00:00,-58.9,15.1,0.0,18.373,1004.0,1
679,20,2018-09-13 12:00:00,-60.7,14.9,0.0,18.373,1004.0,1
680,1,2018-09-08 06:00:00,-18.9,13.7,0.0,18.373,1002.0,1
680,2,2018-09-08 12:00:00,-19.9,13.5,0.0,20.6696,1001.0,1
680,3,2018-09-08 18:00:00,-21.0,13.3,0.0,20.6696,1000.0,1
680,4,2018-09-09 00:00:00,-22.2,13.2,0.0,22.9662,999.0,1
680,5,2018-09-09 06:00:00,-23.4,13.1,0.0,25.2629,998.0,1
680,6,2018-09-09 12:00:00,-24.5,13.2,0.0,27.5595,996.0,1
680,7,2018-09-09 18:00:00,-25.6,13.4,0.0,29.8561,992.0,1
680,8,2018-09-10 00:00:00,-26.7,13.7,0.0,34.4494,984.0,1
680,9,2018-09-10 06:00:00,-28.0,14.0,0.0,36.746,980.0,1
680,10,2018-09-10 12:00:00,-29.4,14.4,0.0,39.0426,977.0,1
680,11,2018-09-10 18:00:00,-30.8,14.8,0.0,41.3392,973.0,1
680,12,2018-09-11 00:00:00,-32.1,15.3,0.0,43.6359,969.0,1
680,13,2018-09-11 06:00:00,-33.2,15.7,0.0,43.6359,968.0,1
680,14,2018-09-11 12:00:00,-34.0,16.2,0.0,43.6359,967.0,1
680,15,2018-09-11 18:00:00,-34.6,16.8,0.0,41.3392,970.0,1
680,16,2018-09-12 00:00:00,-35.3,17.6,0.0,39.0426,973.0,1
680,17,2018-09-12 06:00:00,-35.8,18.7,0.0,36.746,976.0,1
680,18,2018-09-12 12:00:00,-36.3,19.8,0.0,36.746,976.0,1
680,19,2018-09-12 18:00:00,-36.7,20.8,0.0,34.4494,979.0,1
680,20,2018-09-13 00:00:00,-37.1,21.9,0.0,32.1527,982.0,1
680,21,2018-09-13 06:00:00,-37.3,22.9,0.0,29.8561,985.0,1
680,22,2018-09-13 12:00:00,-37.4,24.1,0.0,27.5595,988.0,1
680,23,2018-09-13 18:00:00,-37.4,25.4,0.0,27.5595,988.0,1
680,24,2018-09-14 00:00:00,-37.4,27.2,0.0,27.5595,989.0,1
680,25,2018-09-14 06:00:00,-37.3,29.4,0.0,27.5595,989.0,1
680,26,2018-09-14 12:00:00,-37.2,31.8,0.0,27.5595,988.0,1
680,27,2018-09-14 18:00:00,-37.0,33.7,0.0,27.5595,987.0,1
680,28,2018-09-15 00:00:00,-36.5,35.2,0.0,27.5595,986.0,1
680,29,2018-09-15 06:00:00,-35.7,36.9,0.0,27.5595,986.0,1
680,30,2018-09-15 12:00:00,-34.5,38.4,0.0,25.2629,987.0,1
680,31,2018-09-15 18:00:00,-32.9,39.6,0.0,25.2629,989.0,1
680,32,2018-09-16 00:00:00,-31.5,40.6,0.0,22.9662,992.0,1
680,33,2018-09-16 06:00:00,-29.6,41.8,0.0,20.6696,993.0,1
680,34,2018-09-16 12:00:00,-27.1,43.1,0.0,20.6696,993.0,1
680,35,2018-09-16 18:00:00,-24.0,44.1,0.0,20.6696,993.0,1
680,36,2018-09-17 00:00:00,-20.0,45.2,0.0,22.9662,992.0,1
680,37,2018-09-17 06:00:00,-16.0,46.7,0.0,22.9662,992.0,1
680,38,2018-09-17 12:00:00,-12.5,48.0,0.0,22.9662,992.0,1
680,39,2018-09-17 18:00:00,-10.0,49.5,0.0,20.6696,995.0,1
681,1,2018-09-12 00:00:00,-39.8,37.0,0.0,20.6696,1012.0,1
681,2,2018-09-12 06:00:00,-40.7,36.6,0.0,20.6696,1011.0,1
681,3,2018-09-12 12:00:00,-41.5,35.8,0.0,18.373,1010.0,1
681,4,2018-09-12 18:00:00,-41.9,34.8,0.0,18.373,1008.0,1
681,5,2018-09-13 00:00:00,-42.4,34.3,0.0,18.373,1006.0,1
681,6,2018-09-13 06:00:00,-42.9,34.0,0.0,18.373,1005.0,1
681,7,2018-09-14 18:00:00,-44.5,31.5,0.0,18.373,997.0,1
681,8,2018-09-15 00:00:00,-43.9,31.4,0.0,20.6696,995.0,1
681,9,2018-09-15 06:00:00,-42.8,31.5,0.0,20.6696,995.0,1
681,10,2018-09-15 12:00:00,-41.6,31.9,0.0,18.373,1001.0,1
681,11,2018-09-15 18:00:00,-40.3,32.5,0.0,18.373,1003.0,1
682,1,2018-09-25 18:00:00,-48.6,11.3,0.0,18.373,1006.0,1
682,2,2018-09-26 00:00:00,-50.3,11.5,0.0,20.6696,1005.0,1
682,3,2018-09-26 06:00:00,-52.0,11.8,0.0,22.9662,1004.0,1
682,4,2018-09-26 12:00:00,-53.6,12.1,0.0,25.2629,1002.0,1
682,5,2018-09-26 18:00:00,-55.0,12.5,0.0,25.2629,998.0,1
682,6,2018-09-27 00:00:00,-56.4,12.9,0.0,22.9662,1002.0,1
682,7,2018-09-27 06:00:00,-57.7,13.3,0.0,22.9662,1002.0,1
682,8,2018-09-27 12:00:00,-58.7,13.6,0.0,22.9662,998.0,1
682,9,2018-09-27 18:00:00,-59.8,14.0,0.0,22.9662,1000.0,1
682,10,2018-09-28 00:00:00,-60.8,13.8,0.0,20.6696,1002.0,1
682,11,2018-09-28 00:30:00,-60.9,13.8,0.0,20.6696,1002.0,1
682,12,2018-09-28 06:00:00,-61.9,13.3,0.0,20.6696,1005.0,1
682,13,2018-09-28 12:00:00,-63.1,13.6,0.0,18.373,1007.0,1
683,1,2018-09-25 18:00:00,-44.3,32.9,0.0,18.373,1000.0,1
683,2,2018-09-26 00:00:00,-42.6,32.6,0.0,22.9662,998.0,1
683,3,2018-09-26 06:00:00,-40.3,32.3,0.0,25.2629,992.0,1
683,4,2018-09-26 12:00:00,-38.5,33.8,0.0,25.2629,987.0,1
683,5,2018-09-26 18:00:00,-38.6,36.1,0.0,27.5595,978.0,1
683,6,2018-09-27 00:00:00,-40.4,37.3,0.0,29.8561,970.0,1
683,7,2018-09-27 06:00:00,-41.6,37.1,0.0,29.8561,970.0,1
683,8,2018-09-27 12:00:00,-42.5,37.0,0.0,29.8561,970.0,1
683,9,2018-09-27 18:00:00,-43.4,37.0,0.0,27.5595,978.0,1
683,10,2018-09-28 00:00:00,-44.5,36.9,0.0,22.9662,983.0,1
683,11,2018-09-28 06:00:00,-45.3,36.6,0.0,22.9662,983.0,1
683,12,2018-09-28 12:00:00,-46.4,36.4,0.0,20.6696,986.0,1
683,13,2018-09-28 18:00:00,-47.4,36.3,0.0,20.6696,986.0,1
683,14,2018-09-29 00:00:00,-48.9,35.9,0.0,18.373,991.0,1
683,15,2018-09-29 06:00:00,-50.0,35.4,0.0,18.373,991.0,1
683,16,2018-09-29 12:00:00,-50.6,34.7,0.0,18.373,991.0,1
683,17,2018-09-29 18:00:00,-51.3,34.3,0.0,20.6696,991.0,1
683,18,2018-09-30 00:00:00,-51.7,34.0,0.0,20.6696,991.0,1
683,19,2018-09-30 06:00:00,-52.2,33.8,0.0,20.6696,991.0,1
683,20,2018-09-30 12:00:00,-52.6,33.7,0.0,20.6696,991.0,1
683,21,2018-09-30 18:00:00,-53.0,33.6,0.0,20.6696,991.0,1
683,22,2018-10-01 00:00:00,-53.4,33.5,0.0,20.6696,991.0,1
683,23,2018-10-01 06:00:00,-53.7,33.3,0.0,22.9662,990.0,1
683,24,2018-10-01 12:00:00,-54.1,33.1,0.0,22.9662,990.0,1
683,25,2018-10-01 18:00:00,-54.4,32.8,0.0,22.9662,990.0,1
683,26,2018-10-02 00:00:00,-54.9,32.4,0.0,22.9662,990.0,1
683,27,2018-10-02 06:00:00,-55.4,31.9,0.0,25.2629,989.0,1
683,28,2018-10-02 12:00:00,-55.9,31.2,0.0,25.2629,989.0,1
683,29,2018-10-02 18:00:00,-56.2,30.4,0.0,27.5595,986.0,1
683,30,2018-10-03 00:00:00,-56.6,29.8,0.0,27.5595,984.0,1
683,31,2018-10-03 06:00:00,-56.8,29.6,0.0,29.8561,980.0,1
683,32,2018-10-03 12:00:00,-56.8,29.5,0.0,34.4494,972.0,1
683,33,2018-10-03 18:00:00,-56.9,29.8,0.0,34.4494,970.0,1
683,34,2018-10-04 00:00:00,-57.0,30.3,0.0,34.4494,972.0,1
683,35,2018-10-04 06:00:00,-57.1,30.9,0.0,32.1527,976.0,1
683,36,2018-10-04 12:00:00,-57.2,31.7,0.0,29.8561,979.0,1
683,37,2018-10-04 18:00:00,-57.3,32.8,0.0,27.5595,982.0,1
683,38,2018-10-05 00:00:00,-57.6,34.2,0.0,25.2629,984.0,1
683,39,2018-10-05 06:00:00,-58.2,35.2,0.0,25.2629,986.0,1
683,40,2018-10-05 12:00:00,-58.3,35.9,0.0,25.2629,986.0,1
683,41,2018-10-05 18:00:00,-58.1,36.2,0.0,22.9662,987.0,1
683,42,2018-10-06 00:00:00,-57.6,36.5,0.0,22.9662,987.0,1
683,43,2018-10-06 06:00:00,-57.0,36.9,0.0,22.9662,987.0,1
683,44,2018-10-06 12:00:00,-56.4,37.4,0.0,22.9662,987.0,1
683,45,2018-10-06 18:00:00,-55.1,37.5,0.0,22.9662,987.0,1
683,46,2018-10-07 00:00:00,-53.7,37.4,0.0,22.9662,987.0,1
683,47,2018-10-07 06:00:00,-52.5,37.1,0.0,22.9662,987.0,1
683,48,2018-10-07 12:00:00,-51.6,36.5,0.0,22.9662,987.0,1
683,49,2018-10-07 18:00:00,-50.5,36.1,0.0,22.9662,987.0,1
683,50,2018-10-08 00:00:00,-49.4,35.8,0.0,20.6696,989.0,1
683,51,2018-10-08 06:00:00,-48.5,35.5,0.0,20.6696,989.0,1
683,52,2018-10-08 12:00:00,-47.4,34.9,0.0,20.6696,989.0,1
683,53,2018-10-08 18:00:00,-46.2,34.3,0.0,22.9662,986.0,1
683,54,2018-10-09 00:00:00,-45.1,33.5,0.0,25.2629,983.0,1
683,55,2018-10-09 06:00:00,-44.2,32.7,0.0,25.2629,983.0,1
683,56,2018-10-09 12:00:00,-43.6,31.6,0.0,25.2629,983.0,1
683,57,2018-10-09 18:00:00,-43.1,30.7,0.0,27.5595,983.0,1
683,58,2018-10-10 00:00:00,-42.7,29.8,0.0,29.8561,981.0,1
683,59,2018-10-10 06:00:00,-42.7,28.8,0.0,29.8561,981.0,1
683,60,2018-10-10 12:00:00,-42.5,28.1,0.0,29.8561,980.0,1
683,61,2018-10-10 18:00:00,-42.2,27.7,0.0,29.8561,980.0,1
683,62,2018-10-11 00:00:00,-41.6,27.7,0.0,32.1527,978.0,1
683,63,2018-10-11 06:00:00,-40.7,28.1,0.0,32.1527,978.0,1
683,64,2018-10-11 12:00:00,-39.3,28.8,0.0,32.1527,978.0,1
683,65,2018-10-11 18:00:00,-37.5,29.5,0.0,34.4494,976.0,1
683,66,2018-10-12 00:00:00,-35.2,30.4,0.0,36.746,968.0,1
683,67,2018-10-12 06:00:00,-32.5,31.4,0.0,36.746,968.0,1
683,68,2018-10-12 12:00:00,-29.6,32.6,0.0,34.4494,971.0,1
683,69,2018-10-12 18:00:00,-26.3,33.4,0.0,34.4494,971.0,1
683,70,2018-10-13 00:00:00,-22.4,34.2,0.0,32.1527,976.0,1
683,71,2018-10-13 06:00:00,-18.3,35.5,0.0,29.8561,977.0,1
683,72,2018-10-13 12:00:00,-14.1,37.2,0.0,29.8561,979.0,1
683,73,2018-10-13 18:00:00,-10.5,39.3,0.0,27.5595,984.0,1
683,74,2018-10-14 00:00:00,-7.6,41.1,0.0,18.373,998.0,1
684,1,2018-10-07 18:00:00,-85.7,19.1,0.0,20.6696,999.0,1
684,2,2018-10-08 00:00:00,-85.5,19.7,0.0,22.9662,996.0,1
684,3,2018-10-08 06:00:00,-85.4,20.2,0.0,27.5595,984.0,1
684,4,2018-10-08 12:00:00,-85.1,20.9,0.0,29.8561,982.0,1
684,5,2018-10-08 18:00:00,-85.1,21.7,0.0,34.4494,977.0,1
684,6,2018-10-09 00:00:00,-85.2,22.7,0.0,39.0426,971.0,1
684,7,2018-10-09 06:00:00,-85.8,23.7,0.0,39.0426,973.0,1
684,8,2018-10-09 12:00:00,-86.2,24.6,0.0,41.3392,968.0,1
684,9,2018-10-09 18:00:00,-86.4,25.6,0.0,45.9325,961.0,1
684,10,2018-10-10 00:00:00,-86.5,26.6,0.0,50.5258,952.0,1
684,11,2018-10-10 06:00:00,-86.6,27.7,0.0,55.119,945.0,1
684,12,2018-10-10 12:00:00,-86.3,29.0,0.0,57.4156,934.0,1
684,13,2018-10-10 18:00:00,-85.4,30.2,0.0,62.0089,920.0,1
684,14,2018-10-11 00:00:00,-84.5,31.5,0.0,36.746,957.0,1
684,15,2018-10-11 06:00:00,-83.2,32.8,0.0,22.9662,979.0,1
684,16,2018-10-11 12:00:00,-81.7,34.1,0.0,20.6696,987.0,1
684,17,2018-10-11 18:00:00,-80.0,35.6,0.0,20.6696,991.0,1
684,18,2018-10-12 00:00:00,-77.7,36.5,0.0,22.9662,988.0,1
684,19,2018-10-12 06:00:00,-75.0,37.3,0.0,27.5595,983.0,1
684,20,2018-10-12 12:00:00,-70.6,39.1,0.0,27.5595,980.0,1
684,21,2018-10-12 18:00:00,-66.1,41.1,0.0,27.5595,977.0,1
684,22,2018-10-13 00:00:00,-61.5,43.1,0.0,29.8561,975.0,1
684,23,2018-10-13 06:00:00,-55.7,44.8,0.0,29.8561,975.0,1
684,24,2018-10-13 12:00:00,-48.2,46.4,0.0,29.8561,975.0,1
684,25,2018-10-13 18:00:00,-40.7,47.6,0.0,29.8561,975.0,1
684,26,2018-10-14 00:00:00,-33.1,48.4,0.0,29.8561,975.0,1
684,27,2018-10-14 06:00:00,-26.1,48.8,0.0,29.8561,975.0,1
684,28,2018-10-14 12:00:00,-20.7,48.6,0.0,27.5595,975.0,1
684,29,2018-10-14 18:00:00,-16.4,47.5,0.0,25.2629,978.0,1
684,30,2018-10-15 00:00:00,-13.5,45.9,0.0,25.2629,982.0,1
684,31,2018-10-15 06:00:00,-11.4,44.4,0.0,22.9662,989.0,1
685,1,2018-10-09 18:00:00,-30.2,10.8,0.0,18.373,1004.0,1
685,2,2018-10-10 00:00:00,-30.7,11.2,0.0,22.9662,999.0,1
685,3,2018-10-10 06:00:00,-30.9,11.8,0.0,25.2629,995.0,1
685,4,2018-10-10 12:00:00,-31.4,12.3,0.0,25.2629,996.0,1
685,5,2018-10-10 18:00:00,-32.0,12.8,0.0,22.9662,998.0,1
685,6,2018-10-11 00:00:00,-32.5,13.3,0.0,22.9662,998.0,1
685,7,2018-10-11 06:00:00,-33.1,13.6,0.0,20.6696,1001.0,1
685,8,2018-10-11 12:00:00,-33.8,13.9,0.0,20.6696,1001.0,1
685,9,2018-10-11 18:00:00,-34.6,14.3,0.0,20.6696,1002.0,1
685,10,2018-10-12 00:00:00,-35.0,14.8,0.0,18.373,1003.0,1
685,11,2018-10-12 06:00:00,-35.3,15.3,0.0,18.373,1004.0,1
686,1,2018-10-27 00:00:00,-45.3,26.4,0.0,18.373,1005.0,1
686,2,2018-10-27 06:00:00,-46.5,27.1,0.0,20.6696,998.0,1
686,3,2018-10-27 12:00:00,-48.0,27.4,0.0,22.9662,995.0,1
686,4,2018-10-27 18:00:00,-49.9,27.1,0.0,22.9662,995.0,1
686,5,2018-10-28 00:00:00,-51.1,25.9,0.0,25.2629,994.0,1
686,6,2018-10-28 06:00:00,-52.0,25.4,0.0,25.2629,994.0,1
686,7,2018-10-28 12:00:00,-53.1,25.4,0.0,27.5595,990.0,1
686,8,2018-10-28 18:00:00,-54.8,25.7,0.0,29.8561,988.0,1
686,9,2018-10-29 00:00:00,-56.4,25.5,0.0,29.8561,988.0,1
686,10,2018-10-29 06:00:00,-57.5,25.5,0.0,32.1527,986.0,1
686,11,2018-10-29 12:00:00,-58.1,25.7,0.0,34.4494,981.0,1
686,12,2018-10-29 18:00:00,-58.5,26.2,0.0,39.0426,974.0,1
686,13,2018-10-30 00:00:00,-58.5,27.0,0.0,43.6359,966.0,1
686,14,2018-10-30 06:00:00,-58.4,28.0,0.0,41.3392,970.0,1
686,15,2018-10-30 12:00:00,-58.0,29.0,0.0,39.0426,971.0,1
686,16,2018-10-30 18:00:00,-57.3,30.3,0.0,34.4494,977.0,1
686,17,2018-10-31 00:00:00,-56.0,31.7,0.0,32.1527,977.0,1
686,18,2018-10-31 06:00:00,-54.6,33.0,0.0,32.1527,977.0,1
686,19,2018-10-31 12:00:00,-52.4,35.4,0.0,32.1527,974.0,1
686,20,2018-10-31 18:00:00,-50.5,38.0,0.0,32.1527,972.0,1
686,21,2018-11-01 00:00:00,-48.7,40.7,0.0,34.4494,968.0,1
686,22,2018-11-01 06:00:00,-46.9,43.4,0.0,34.4494,965.0,1
686,23,2018-11-01 12:00:00,-44.7,46.0,0.0,29.8561,965.0,1
686,24,2018-11-01 18:00:00,-41.8,48.2,0.0,27.5595,965.0,1
686,25,2018-11-02 00:00:00,-38.6,50.3,0.0,27.5595,965.0,1
686,26,2018-11-02 06:00:00,-35.5,52.3,0.0,27.5595,961.0,1
686,27,2018-11-02 12:00:00,-33.1,53.4,0.0,27.5595,957.0,1
686,28,2018-11-02 18:00:00,-30.4,54.2,0.0,29.8561,954.0,1
686,29,2018-11-03 00:00:00,-26.8,55.3,0.0,32.1527,952.0,1
686,30,2018-11-03 06:00:00,-23.1,56.6,0.0,29.8561,956.0,1
686,31,2018-11-03 12:00:00,-19.6,57.9,0.0,25.2629,960.0,1
686,32,2018-11-03 18:00:00,-17.1,58.9,0.0,22.9662,964.0,1
686,33,2018-11-04 00:00:00,-14.5,59.8,0.0,20.6696,968.0,1
686,34,2018-11-04 06:00:00,-12.1,60.8,0.0,18.373,973.0,1
686,35,2018-11-04 12:00:00,-9.1,62.4,0.0,18.373,977.0,1
687,1,2019-07-11 18:00:00,-88.8,27.7,0.0,18.373,1005.0,1
687,2,2019-07-12 00:00:00,-89.2,27.8,0.0,20.6696,1001.0,1
687,3,2019-07-12 06:00:00,-89.7,27.9,0.0,20.6696,1001.0,1
687,4,2019-07-12 12:00:00,-90.2,28.1,0.0,22.9662,998.0,1
687,5,2019-07-12 18:00:00,-90.7,28.4,0.0,25.2629,993.0,1
687,6,2019-07-13 00:00:00,-91.1,28.6,0.0,27.5595,993.0,1
687,7,2019-07-13 06:00:00,-91.5,28.9,0.0,27.5595,993.0,1
687,8,2019-07-13 12:00:00,-91.9,29.3,0.0,29.8561,993.0,1
687,9,2019-07-13 18:00:00,-92.4,29.9,0.0,27.5595,996.0,1
687,10,2019-07-14 00:00:00,-92.8,30.4,0.0,22.9662,999.0,1
687,11,2019-07-14 06:00:00,-93.2,31.0,0.0,18.373,1003.0,1
688,1,2019-08-25 12:00:00,-52.3,11.2,0.0,18.373,1007.0,1
688,2,2019-08-25 18:00:00,-53.5,11.4,0.0,20.6696,1007.0,1
688,3,2019-08-26 00:00:00,-54.7,11.6,0.0,20.6696,1007.0,1
688,4,2019-08-26 06:00:00,-56.0,11.9,0.0,20.6696,1006.0,1
688,5,2019-08-26 12:00:00,-57.2,12.2,0.0,20.6696,1006.0,1
688,6,2019-08-26 18:00:00,-58.3,12.6,0.0,20.6696,1006.0,1
688,7,2019-08-27 00:00:00,-59.2,13.0,0.0,20.6696,1005.0,1
688,8,2019-08-27 06:00:00,-60.2,13.5,0.0,20.6696,1005.0,1
688,9,2019-08-27 12:00:00,-61.2,14.2,0.0,20.6696,1005.0,1
688,10,2019-08-27 18:00:00,-62.0,15.0,0.0,20.6696,1004.0,1
688,11,2019-08-28 00:00:00,-62.8,15.7,0.0,22.9662,1003.0,1
688,12,2019-08-28 06:00:00,-63.5,16.4,0.0,25.2629,1001.0,1
688,13,2019-08-28 12:00:00,-64.2,17.3,0.0,27.5595,999.0,1
688,14,2019-08-28 18:00:00,-65.1,18.4,0.0,32.1527,993.0,1
688,15,2019-08-29 00:00:00,-65.7,19.2,0.0,34.4494,989.0,1
688,16,2019-08-29 06:00:00,-66.3,20.0,0.0,34.4494,988.0,1
688,17,2019-08-29 12:00:00,-66.9,21.0,0.0,34.4494,986.0,1
688,18,2019-08-29 18:00:00,-67.4,22.0,0.0,34.4494,983.0,1
688,19,2019-08-30 00:00:00,-68.0,22.8,0.0,36.746,978.0,1
688,20,2019-08-30 06:00:00,-68.8,23.5,0.0,41.3392,978.0,1
688,21,2019-08-30 12:00:00,-69.5,24.3,0.0,43.6359,972.0,1
688,22,2019-08-30 18:00:00,-70.3,24.8,0.0,45.9325,968.0,1
688,23,2019-08-31 00:00:00,-71.1,25.3,0.0,52.8224,949.0,1
688,24,2019-08-31 06:00:00,-72.1,25.6,0.0,55.119,947.0,1
688,25,2019-08-31 12:00:00,-73.0,25.9,0.0,57.4156,944.0,1
688,26,2019-08-31 18:00:00,-74.0,26.1,0.0,59.7122,942.0,1
688,27,2019-09-01 00:00:00,-74.7,26.3,0.0,62.0089,939.0,1
688,28,2019-09-01 06:00:00,-75.6,26.4,0.0,66.6021,934.0,1
688,29,2019-09-01 12:00:00,-76.5,26.5,0.0,71.1954,927.0,1
688,30,2019-09-01 18:00:00,-77.1,26.5,0.0,73.492,910.0,1
688,31,2019-09-02 00:00:00,-77.7,26.6,0.0,71.1954,914.0,1
688,32,2019-09-02 06:00:00,-78.0,26.6,0.0,66.6021,916.0,1
688,33,2019-09-02 12:00:00,-78.3,26.7,0.0,62.0089,927.0,1
688,34,2019-09-02 18:00:00,-78.4,26.8,0.0,57.4156,938.0,1
688,35,2019-09-03 00:00:00,-78.5,26.9,0.0,52.8224,944.0,1
688,36,2019-09-03 06:00:00,-78.5,27.0,0.0,48.2291,950.0,1
688,37,2019-09-03 12:00:00,-78.5,27.1,0.0,45.9325,954.0,1
688,38,2019-09-03 18:00:00,-78.6,27.6,0.0,43.6359,959.0,1
688,39,2019-09-04 00:00:00,-78.8,28.1,0.0,41.3392,959.0,1
688,40,2019-09-04 06:00:00,-79.2,28.8,0.0,41.3392,964.0,1
688,41,2019-09-04 12:00:00,-79.6,29.5,0.0,41.3392,963.0,1
688,42,2019-09-04 18:00:00,-79.7,30.1,0.0,43.6359,960.0,1
688,43,2019-09-05 00:00:00,-79.7,30.7,0.0,45.9325,955.0,1
688,44,2019-09-05 06:00:00,-79.6,31.4,0.0,45.9325,958.0,1
688,45,2019-09-05 12:00:00,-79.2,32.1,0.0,45.9325,958.0,1
688,46,2019-09-05 18:00:00,-78.9,32.7,0.0,43.6359,958.0,1
688,47,2019-09-06 00:00:00,-77.9,33.4,0.0,41.3392,956.0,1
688,48,2019-09-06 06:00:00,-76.9,34.1,0.0,41.3392,956.0,1
688,49,2019-09-06 12:00:00,-75.7,35.1,0.0,39.0426,956.0,1
688,50,2019-09-06 12:30:00,-75.6,35.2,0.0,39.0426,956.0,1
688,51,2019-09-06 18:00:00,-73.7,36.2,0.0,39.0426,956.0,1
688,52,2019-09-07 00:00:00,-71.2,37.4,0.0,39.0426,956.0,1
688,53,2019-09-07 06:00:00,-68.9,38.9,0.0,39.0426,955.0,1
688,54,2019-09-07 12:00:00,-66.9,40.8,0.0,39.0426,954.0,1
688,55,2019-09-07 18:00:00,-64.6,42.8,0.0,36.746,954.0,1
688,56,2019-09-08 00:00:00,-62.9,45.2,0.0,36.746,956.0,1
688,57,2019-09-08 06:00:00,-61.9,47.6,0.0,34.4494,960.0,1
688,58,2019-09-08 12:00:00,-60.4,49.4,0.0,32.1527,962.0,1
688,59,2019-09-08 18:00:00,-57.9,50.8,0.0,27.5595,966.0,1
688,60,2019-09-09 00:00:00,-54.8,51.6,0.0,22.9662,980.0,1
689,1,2019-09-04 06:00:00,-33.2,19.5,0.0,18.373,1004.0,1
689,2,2019-09-04 12:00:00,-33.6,20.1,0.0,20.6696,1003.0,1
689,3,2019-09-04 18:00:00,-33.7,20.5,0.0,20.6696,1002.0,1
689,4,2019-09-05 00:00:00,-33.9,20.8,0.0,20.6696,1002.0,1
689,5,2019-09-05 06:00:00,-34.5,21.5,0.0,20.6696,1001.0,1
689,6,2019-09-05 12:00:00,-35.2,22.3,0.0,20.6696,1000.0,1
689,7,2019-09-05 18:00:00,-35.6,22.9,0.0,18.373,1002.0,1
689,8,2019-09-06 12:00:00,-38.0,26.2,0.0,18.373,1004.0,1
689,9,2019-09-06 18:00:00,-39.0,27.4,0.0,20.6696,1002.0,1
689,10,2019-09-07 00:00:00,-40.1,29.0,0.0,22.9662,999.0,1
689,11,2019-09-07 06:00:00,-41.6,30.5,0.0,20.6696,1002.0,1
689,12,2019-09-07 12:00:00,-43.9,31.0,0.0,20.6696,1003.0,1
689,13,2019-09-07 18:00:00,-45.8,31.5,0.0,20.6696,1003.0,1
689,14,2019-09-08 00:00:00,-47.4,31.8,0.0,20.6696,1002.0,1
689,15,2019-09-08 06:00:00,-48.4,32.3,0.0,22.9662,1000.0,1
689,16,2019-09-08 12:00:00,-49.0,33.2,0.0,22.9662,999.0,1
689,17,2019-09-08 18:00:00,-49.3,34.5,0.0,25.2629,995.0,1
689,18,2019-09-09 00:00:00,-49.3,35.8,0.0,25.2629,995.0,1
689,19,2019-09-09 06:00:00,-48.9,37.1,0.0,22.9662,996.0,1
689,20,2019-09-09 12:00:00,-48.0,38.4,0.0,22.9662,997.0,1
689,21,2019-09-09 18:00:00,-46.3,40.0,0.0,22.9662,998.0,1
689,22,2019-09-10 00:00:00,-44.2,41.4,0.0,20.6696,999.0,1
689,23,2019-09-10 06:00:00,-41.7,42.4,0.0,20.6696,999.0,1
689,24,2019-09-10 12:00:00,-39.1,43.3,0.0,20.6696,999.0,1
689,25,2019-09-10 18:00:00,-36.4,44.1,0.0,20.6696,1000.0,1
689,26,2019-09-11 00:00:00,-33.5,45.5,0.0,18.373,1002.0,1
689,27,2019-09-11 06:00:00,-30.0,47.0,0.0,18.373,1003.0,1
690,1,2019-09-03 18:00:00,-95.4,23.2,0.0,18.373,1002.0,1
690,2,2019-09-04 00:00:00,-96.1,23.1,0.0,20.6696,1000.0,1
690,3,2019-09-04 06:00:00,-96.8,23.4,0.0,20.6696,1000.0,1
690,4,2019-09-04 12:00:00,-97.2,24.0,0.0,18.373,1003.0,1
691,1,2019-09-14 12:00:00,-76.5,26.5,0.0,18.373,1004.0,1
691,2,2019-09-14 18:00:00,-77.0,27.0,0.0,20.6696,1003.0,1
691,3,2019-09-15 00:00:00,-77.3,27.5,0.0,22.9662,998.0,1
691,4,2019-09-15 06:00:00,-77.6,28.0,0.0,22.9662,997.0,1
691,5,2019-09-15 12:00:00,-77.9,28.6,0.0,25.2629,995.0,1
691,6,2019-09-15 18:00:00,-78.1,29.1,0.0,27.5595,993.0,1
691,7,2019-09-16 00:00:00,-77.8,29.2,0.0,29.8561,987.0,1
691,8,2019-09-16 06:00:00,-77.3,29.5,0.0,32.1527,982.0,1
691,9,2019-09-16 12:00:00,-76.7,29.8,0.0,34.4494,979.0,1
691,10,2019-09-16 18:00:00,-76.1,30.1,0.0,34.4494,975.0,1
691,11,2019-09-17 00:00:00,-75.4,30.3,0.0,36.746,966.0,1
691,12,2019-09-17 06:00:00,-74.7,30.5,0.0,39.0426,964.0,1
691,13,2019-09-17 12:00:00,-73.8,30.7,0.0,41.3392,961.0,1
691,14,2019-09-17 18:00:00,-72.9,30.9,0.0,43.6359,956.0,1
691,15,2019-09-18 00:00:00,-71.6,31.2,0.0,45.9325,952.0,1
691,16,2019-09-18 06:00:00,-70.3,31.5,0.0,48.2291,951.0,1
691,17,2019-09-18 12:00:00,-68.8,32.0,0.0,48.2291,951.0,1
691,18,2019-09-18 18:00:00,-67.2,32.5,0.0,50.5258,950.0,1
691,19,2019-09-19 00:00:00,-65.0,33.2,0.0,50.5258,950.0,1
691,20,2019-09-19 06:00:00,-62.9,34.5,0.0,48.2291,951.0,1
691,21,2019-09-19 12:00:00,-60.8,36.0,0.0,43.6359,955.0,1
691,22,2019-09-19 18:00:00,-59.3,37.7,0.0,36.746,961.0,1
691,23,2019-09-20 00:00:00,-58.5,39.1,0.0,32.1527,967.0,1
691,24,2019-09-20 06:00:00,-58.0,40.4,0.0,27.5595,972.0,1
691,25,2019-09-20 12:00:00,-57.5,41.5,0.0,22.9662,977.0,1
692,1,2019-09-18 12:00:00,-48.6,14.4,0.0,20.6696,1002.0,1
692,2,2019-09-18 18:00:00,-49.9,14.8,0.0,22.9662,1000.0,1
692,3,2019-09-19 00:00:00,-51.2,15.2,0.0,25.2629,998.0,1
692,4,2019-09-19 06:00:00,-52.5,15.8,0.0,27.5595,996.0,1
692,5,2019-09-19 12:00:00,-53.8,16.5,0.0,32.1527,990.0,1
692,6,2019-09-19 18:00:00,-55.2,17.2,0.0,36.746,981.0,1
692,7,2019-09-20 00:00:00,-56.6,17.7,0.0,41.3392,976.0,1
692,8,2019-09-20 06:00:00,-58.1,18.1,0.0,39.0426,983.0,1
692,9,2019-09-20 12:00:00,-59.7,18.5,0.0,34.4494,990.0,1
692,10,2019-09-20 18:00:00,-61.2,19.2,0.0,29.8561,991.0,1
692,11,2019-09-21 00:00:00,-62.4,20.1,0.0,27.5595,993.0,1
692,12,2019-09-21 06:00:00,-63.5,21.0,0.0,25.2629,995.0,1
692,13,2019-09-21 12:00:00,-64.5,21.7,0.0,25.2629,998.0,1
692,14,2019-09-21 18:00:00,-65.5,22.5,0.0,25.2629,998.0,1
692,15,2019-09-22 00:00:00,-66.1,23.6,0.0,25.2629,998.0,1
692,16,2019-09-22 06:00:00,-66.5,24.5,0.0,25.2629,998.0,1
692,17,2019-09-22 12:00:00,-66.6,25.4,0.0,25.2629,997.0,1
692,18,2019-09-22 18:00:00,-66.8,26.3,0.0,25.2629,994.0,1
692,19,2019-09-23 00:00:00,-67.2,27.0,0.0,25.2629,993.0,1
692,20,2019-09-23 06:00:00,-67.7,27.4,0.0,25.2629,992.0,1
692,21,2019-09-23 12:00:00,-68.0,27.7,0.0,25.2629,991.0,1
692,22,2019-09-23 18:00:00,-68.3,28.2,0.0,25.2629,991.0,1
692,23,2019-09-24 00:00:00,-68.6,28.9,0.0,25.2629,991.0,1
692,24,2019-09-24 06:00:00,-68.9,29.7,0.0,22.9662,991.0,1
692,25,2019-09-24 12:00:00,-69.1,30.5,0.0,20.6696,991.0,1
692,26,2019-09-24 18:00:00,-69.1,30.9,0.0,20.6696,993.0,1
692,27,2019-09-25 00:00:00,-68.9,31.3,0.0,18.373,996.0,1
692,28,2019-09-25 06:00:00,-68.4,31.6,0.0,18.373,997.0,1
693,1,2019-09-17 18:00:00,-95.4,29.0,0.0,18.373,1003.0,1
694,1,2019-09-24 18:00:00,-65.6,17.7,0.0,18.373,1004.0,1
694,2,2019-09-25 00:00:00,-65.2,18.5,0.0,18.373,1003.0,1
694,3,2019-09-25 06:00:00,-65.0,19.7,0.0,18.373,1003.0,1
694,4,2019-09-26 12:00:00,-63.7,25.9,0.0,18.373,1004.0,1
694,5,2019-09-26 18:00:00,-63.1,26.9,0.0,18.373,1005.0,1
695,1,2019-09-23 12:00:00,-23.3,11.1,0.0,18.373,1006.0,1
695,2,2019-09-23 18:00:00,-24.6,11.2,0.0,20.6696,1004.0,1
695,3,2019-09-24 00:00:00,-25.9,11.4,0.0,22.9662,1002.0,1
695,4,2019-09-24 06:00:00,-27.2,11.8,0.0,25.2629,999.0,1
695,5,2019-09-24 12:00:00,-28.7,12.2,0.0,25.2629,997.0,1
695,6,2019-09-24 18:00:00,-30.2,12.6,0.0,25.2629,997.0,1
695,7,2019-09-25 00:00:00,-31.6,13.0,0.0,27.5595,993.0,1
695,8,2019-09-25 06:00:00,-33.0,13.4,0.0,32.1527,988.0,1
695,9,2019-09-25 12:00:00,-34.5,13.9,0.0,34.4494,983.0,1
695,10,2019-09-25 18:00:00,-36.0,14.4,0.0,36.746,979.0,1
695,11,2019-09-26 00:00:00,-37.5,14.5,0.0,39.0426,975.0,1
695,12,2019-09-26 06:00:00,-38.8,14.7,0.0,43.6359,967.0,1
695,13,2019-09-26 12:00:00,-39.8,15.2,0.0,48.2291,955.0,1
695,14,2019-09-26 18:00:00,-40.6,16.0,0.0,52.8224,947.0,1
695,15,2019-09-27 00:00:00,-41.2,17.1,0.0,57.4156,937.0,1
695,16,2019-09-27 06:00:00,-41.9,18.1,0.0,57.4156,937.0,1
695,17,2019-09-27 12:00:00,-42.7,18.9,0.0,55.119,943.0,1
695,18,2019-09-27 18:00:00,-43.5,19.6,0.0,50.5258,948.0,1
695,19,2019-09-28 00:00:00,-44.2,20.3,0.0,48.2291,952.0,1
695,20,2019-09-28 06:00:00,-44.6,21.1,0.0,45.9325,957.0,1
695,21,2019-09-28 12:00:00,-44.9,22.0,0.0,48.2291,957.0,1
695,22,2019-09-28 18:00:00,-45.0,22.9,0.0,52.8224,951.0,1
695,23,2019-09-29 00:00:00,-45.0,23.8,0.0,59.7122,936.0,1
695,24,2019-09-29 06:00:00,-45.0,24.7,0.0,59.7122,933.0,1
695,25,2019-09-29 12:00:00,-44.8,25.6,0.0,50.5258,945.0,1
695,26,2019-09-29 18:00:00,-44.4,26.4,0.0,41.3392,950.0,1
695,27,2019-09-30 00:00:00,-44.0,27.2,0.0,41.3392,954.0,1
695,28,2019-09-30 06:00:00,-43.6,28.2,0.0,41.3392,955.0,1
695,29,2019-09-30 12:00:00,-43.2,29.2,0.0,41.3392,955.0,1
695,30,2019-09-30 18:00:00,-42.7,30.2,0.0,41.3392,955.0,1
695,31,2019-10-01 00:00:00,-41.9,31.2,0.0,41.3392,956.0,1
695,32,2019-10-01 06:00:00,-40.7,32.6,0.0,39.0426,957.0,1
695,33,2019-10-01 12:00:00,-39.0,34.3,0.0,39.0426,957.0,1
695,34,2019-10-01 18:00:00,-36.8,35.9,0.0,39.0426,958.0,1
695,35,2019-10-02 00:00:00,-34.4,37.8,0.0,39.0426,959.0,1
695,36,2019-10-02 06:00:00,-31.4,40.2,0.0,36.746,959.0,1
695,37,2019-10-02 12:00:00,-28.0,43.0,0.0,32.1527,959.0,1
695,38,2019-10-02 18:00:00,-24.4,45.9,0.0,29.8561,960.0,1
695,39,2019-10-03 00:00:00,-21.5,49.2,0.0,27.5595,961.0,1
695,40,2019-10-03 06:00:00,-18.7,52.0,0.0,27.5595,962.0,1
695,41,2019-10-03 12:00:00,-15.7,54.5,0.0,27.5595,963.0,1
695,42,2019-10-03 18:00:00,-13.3,55.8,0.0,27.5595,966.0,1
695,43,2019-10-04 00:00:00,-10.5,55.4,0.0,25.2629,977.0,1
695,44,2019-10-04 06:00:00,-8.2,54.5,0.0,22.9662,985.0,1
696,1,2019-10-08 18:00:00,-74.1,35.0,0.0,18.373,1009.0,1
696,2,2019-10-09 00:00:00,-72.4,36.1,0.0,18.373,1009.0,1
696,3,2019-10-09 06:00:00,-70.4,37.0,0.0,20.6696,1008.0,1
696,4,2019-10-09 12:00:00,-68.8,37.7,0.0,20.6696,1007.0,1
696,5,2019-10-09 18:00:00,-68.1,38.4,0.0,22.9662,1006.0,1
696,6,2019-10-10 00:00:00,-68.2,38.9,0.0,25.2629,1004.0,1
696,7,2019-10-10 06:00:00,-68.7,38.9,0.0,25.2629,1002.0,1
696,8,2019-10-10 12:00:00,-69.2,38.6,0.0,25.2629,1000.0,1
696,9,2019-10-10 18:00:00,-69.2,38.0,0.0,25.2629,998.0,1
696,10,2019-10-11 00:00:00,-68.4,37.9,0.0,25.2629,996.0,1
696,11,2019-10-11 06:00:00,-68.7,38.4,0.0,25.2629,994.0,1
696,12,2019-10-11 12:00:00,-69.4,38.6,0.0,22.9662,995.0,1
696,13,2019-10-11 18:00:00,-69.7,38.2,0.0,22.9662,996.0,1
696,14,2019-10-12 00:00:00,-69.1,37.8,0.0,22.9662,997.0,1
696,15,2019-10-12 06:00:00,-68.4,37.9,0.0,20.6696,998.0,1
696,16,2019-10-12 12:00:00,-67.5,38.0,0.0,20.6696,998.0,1
696,17,2019-10-12 18:00:00,-66.3,38.2,0.0,20.6696,998.0,1
696,18,2019-10-13 00:00:00,-64.9,38.6,0.0,20.6696,998.0,1
696,19,2019-10-13 06:00:00,-63.5,39.1,0.0,18.373,999.0,1
696,20,2019-10-13 12:00:00,-61.7,39.5,0.0,18.373,1000.0,1
697,1,2019-10-18 00:00:00,-94.5,23.2,0.0,18.373,1003.0,1
697,2,2019-10-18 06:00:00,-93.0,24.1,0.0,20.6696,1002.0,1
697,3,2019-10-18 12:00:00,-91.2,25.2,0.0,22.9662,1001.0,1
697,4,2019-10-18 18:00:00,-89.4,26.4,0.0,22.9662,1000.0,1
697,5,2019-10-19 00:00:00,-87.8,27.8,0.0,22.9662,996.0,1
697,6,2019-10-19 06:00:00,-87.1,28.6,0.0,22.9662,996.0,1
697,7,2019-10-19 12:00:00,-86.4,29.3,0.0,18.373,996.0,1
697,8,2019-10-19 18:00:00,-85.4,30.2,0.0,18.373,999.0,1
697,9,2019-10-20 06:00:00,-81.7,33.1,0.0,18.373,1002.0,1
697,10,2019-10-20 12:00:00,-79.1,35.1,0.0,18.373,1002.0,1
697,11,2019-10-20 18:00:00,-76.7,37.0,0.0,18.373,1002.0,1
697,12,2019-10-21 00:00:00,-74.5,37.5,0.0,18.373,1001.0,1
698,1,2019-10-23 18:00:00,-38.3,40.0,0.0,18.373,1000.0,1
698,2,2019-10-24 00:00:00,-38.4,40.2,0.0,22.9662,998.0,1
698,3,2019-10-24 06:00:00,-39.9,39.0,0.0,22.9662,995.0,1
698,4,2019-10-24 12:00:00,-39.3,36.9,0.0,22.9662,990.0,1
698,5,2019-10-24 18:00:00,-36.9,35.8,0.0,20.6696,988.0,1
698,6,2019-10-25 00:00:00,-35.1,35.9,0.0,20.6696,988.0,1
698,7,2019-10-25 06:00:00,-34.0,36.3,0.0,20.6696,988.0,1
698,8,2019-10-25 12:00:00,-33.2,36.4,0.0,18.373,989.0,1
698,9,2019-10-25 18:00:00,-32.7,35.9,0.0,18.373,990.0,1
698,10,2019-10-26 00:00:00,-31.8,35.5,0.0,18.373,990.0,1
698,11,2019-10-26 06:00:00,-30.7,35.2,0.0,18.373,990.0,1
698,12,2019-10-26 12:00:00,-29.1,35.1,0.0,20.6696,989.0,1
698,13,2019-10-26 18:00:00,-26.6,35.6,0.0,22.9662,987.0,1
698,14,2019-10-27 00:00:00,-23.8,37.0,0.0,25.2629,985.0,1
698,15,2019-10-27 06:00:00,-20.7,39.5,0.0,27.5595,983.0,1
698,16,2019-10-27 12:00:00,-18.8,41.9,0.0,29.8561,980.0,1
698,17,2019-10-27 18:00:00,-17.3,44.1,0.0,32.1527,977.0,1
698,18,2019-10-28 00:00:00,-17.0,45.5,0.0,27.5595,982.0,1
698,19,2019-10-28 06:00:00,-17.6,46.3,0.0,20.6696,990.0,1
699,1,2019-10-25 18:00:00,-93.6,25.9,0.0,18.373,998.0,1
699,2,2019-10-26 00:00:00,-92.5,27.0,0.0,20.6696,996.0,1
699,3,2019-10-26 06:00:00,-91.2,28.8,0.0,20.6696,994.0,1
699,4,2019-10-26 12:00:00,-90.0,31.7,0.0,20.6696,993.0,1
699,5,2019-10-26 18:00:00,-89.3,36.2,0.0,18.373,993.0,1
700,1,2019-10-27 06:00:00,-48.0,40.4,0.0,22.9662,989.0,1
700,2,2019-10-27 12:00:00,-45.0,40.2,0.0,27.5595,976.0,1
700,3,2019-10-27 18:00:00,-43.1,40.2,0.0,29.8561,968.0,1
700,4,2019-10-28 00:00:00,-41.1,40.5,0.0,32.1527,965.0,1
700,5,2019-10-28 06:00:00,-39.5,41.2,0.0,32.1527,966.0,1
700,6,2019-10-28 12:00:00,-39.4,42.4,0.0,29.8561,967.0,1
700,7,2019-10-28 18:00:00,-40.4,42.9,0.0,27.5595,969.0,1
700,8,2019-10-29 00:00:00,-40.1,42.2,0.0,25.2629,971.0,1
700,9,2019-10-29 06:00:00,-38.5,42.3,0.0,25.2629,973.0,1
700,10,2019-10-29 12:00:00,-38.9,43.0,0.0,25.2629,975.0,1
700,11,2019-10-29 18:00:00,-40.6,43.4,0.0,22.9662,977.0,1
700,12,2019-10-30 00:00:00,-42.7,41.8,0.0,22.9662,979.0,1
700,13,2019-10-30 06:00:00,-43.7,39.9,0.0,22.9662,980.0,1
700,14,2019-10-30 12:00:00,-42.8,38.3,0.0,20.6696,982.0,1
700,15,2019-10-30 18:00:00,-41.5,38.1,0.0,20.6696,984.0,1
700,16,2019-10-31 00:00:00,-40.0,38.4,0.0,20.6696,986.0,1
700,17,2019-10-31 06:00:00,-37.7,39.3,0.0,18.373,988.0,1
700,18,2019-10-31 12:00:00,-36.2,40.3,0.0,18.373,990.0,1
700,19,2019-10-31 18:00:00,-34.5,41.0,0.0,18.373,992.0,1
701,1,2019-11-19 12:00:00,-58.5,19.9,0.0,18.373,1004.0,1
701,2,2019-11-19 18:00:00,-59.4,20.3,0.0,18.373,1004.0,1
701,3,2019-11-20 00:00:00,-60.3,20.4,0.0,18.373,1002.0,1
701,4,2019-11-20 06:00:00,-61.0,20.5,0.0,20.6696,1000.0,1
701,5,2019-11-20 12:00:00,-61.7,20.8,0.0,20.6696,999.0,1
701,6,2019-11-20 18:00:00,-61.7,21.3,0.0,20.6696,999.0,1
701,7,2019-11-21 00:00:00,-61.7,21.9,0.0,22.9662,996.0,1
701,8,2019-11-21 06:00:00,-61.4,22.4,0.0,22.9662,996.0,1
701,9,2019-11-21 12:00:00,-60.9,22.9,0.0,22.9662,996.0,1
701,10,2019-11-21 18:00:00,-60.1,23.5,0.0,22.9662,996.0,1
701,11,2019-11-22 00:00:00,-58.8,24.2,0.0,22.9662,996.0,1
701,12,2019-11-22 06:00:00,-57.3,24.5,0.0,22.9662,996.0,1
701,13,2019-11-22 12:00:00,-55.8,25.0,0.0,22.9662,996.0,1
701,14,2019-11-22 18:00:00,-54.4,25.8,0.0,25.2629,994.0,1
701,15,2019-11-23 00:00:00,-52.6,26.7,0.0,27.5595,991.0,1
701,16,2019-11-23 06:00:00,-50.5,28.1,0.0,27.5595,991.0,1
701,17,2019-11-23 12:00:00,-48.4,29.6,0.0,25.2629,994.0,1
701,18,2019-11-23 18:00:00,-46.4,31.5,0.0,25.2629,994.0,1
701,19,2019-11-24 00:00:00,-44.4,33.5,0.0,25.2629,994.0,1
701,20,2019-11-24 06:00:00,-41.7,35.2,0.0,25.2629,994.0,1
701,21,2019-11-24 12:00:00,-38.5,36.6,0.0,25.2629,994.0,1
701,22,2019-11-24 18:00:00,-34.7,38.2,0.0,25.2629,994.0,1
701,23,2019-11-25 00:00:00,-30.9,40.0,0.0,25.2629,992.0,1
701,24,2019-11-25 06:00:00,-26.7,41.9,0.0,27.5595,988.0,1
701,25,2019-11-25 12:00:00,-22.0,44.0,0.0,27.5595,982.0,1
701,26,2019-11-25 18:00:00,-16.3,46.4,0.0,27.5595,978.0,1
701,27,2019-11-26 00:00:00,-12.2,48.8,0.0,25.2629,974.0,1
701,28,2019-11-26 06:00:00,-9.3,51.3,0.0,22.9662,972.0,1
701,29,2019-11-26 12:00:00,-9.3,52.2,0.0,20.6696,970.0,1
701,30,2019-11-26 18:00:00,-8.9,52.2,0.0,18.373,972.0,1
701,31,2019-11-27 00:00:00,-8.2,51.8,0.0,18.373,974.0,1
701,32,2019-11-27 06:00:00,-6.0,51.4,0.0,18.373,976.0,1
701,33,2019-11-27 12:00:00,-2.1,51.3,0.0,18.373,980.0,1
702,1,2020-05-17 18:00:00,-77.3,31.0,0.0,18.373,1003.0,1
702,2,2020-05-18 00:00:00,-77.0,31.9,0.0,18.373,1003.0,1
702,3,2020-05-18 06:00:00,-76.7,33.1,0.0,18.373,1002.0,1
702,4,2020-05-18 12:00:00,-75.9,34.4,0.0,20.6696,1000.0,1
702,5,2020-05-18 18:00:00,-74.7,35.5,0.0,20.6696,993.0,1
702,6,2020-05-19 00:00:00,-73.1,36.2,0.0,22.9662,991.0,1
702,7,2020-05-19 06:00:00,-71.4,36.8,0.0,22.9662,990.0,1
702,8,2020-05-19 12:00:00,-69.5,37.0,0.0,25.2629,989.0,1
702,9,2020-05-19 18:00:00,-67.8,36.9,0.0,22.9662,991.0,1
702,10,2020-05-20 00:00:00,-66.8,36.2,0.0,22.9662,993.0,1
702,11,2020-05-20 06:00:00,-66.0,35.5,0.0,22.9662,997.0,1
702,12,2020-05-20 12:00:00,-65.6,34.6,0.0,22.9662,1002.0,1
702,13,2020-05-20 18:00:00,-65.3,33.7,0.0,20.6696,1006.0,1
702,14,2020-05-21 00:00:00,-65.0,32.8,0.0,18.373,1008.0,1
703,1,2020-05-27 06:00:00,-78.8,31.5,0.0,18.373,1006.0,1
703,2,2020-05-27 12:00:00,-79.5,32.6,0.0,20.6696,1005.0,1
704,1,2020-06-02 18:00:00,-92.6,19.2,0.0,18.373,1001.0,1
704,2,2020-06-03 00:00:00,-92.5,19.0,0.0,20.6696,996.0,1
704,3,2020-06-03 06:00:00,-92.3,18.9,0.0,22.9662,994.0,1
704,4,2020-06-03 12:00:00,-92.2,18.8,0.0,22.9662,993.0,1
704,5,2020-06-03 18:00:00,-91.9,18.5,0.0,20.6696,994.0,1
704,6,2020-06-04 00:00:00,-91.7,18.2,0.0,18.373,995.0,1
704,7,2020-06-05 12:00:00,-89.9,19.6,0.0,18.373,997.0,1
704,8,2020-06-05 18:00:00,-89.9,20.8,0.0,20.6696,997.0,1
704,9,2020-06-06 00:00:00,-90.0,22.0,0.0,22.9662,996.0,1
704,10,2020-06-06 06:00:00,-90.1,23.0,0.0,22.9662,994.0,1
704,11,2020-06-06 12:00:00,-90.2,23.9,0.0,20.6696,992.0,1
704,12,2020-06-06 18:00:00,-90.2,24.8,0.0,20.6696,992.0,1
704,13,2020-06-07 00:00:00,-90.1,25.8,0.0,20.6696,992.0,1
704,14,2020-06-07 06:00:00,-90.0,26.9,0.0,20.6696,992.0,1
704,15,2020-06-07 12:00:00,-89.9,28.0,0.0,20.6696,991.0,1
704,16,2020-06-07 18:00:00,-89.8,29.0,0.0,20.6696,990.0,1
704,17,2020-06-08 00:00:00,-89.9,29.8,0.0,20.6696,990.0,1
705,1,2020-06-23 12:00:00,-62.7,39.4,0.0,18.373,1000.0,1
705,2,2020-06-23 18:00:00,-61.6,39.8,0.0,18.373,1000.0,1
706,1,2020-07-06 12:00:00,-51.7,39.9,0.0,18.373,1006.0,1
706,2,2020-07-06 18:00:00,-47.8,41.7,0.0,18.373,1005.0,1
706,3,2020-07-07 00:00:00,-44.1,43.6,0.0,18.373,1005.0,1
706,4,2020-07-07 06:00:00,-40.3,45.5,0.0,18.373,1006.0,1
706,5,2020-07-07 12:00:00,-36.6,47.6,0.0,18.373,1006.0,1
706,6,2020-07-07 18:00:00,-32.5,49.5,0.0,18.373,1006.0,1
707,1,2020-07-09 18:00:00,-74.9,35.4,0.0,18.373,1006.0,1
707,2,2020-07-10 00:00:00,-74.8,36.0,0.0,18.373,1005.0,1
707,3,2020-07-10 06:00:00,-74.8,36.8,0.0,20.6696,1004.0,1
707,4,2020-07-10 12:00:00,-74.7,37.7,0.0,22.9662,998.0,1
707,5,2020-07-10 18:00:00,-74.4,38.9,0.0,22.9662,998.0,1
708,1,2020-07-22 12:00:00,-43.0,9.9,0.0,18.373,1003.0,1
708,2,2020-07-22 18:00:00,-44.2,9.9,0.0,20.6696,1000.0,1
708,3,2020-07-23 00:00:00,-45.4,9.9,0.0,22.9662,998.0,1
708,4,2020-07-23 06:00:00,-46.6,9.7,0.0,25.2629,997.0,1
708,5,2020-07-23 12:00:00,-47.6,9.7,0.0,25.2629,997.0,1
708,6,2020-07-23 18:00:00,-48.8,9.7,0.0,22.9662,1000.0,1
708,7,2020-07-24 00:00:00,-50.2,9.8,0.0,22.9662,1000.0,1
708,8,2020-07-24 06:00:00,-51.6,9.9,0.0,22.9662,1001.0,1
708,9,2020-07-24 12:00:00,-53.3,9.9,0.0,20.6696,1003.0,1
709,1,2020-07-24 06:00:00,-92.0,26.6,0.0,18.373,1001.0,1
709,2,2020-07-24 12:00:00,-92.8,27.1,0.0,20.6696,1000.0,1
709,3,2020-07-24 18:00:00,-93.7,27.2,0.0,22.9662,997.0,1
709,4,2020-07-25 00:00:00,-94.5,27.1,0.0,25.2629,993.0,1
709,5,2020-07-25 06:00:00,-95.3,27.1,0.0,27.5595,988.0,1
709,6,2020-07-25 12:00:00,-96.0,27.1,0.0,32.1527,981.0,1
709,7,2020-07-25 18:00:00,-96.8,26.9,0.0,36.746,973.0,1
709,8,2020-07-26 00:00:00,-97.6,26.7,0.0,34.4494,976.0,1
709,9,2020-07-26 06:00:00,-98.5,26.5,0.0,25.2629,987.0,1
709,10,2020-07-26 12:00:00,-99.3,26.2,0.0,18.373,996.0,1
710,1,2020-07-29 00:00:00,-58.3,14.1,0.0,18.373,1005.0,1
710,2,2020-07-29 06:00:00,-60.3,14.8,0.0,18.373,1005.0,1
710,3,2020-07-29 12:00:00,-62.2,15.2,0.0,18.373,1005.0,1
710,4,2020-07-29 18:00:00,-64.0,15.3,0.0,18.373,1005.0,1
710,5,2020-07-30 00:00:00,-65.7,15.8,0.0,20.6696,1004.0,1
710,6,2020-07-30 06:00:00,-67.2,16.7,0.0,22.9662,1003.0,1
710,7,2020-07-30 12:00:00,-68.5,17.7,0.0,25.2629,1002.0,1
710,8,2020-07-30 18:00:00,-69.8,18.9,0.0,27.5595,999.0,1
710,9,2020-07-31 00:00:00,-71.2,19.9,0.0,29.8561,996.0,1
710,10,2020-07-31 06:00:00,-72.7,20.5,0.0,32.1527,990.0,1
710,11,2020-07-31 12:00:00,-74.0,21.3,0.0,29.8561,992.0,1
710,12,2020-07-31 18:00:00,-75.1,22.1,0.0,32.1527,990.0,1
710,13,2020-08-01 00:00:00,-75.9,22.9,0.0,34.4494,987.0,1
710,14,2020-08-01 06:00:00,-76.7,23.6,0.0,34.4494,987.0,1
710,15,2020-08-01 12:00:00,-77.5,24.3,0.0,32.1527,987.0,1
710,16,2020-08-01 18:00:00,-78.3,24.8,0.0,27.5595,993.0,1
710,17,2020-08-02 00:00:00,-78.9,25.3,0.0,27.5595,995.0,1
710,18,2020-08-02 06:00:00,-79.2,25.9,0.0,25.2629,996.0,1
710,19,2020-08-02 12:00:00,-79.5,26.6,0.0,25.2629,995.0,1
710,20,2020-08-02 18:00:00,-79.6,27.4,0.0,27.5595,995.0,1
710,21,2020-08-03 00:00:00,-79.7,28.2,0.0,27.5595,995.0,1
710,22,2020-08-03 06:00:00,-79.9,29.1,0.0,27.5595,995.0,1
710,23,2020-08-03 12:00:00,-80.0,30.1,0.0,27.5595,995.0,1
710,24,2020-08-03 18:00:00,-79.7,31.2,0.0,29.8561,991.0,1
710,25,2020-08-04 00:00:00,-79.1,32.8,0.0,36.746,986.0,1
710,26,2020-08-04 06:00:00,-78.1,35.0,0.0,27.5595,992.0,1
710,27,2020-08-04 12:00:00,-76.8,37.7,0.0,27.5595,993.0,1
710,28,2020-08-04 18:00:00,-75.1,40.9,0.0,25.2629,994.0,1
710,29,2020-08-05 00:00:00,-73.1,44.0,0.0,20.6696,998.0,1
711,1,2020-08-13 12:00:00,-48.6,13.4,0.0,18.373,1005.0,1
711,2,2020-08-13 18:00:00,-50.0,14.0,0.0,18.373,1005.0,1
711,3,2020-08-14 18:00:00,-55.6,17.4,0.0,18.373,1004.0,1
711,4,2020-08-15 00:00:00,-56.9,18.0,0.0,18.373,1004.0,1
711,5,2020-08-15 06:00:00,-58.3,18.4,0.0,18.373,1005.0,1
712,1,2020-08-15 00:00:00,-71.0,38.0,0.0,18.373,1005.0,1
712,2,2020-08-15 06:00:00,-69.1,38.4,0.0,20.6696,1003.0,1
712,3,2020-08-15 12:00:00,-66.7,38.8,0.0,20.6696,1000.0,1
712,4,2020-08-15 18:00:00,-64.2,39.3,0.0,18.373,1001.0,1
713,1,2020-08-21 12:00:00,-59.4,17.0,0.0,18.373,1008.0,1
713,2,2020-08-21 18:00:00,-61.1,17.1,0.0,18.373,1007.0,1
713,3,2020-08-22 00:00:00,-62.8,17.1,0.0,18.373,1007.0,1
713,4,2020-08-22 06:00:00,-64.4,17.4,0.0,18.373,1007.0,1
713,5,2020-08-22 12:00:00,-65.9,17.7,0.0,20.6696,1006.0,1
713,6,2020-08-22 18:00:00,-67.4,17.9,0.0,20.6696,1004.0,1
713,7,2020-08-23 00:00:00,-68.8,18.2,0.0,20.6696,1004.0,1
713,8,2020-08-23 06:00:00,-70.3,18.5,0.0,20.6696,1004.0,1
713,9,2020-08-23 12:00:00,-72.3,18.8,0.0,20.6696,1004.0,1
713,10,2020-08-23 18:00:00,-74.3,19.4,0.0,25.2629,1002.0,1
713,11,2020-08-24 00:00:00,-76.0,19.8,0.0,25.2629,1000.0,1
713,12,2020-08-24 06:00:00,-77.8,20.2,0.0,22.9662,1000.0,1
713,13,2020-08-24 12:00:00,-79.7,20.8,0.0,22.9662,1002.0,1
713,14,2020-08-24 18:00:00,-81.5,21.5,0.0,22.9662,1001.0,1
713,15,2020-08-25 00:00:00,-83.3,22.3,0.0,25.2629,998.0,1
713,16,2020-08-25 06:00:00,-84.8,22.8,0.0,27.5595,995.0,1
713,17,2020-08-25 12:00:00,-86.2,23.4,0.0,29.8561,990.0,1
713,18,2020-08-25 18:00:00,-87.5,24.1,0.0,32.1527,990.0,1
713,19,2020-08-26 00:00:00,-88.9,24.9,0.0,34.4494,983.0,1
713,20,2020-08-26 06:00:00,-90.2,25.6,0.0,41.3392,978.0,1
713,21,2020-08-26 12:00:00,-91.4,26.4,0.0,45.9325,963.0,1
713,22,2020-08-26 18:00:00,-92.5,27.3,0.0,55.119,952.0,1
713,23,2020-08-27 00:00:00,-93.0,28.5,0.0,59.7122,937.0,1
713,24,2020-08-27 06:00:00,-93.3,29.8,0.0,59.7122,939.0,1
713,25,2020-08-27 12:00:00,-93.3,31.2,0.0,39.0426,970.0,1
713,26,2020-08-27 18:00:00,-92.9,32.8,0.0,25.2629,988.0,1
714,1,2020-08-22 06:00:00,-85.1,19.2,0.0,18.373,1004.0,1
714,2,2020-08-22 12:00:00,-85.2,20.3,0.0,25.2629,993.0,1
714,3,2020-08-22 18:00:00,-85.5,21.3,0.0,25.2629,992.0,1
714,4,2020-08-23 00:00:00,-86.1,22.2,0.0,25.2629,994.0,1
714,5,2020-08-23 06:00:00,-86.7,23.2,0.0,27.5595,994.0,1
714,6,2020-08-23 12:00:00,-87.2,24.3,0.0,29.8561,991.0,1
714,7,2020-08-23 18:00:00,-87.4,25.3,0.0,29.8561,992.0,1
714,8,2020-08-24 00:00:00,-87.6,26.4,0.0,25.2629,997.0,1
714,9,2020-08-24 06:00:00,-87.9,27.3,0.0,22.9662,1003.0,1
714,10,2020-08-24 12:00:00,-88.3,28.1,0.0,20.6696,1006.0,1
714,11,2020-08-24 18:00:00,-88.6,28.7,0.0,18.373,1007.0,1
715,1,2020-09-01 12:00:00,-76.8,16.3,0.0,18.373,1004.0,1
715,2,2020-09-01 18:00:00,-78.4,16.7,0.0,22.9662,1002.0,1
715,3,2020-09-02 00:00:00,-80.1,17.0,0.0,22.9662,1000.0,1
715,4,2020-09-02 06:00:00,-81.9,17.0,0.0,22.9662,998.0,1
715,5,2020-09-02 12:00:00,-83.7,17.1,0.0,22.9662,998.0,1
715,6,2020-09-02 18:00:00,-85.3,17.1,0.0,22.9662,998.0,1
715,7,2020-09-03 00:00:00,-86.8,17.0,0.0,27.5595,994.0,1
715,8,2020-09-03 06:00:00,-88.3,16.8,0.0,29.8561,994.0,1
715,9,2020-09-03 12:00:00,-89.6,16.4,0.0,20.6696,1001.0,1
716,1,2020-09-10 12:00:00,-35.3,18.4,0.0,18.373,1002.0,1
716,2,2020-09-10 18:00:00,-36.3,18.8,0.0,18.373,1002.0,1
717,1,2020-09-08 00:00:00,-42.4,17.6,0.0,18.373,1004.0,1
717,2,2020-09-08 06:00:00,-42.6,17.9,0.0,20.6696,1000.0,1
717,3,2020-09-08 12:00:00,-43.0,18.3,0.0,22.9662,997.0,1
717,4,2020-09-08 18:00:00,-43.7,18.6,0.0,22.9662,997.0,1
717,5,2020-09-09 00:00:00,-44.5,18.9,0.0,22.9662,997.0,1
717,6,2020-09-09 06:00:00,-45.2,19.2,0.0,22.9662,997.0,1
717,7,2020-09-09 12:00:00,-46.0,19.6,0.0,22.9662,996.0,1
717,8,2020-09-09 18:00:00,-46.8,20.0,0.0,22.9662,996.0,1
717,9,2020-09-10 00:00:00,-47.6,20.4,0.0,22.9662,996.0,1
717,10,2020-09-10 06:00:00,-48.3,20.8,0.0,22.9662,996.0,1
717,11,2020-09-10 12:00:00,-48.9,21.3,0.0,20.6696,998.0,1
717,12,2020-09-10 18:00:00,-49.6,21.8,0.0,20.6696,998.0,1
717,13,2020-09-11 00:00:00,-50.3,22.3,0.0,22.9662,994.0,1
717,14,2020-09-11 06:00:00,-51.1,22.8,0.0,25.2629,991.0,1
717,15,2020-09-11 12:00:00,-52.1,23.4,0.0,25.2629,990.0,1
717,16,2020-09-11 18:00:00,-53.1,24.3,0.0,25.2629,989.0,1
717,17,2020-09-12 00:00:00,-54.3,25.4,0.0,27.5595,987.0,1
717,18,2020-09-12 06:00:00,-55.6,26.4,0.0,27.5595,986.0,1
717,19,2020-09-12 12:00:00,-56.7,27.3,0.0,27.5595,985.0,1
717,20,2020-09-12 18:00:00,-57.8,28.0,0.0,27.5595,984.0,1
717,21,2020-09-13 00:00:00,-59.1,28.6,0.0,29.8561,981.0,1
717,22,2020-09-13 06:00:00,-60.3,29.1,0.0,29.8561,980.0,1
717,23,2020-09-13 12:00:00,-61.4,29.6,0.0,32.1527,976.0,1
717,24,2020-09-13 18:00:00,-62.6,30.2,0.0,34.4494,974.0,1
717,25,2020-09-14 00:00:00,-63.6,30.9,0.0,34.4494,974.0,1
717,26,2020-09-14 06:00:00,-64.4,31.8,0.0,36.746,973.0,1
717,27,2020-09-14 12:00:00,-64.9,32.9,0.0,39.0426,968.0,1
717,28,2020-09-14 18:00:00,-64.4,33.9,0.0,41.3392,965.0,1
717,29,2020-09-15 00:00:00,-63.3,35.1,0.0,41.3392,965.0,1
717,30,2020-09-15 06:00:00,-62.0,36.3,0.0,41.3392,965.0,1
717,31,2020-09-15 12:00:00,-59.5,37.6,0.0,41.3392,965.0,1
717,32,2020-09-15 18:00:00,-56.7,38.7,0.0,39.0426,966.0,1
717,33,2020-09-16 00:00:00,-54.0,40.0,0.0,39.0426,966.0,1
717,34,2020-09-16 06:00:00,-50.8,41.2,0.0,36.746,968.0,1
717,35,2020-09-16 12:00:00,-46.9,42.6,0.0,34.4494,973.0,1
717,36,2020-09-16 18:00:00,-43.1,44.3,0.0,32.1527,974.0,1
717,37,2020-09-17 00:00:00,-39.3,45.9,0.0,29.8561,975.0,1
717,38,2020-09-17 06:00:00,-36.5,47.0,0.0,27.5595,977.0,1
717,39,2020-09-17 12:00:00,-34.5,47.0,0.0,25.2629,979.0,1
717,40,2020-09-17 18:00:00,-33.0,46.6,0.0,22.9662,982.0,1
717,41,2020-09-18 00:00:00,-31.8,46.0,0.0,20.6696,986.0,1
717,42,2020-09-18 06:00:00,-31.4,44.6,0.0,20.6696,989.0,1
717,43,2020-09-18 12:00:00,-31.3,42.8,0.0,18.373,997.0,1
717,44,2020-09-18 18:00:00,-31.2,41.0,0.0,18.373,999.0,1
717,45,2020-09-19 00:00:00,-31.1,39.1,0.0,18.373,1002.0,1
717,46,2020-09-19 06:00:00,-31.1,37.7,0.0,18.373,1002.0,1
717,47,2020-09-19 12:00:00,-30.5,36.5,0.0,18.373,1006.0,1
717,48,2020-09-21 18:00:00,-28.1,33.3,0.0,18.373,1008.0,1
717,49,2020-09-22 00:00:00,-26.3,33.8,0.0,22.9662,1004.0,1
717,50,2020-09-22 06:00:00,-24.6,34.5,0.0,22.9662,1002.0,1
717,51,2020-09-22 12:00:00,-23.1,34.8,0.0,18.373,1004.0,1
717,52,2020-09-23 06:00:00,-19.2,35.0,0.0,18.373,1006.0,1
717,53,2020-09-23 12:00:00,-18.1,35.6,0.0,20.6696,1003.0,1
717,54,2020-09-23 18:00:00,-17.2,36.2,0.0,20.6696,1003.0,1
717,55,2020-09-24 00:00:00,-16.7,36.2,0.0,18.373,1008.0,1
718,1,2020-09-14 18:00:00,-43.4,12.9,0.0,18.373,1003.0,1
718,2,2020-09-15 00:00:00,-44.5,13.0,0.0,20.6696,1002.0,1
718,3,2020-09-15 06:00:00,-45.5,13.4,0.0,22.9662,1001.0,1
718,4,2020-09-15 12:00:00,-46.6,13.8,0.0,25.2629,999.0,1
718,5,2020-09-15 18:00:00,-47.4,14.2,0.0,25.2629,997.0,1
718,6,2020-09-16 00:00:00,-48.0,14.7,0.0,29.8561,987.0,1
718,7,2020-09-16 06:00:00,-48.6,15.4,0.0,36.746,978.0,1
718,8,2020-09-16 12:00:00,-49.3,16.1,0.0,39.0426,972.0,1
718,9,2020-09-16 18:00:00,-50.2,16.8,0.0,39.0426,972.0,1
718,10,2020-09-17 00:00:00,-51.1,17.4,0.0,39.0426,970.0,1
718,11,2020-09-17 06:00:00,-52.0,18.1,0.0,41.3392,966.0,1
718,12,2020-09-17 12:00:00,-52.8,18.9,0.0,45.9325,960.0,1
718,13,2020-09-17 18:00:00,-53.7,19.7,0.0,52.8224,948.0,1
718,14,2020-09-18 00:00:00,-54.4,20.4,0.0,55.119,945.0,1
718,15,2020-09-18 06:00:00,-55.1,21.1,0.0,52.8224,946.0,1
718,16,2020-09-18 12:00:00,-55.8,21.7,0.0,50.5258,947.0,1
718,17,2020-09-18 18:00:00,-56.5,22.5,0.0,48.2291,949.0,1
718,18,2020-09-19 00:00:00,-57.2,23.5,0.0,48.2291,945.0,1
718,19,2020-09-19 06:00:00,-57.9,24.4,0.0,45.9325,947.0,1
718,20,2020-09-19 12:00:00,-58.7,25.4,0.0,45.9325,950.0,1
718,21,2020-09-19 18:00:00,-59.7,26.2,0.0,45.9325,953.0,1
718,22,2020-09-20 00:00:00,-60.8,26.9,0.0,43.6359,956.0,1
718,23,2020-09-20 06:00:00,-61.9,27.5,0.0,41.3392,958.0,1
718,24,2020-09-20 12:00:00,-62.6,28.0,0.0,39.0426,963.0,1
718,25,2020-09-20 18:00:00,-63.3,28.5,0.0,36.746,964.0,1
718,26,2020-09-21 00:00:00,-63.7,29.0,0.0,36.746,963.0,1
718,27,2020-09-21 06:00:00,-63.5,29.7,0.0,36.746,962.0,1
718,28,2020-09-21 12:00:00,-62.9,30.5,0.0,36.746,960.0,1
718,29,2020-09-21 18:00:00,-61.8,32.2,0.0,36.746,958.0,1
718,30,2020-09-22 00:00:00,-61.4,34.6,0.0,39.0426,956.0,1
718,31,2020-09-22 06:00:00,-62.1,37.6,0.0,41.3392,952.0,1
718,32,2020-09-22 12:00:00,-63.5,39.1,0.0,41.3392,949.0,1
718,33,2020-09-22 18:00:00,-64.2,40.3,0.0,36.746,952.0,1
718,34,2020-09-23 00:00:00,-64.2,41.8,0.0,29.8561,954.0,1
718,35,2020-09-23 06:00:00,-63.3,43.2,0.0,27.5595,957.0,1
718,36,2020-09-23 12:00:00,-62.1,45.0,0.0,25.2629,964.0,1
718,37,2020-09-23 18:00:00,-60.4,47.4,0.0,22.9662,974.0,1
718,38,2020-09-24 00:00:00,-58.2,49.7,0.0,20.6696,975.0,1
718,39,2020-09-24 06:00:00,-55.8,52.8,0.0,18.373,977.0,1
719,1,2020-09-13 06:00:00,-83.5,26.7,0.0,20.6696,1001.0,1
719,2,2020-09-13 12:00:00,-84.5,27.2,0.0,22.9662,996.0,1
719,3,2020-09-13 18:00:00,-85.4,27.6,0.0,22.9662,996.0,1
719,4,2020-09-14 00:00:00,-86.0,27.9,0.0,22.9662,996.0,1
719,5,2020-09-14 06:00:00,-86.5,28.2,0.0,25.2629,996.0,1
719,6,2020-09-14 12:00:00,-86.9,28.4,0.0,29.8561,991.0,1
719,7,2020-09-14 18:00:00,-87.3,28.6,0.0,34.4494,986.0,1
719,8,2020-09-15 00:00:00,-87.7,28.7,0.0,34.4494,986.0,1
719,9,2020-09-15 06:00:00,-88.0,28.8,0.0,32.1527,984.0,1
719,10,2020-09-15 12:00:00,-88.1,29.0,0.0,32.1527,982.0,1
719,11,2020-09-15 18:00:00,-88.1,29.3,0.0,32.1527,981.0,1
719,12,2020-09-16 00:00:00,-88.0,29.6,0.0,34.4494,975.0,1
719,13,2020-09-16 06:00:00,-87.9,29.9,0.0,43.6359,967.0,1
719,14,2020-09-16 12:00:00,-87.6,30.5,0.0,39.0426,967.0,1
719,15,2020-09-16 18:00:00,-87.2,31.1,0.0,27.5595,982.0,1
720,1,2020-09-14 12:00:00,-28.6,18.5,0.0,18.373,1003.0,1
720,2,2020-09-14 18:00:00,-29.1,19.0,0.0,20.6696,1002.0,1
720,3,2020-09-15 00:00:00,-29.6,19.5,0.0,20.6696,1002.0,1
720,4,2020-09-15 06:00:00,-30.1,20.0,0.0,20.6696,1002.0,1
720,5,2020-09-15 12:00:00,-30.8,20.5,0.0,20.6696,1001.0,1
720,6,2020-09-15 18:00:00,-31.6,21.0,0.0,20.6696,1001.0,1
720,7,2020-09-16 00:00:00,-32.6,21.4,0.0,20.6696,1004.0,1
720,8,2020-09-16 06:00:00,-33.5,21.5,0.0,18.373,1005.0,1
721,1,2020-09-14 12:00:00,-22.0,47.2,0.0,18.373,1002.0,1
721,2,2020-09-14 18:00:00,-22.2,47.2,0.0,22.9662,996.0,1
721,3,2020-09-15 00:00:00,-22.4,47.0,0.0,27.5595,992.0,1
721,4,2020-09-15 06:00:00,-22.5,46.0,0.0,27.5595,994.0,1
721,5,2020-09-15 12:00:00,-22.1,45.0,0.0,22.9662,996.0,1
721,6,2020-09-15 18:00:00,-21.4,43.9,0.0,20.6696,998.0,1
721,7,2020-09-16 00:00:00,-20.5,42.9,0.0,18.373,1000.0,1
721,8,2020-09-16 06:00:00,-19.8,41.9,0.0,18.373,1000.0,1
721,9,2020-09-16 12:00:00,-19.5,40.9,0.0,18.373,1000.0,1
721,10,2020-09-16 18:00:00,-19.3,39.9,0.0,18.373,1000.0,1
721,11,2020-09-17 18:00:00,-15.6,36.7,0.0,18.373,999.0,1
721,12,2020-09-18 00:00:00,-13.1,36.7,0.0,20.6696,996.0,1
721,13,2020-09-18 06:00:00,-11.4,37.9,0.0,20.6696,996.0,1
721,14,2020-09-18 12:00:00,-10.3,38.9,0.0,20.6696,996.0,1
721,15,2020-09-18 18:00:00,-9.1,39.9,0.0,20.6696,996.0,1
721,16,2020-09-18 18:40:00,-8.9,40.0,0.0,20.6696,996.0,1
722,1,2020-09-18 18:00:00,-93.1,24.1,0.0,18.373,1003.0,1
722,2,2020-09-19 00:00:00,-92.3,25.2,0.0,22.9662,1000.0,1
722,3,2020-09-19 06:00:00,-92.3,25.8,0.0,22.9662,996.0,1
722,4,2020-09-19 12:00:00,-92.4,26.4,0.0,22.9662,994.0,1
722,5,2020-09-19 18:00:00,-92.2,26.6,0.0,22.9662,995.0,1
722,6,2020-09-20 00:00:00,-92.1,26.8,0.0,22.9662,997.0,1
722,7,2020-09-20 06:00:00,-92.5,26.9,0.0,22.9662,998.0,1
722,8,2020-09-20 12:00:00,-92.8,27.1,0.0,22.9662,996.0,1
722,9,2020-09-20 18:00:00,-93.6,27.5,0.0,25.2629,996.0,1
722,10,2020-09-21 00:00:00,-94.1,27.5,0.0,22.9662,993.0,1
722,11,2020-09-21 06:00:00,-94.8,27.6,0.0,20.6696,995.0,1
722,12,2020-09-21 12:00:00,-95.5,27.8,0.0,20.6696,997.0,1
722,13,2020-09-21 18:00:00,-96.0,28.1,0.0,18.373,999.0,1
722,14,2020-09-22 00:00:00,-96.3,28.3,0.0,20.6696,998.0,1
722,15,2020-09-22 06:00:00,-96.6,28.6,0.0,18.373,999.0,1
723,1,2020-10-03 00:00:00,-85.8,18.8,0.0,18.373,998.0,1
723,2,2020-10-03 06:00:00,-86.6,19.2,0.0,20.6696,995.0,1
723,3,2020-10-03 12:00:00,-87.1,19.7,0.0,25.2629,986.0,1
723,4,2020-10-03 18:00:00,-87.5,20.4,0.0,27.5595,980.0,1
723,5,2020-10-04 00:00:00,-87.9,21.0,0.0,22.9662,991.0,1
723,6,2020-10-04 06:00:00,-88.2,21.8,0.0,20.6696,997.0,1
723,7,2020-10-04 12:00:00,-88.1,22.3,0.0,22.9662,995.0,1
723,8,2020-10-04 18:00:00,-87.7,22.7,0.0,25.2629,994.0,1
723,9,2020-10-05 00:00:00,-87.4,22.9,0.0,22.9662,998.0,1
723,10,2020-10-05 06:00:00,-87.4,22.8,0.0,20.6696,999.0,1
723,11,2020-10-05 12:00:00,-87.5,22.6,0.0,18.373,1001.0,1
724,1,2020-10-05 12:00:00,-78.4,16.4,0.0,18.373,1004.0,1
724,2,2020-10-05 18:00:00,-79.1,16.4,0.0,25.2629,985.0,1
724,3,2020-10-06 00:00:00,-79.8,16.6,0.0,29.8561,980.0,1
724,4,2020-10-06 06:00:00,-80.7,17.1,0.0,34.4494,973.0,1
724,5,2020-10-06 12:00:00,-82.0,17.8,0.0,45.9325,959.0,1
724,6,2020-10-06 18:00:00,-83.3,18.5,0.0,55.119,953.0,1
724,7,2020-10-07 00:00:00,-84.6,19.3,0.0,45.9325,962.0,1
724,8,2020-10-07 06:00:00,-85.9,20.1,0.0,41.3392,968.0,1
724,9,2020-10-07 12:00:00,-87.4,21.1,0.0,39.0426,973.0,1
724,10,2020-10-07 18:00:00,-88.8,21.7,0.0,34.4494,978.0,1
724,11,2020-10-08 00:00:00,-90.2,22.3,0.0,36.746,973.0,1
724,12,2020-10-08 06:00:00,-91.4,23.0,0.0,39.0426,973.0,1
724,13,2020-10-08 12:00:00,-92.4,23.7,0.0,41.3392,969.0,1
724,14,2020-10-08 18:00:00,-93.1,24.5,0.0,45.9325,960.0,1
724,15,2020-10-09 00:00:00,-93.5,25.3,0.0,48.2291,953.0,1
724,16,2020-10-09 06:00:00,-93.7,26.3,0.0,48.2291,953.0,1
724,17,2020-10-09 12:00:00,-93.8,27.5,0.0,45.9325,958.0,1
724,18,2020-10-09 18:00:00,-93.6,28.7,0.0,41.3392,966.0,1
724,19,2020-10-10 00:00:00,-92.9,30.1,0.0,34.4494,971.0,1
724,20,2020-10-10 06:00:00,-92.2,31.4,0.0,22.9662,985.0,1
725,1,2020-10-19 18:00:00,-55.4,25.3,0.0,18.373,998.0,1
725,2,2020-10-20 00:00:00,-55.2,25.2,0.0,18.373,998.0,1
725,3,2020-10-20 06:00:00,-54.9,25.5,0.0,20.6696,996.0,1
725,4,2020-10-20 12:00:00,-54.7,26.2,0.0,22.9662,994.0,1
725,5,2020-10-20 18:00:00,-55.3,27.3,0.0,25.2629,992.0,1
725,6,2020-10-21 00:00:00,-56.3,28.3,0.0,29.8561,987.0,1
725,7,2020-10-21 06:00:00,-57.7,28.7,0.0,34.4494,976.0,1
725,8,2020-10-21 12:00:00,-58.7,28.9,0.0,39.0426,968.0,1
725,9,2020-10-21 18:00:00,-59.6,29.3,0.0,45.9325,955.0,1
725,10,2020-10-22 00:00:00,-60.4,29.5,0.0,45.9325,952.0,1
725,11,2020-10-22 06:00:00,-60.9,30.2,0.0,41.3392,958.0,1
725,12,2020-10-22 12:00:00,-61.3,30.8,0.0,36.746,965.0,1
725,13,2020-10-22 18:00:00,-61.5,31.5,0.0,34.4494,968.0,1
725,14,2020-10-23 00:00:00,-61.6,32.2,0.0,34.4494,968.0,1
725,15,2020-10-23 06:00:00,-61.6,32.9,0.0,34.4494,968.0,1
725,16,2020-10-23 12:00:00,-61.6,33.7,0.0,34.4494,966.0,1
725,17,2020-10-23 18:00:00,-61.7,34.9,0.0,34.4494,964.0,1
725,18,2020-10-24 00:00:00,-62.0,36.1,0.0,34.4494,962.0,1
725,19,2020-10-24 06:00:00,-62.1,36.8,0.0,34.4494,957.0,1
725,20,2020-10-24 12:00:00,-61.3,37.4,0.0,34.4494,957.0,1
725,21,2020-10-24 18:00:00,-59.7,38.6,0.0,32.1527,960.0,1
725,22,2020-10-25 00:00:00,-57.6,40.3,0.0,29.8561,962.0,1
725,23,2020-10-25 06:00:00,-55.2,42.0,0.0,29.8561,963.0,1
725,24,2020-10-25 12:00:00,-51.8,43.3,0.0,29.8561,964.0,1
725,25,2020-10-25 18:00:00,-46.9,45.0,0.0,27.5595,966.0,1
725,26,2020-10-26 00:00:00,-41.2,47.2,0.0,27.5595,968.0,1
725,27,2020-10-26 06:00:00,-34.7,49.5,0.0,27.5595,969.0,1
725,28,2020-10-26 12:00:00,-28.5,52.1,0.0,27.5595,964.0,1
726,1,2020-10-25 06:00:00,-83.5,17.7,0.0,18.373,1004.0,1
726,2,2020-10-25 12:00:00,-83.6,17.8,0.0,20.6696,1003.0,1
726,3,2020-10-25 18:00:00,-83.7,18.0,0.0,22.9662,1000.0,1
726,4,2020-10-26 00:00:00,-83.8,18.2,0.0,25.2629,996.0,1
726,5,2020-10-26 06:00:00,-84.1,18.5,0.0,29.8561,993.0,1
726,6,2020-10-26 12:00:00,-84.8,18.9,0.0,29.8561,990.0,1
726,7,2020-10-26 18:00:00,-85.7,19.4,0.0,32.1527,984.0,1
726,8,2020-10-27 00:00:00,-86.6,19.9,0.0,32.1527,980.0,1
726,9,2020-10-27 06:00:00,-87.9,20.6,0.0,29.8561,981.0,1
726,10,2020-10-27 12:00:00,-89.0,21.3,0.0,27.5595,985.0,1
726,11,2020-10-27 18:00:00,-90.0,22.2,0.0,25.2629,988.0,1
726,12,2020-10-28 00:00:00,-90.8,23.2,0.0,25.2629,990.0,1
726,13,2020-10-28 06:00:00,-91.5,24.4,0.0,29.8561,984.0,1
726,14,2020-10-28 12:00:00,-91.7,26.0,0.0,36.746,978.0,1
726,15,2020-10-28 18:00:00,-91.1,28.0,0.0,43.6359,973.0,1
726,16,2020-10-29 00:00:00,-89.9,30.2,0.0,39.0426,973.0,1
726,17,2020-10-29 06:00:00,-87.5,32.8,0.0,27.5595,986.0,1
726,18,2020-10-29 12:00:00,-83.6,35.3,0.0,20.6696,990.0,1
726,19,2020-10-29 18:00:00,-78.2,37.8,0.0,20.6696,992.0,1
726,20,2020-10-30 00:00:00,-71.7,39.5,0.0,20.6696,993.0,1
727,1,2020-11-01 12:00:00,-76.7,14.9,0.0,18.373,1002.0,1
727,2,2020-11-01 18:00:00,-78.2,14.9,0.0,22.9662,992.0,1
727,3,2020-11-02 00:00:00,-79.4,14.9,0.0,27.5595,988.0,1
727,4,2020-11-02 06:00:00,-80.4,14.9,0.0,32.1527,982.0,1
727,5,2020-11-02 12:00:00,-81.2,14.8,0.0,41.3392,972.0,1
727,6,2020-11-02 18:00:00,-82.0,14.7,0.0,52.8224,948.0,1
727,7,2020-11-03 00:00:00,-82.5,14.3,0.0,59.7122,929.0,1
727,8,2020-11-03 06:00:00,-82.9,14.0,0.0,59.7122,922.0,1
727,9,2020-11-03 12:00:00,-83.1,13.6,0.0,57.4156,936.0,1
727,10,2020-11-03 18:00:00,-83.3,13.7,0.0,55.119,940.0,1
727,11,2020-11-04 00:00:00,-83.7,13.8,0.0,43.6359,965.0,1
727,12,2020-11-04 06:00:00,-84.3,13.8,0.0,32.1527,980.0,1
727,13,2020-11-04 12:00:00,-84.9,13.8,0.0,22.9662,993.0,1
727,14,2020-11-04 18:00:00,-85.4,13.9,0.0,18.373,998.0,1
727,15,2020-11-07 12:00:00,-83.2,19.1,0.0,20.6696,997.0,1
727,16,2020-11-07 18:00:00,-81.5,19.8,0.0,25.2629,994.0,1
727,17,2020-11-08 00:00:00,-80.2,20.4,0.0,25.2629,991.0,1
727,18,2020-11-08 06:00:00,-79.5,21.1,0.0,25.2629,991.0,1
727,19,2020-11-08 12:00:00,-79.0,22.2,0.0,22.9662,993.0,1
727,20,2020-11-08 18:00:00,-79.2,23.5,0.0,25.2629,993.0,1
727,21,2020-11-09 00:00:00,-80.1,24.5,0.0,25.2629,993.0,1
727,22,2020-11-09 06:00:00,-81.4,25.0,0.0,25.2629,992.0,1
727,23,2020-11-09 12:00:00,-82.9,24.9,0.0,22.9662,992.0,1
727,24,2020-11-09 18:00:00,-84.1,24.2,0.0,20.6696,995.0,1
727,25,2020-11-10 00:00:00,-85.0,23.4,0.0,20.6696,995.0,1
727,26,2020-11-10 06:00:00,-85.4,23.0,0.0,20.6696,995.0,1
727,27,2020-11-10 12:00:00,-85.3,22.6,0.0,22.9662,992.0,1
727,28,2020-11-10 18:00:00,-85.1,22.9,0.0,22.9662,992.0,1
727,29,2020-11-11 00:00:00,-84.6,23.5,0.0,25.2629,990.0,1
727,30,2020-11-11 06:00:00,-84.2,24.5,0.0,27.5595,987.0,1
727,31,2020-11-11 12:00:00,-83.9,25.8,0.0,29.8561,983.0,1
727,32,2020-11-11 18:00:00,-83.7,26.8,0.0,27.5595,990.0,1
727,33,2020-11-12 00:00:00,-83.5,27.9,0.0,25.2629,992.0,1
727,34,2020-11-12 06:00:00,-83.2,28.7,0.0,22.9662,994.0,1
727,35,2020-11-12 12:00:00,-82.5,29.7,0.0,18.373,1001.0,1
727,36,2020-11-13 00:00:00,-79.9,31.9,0.0,18.373,1004.0,1
727,37,2020-11-13 06:00:00,-78.0,32.7,0.0,18.373,1004.0,1
727,38,2020-11-13 12:00:00,-75.3,34.0,0.0,18.373,1004.0,1
727,39,2020-11-13 18:00:00,-72.5,35.1,0.0,18.373,1005.0,1
728,1,2020-11-09 18:00:00,-42.4,28.8,0.0,18.373,1003.0,1
728,2,2020-11-10 00:00:00,-41.0,28.8,0.0,22.9662,999.0,1
728,3,2020-11-10 06:00:00,-39.5,28.8,0.0,25.2629,994.0,1
728,4,2020-11-10 12:00:00,-38.0,28.9,0.0,27.5595,989.0,1
728,5,2020-11-10 18:00:00,-36.7,29.0,0.0,27.5595,987.0,1
728,6,2020-11-11 00:00:00,-35.8,29.2,0.0,25.2629,988.0,1
728,7,2020-11-11 06:00:00,-34.9,29.4,0.0,25.2629,988.0,1
728,8,2020-11-11 12:00:00,-33.8,29.6,0.0,25.2629,989.0,1
728,9,2020-11-11 18:00:00,-32.5,30.3,0.0,25.2629,989.0,1
728,10,2020-11-12 00:00:00,-31.9,31.1,0.0,27.5595,987.0,1
728,11,2020-11-12 06:00:00,-30.8,31.5,0.0,25.2629,988.0,1
728,12,2020-11-12 12:00:00,-29.4,31.5,0.0,25.2629,989.0,1
728,13,2020-11-12 18:00:00,-28.0,31.7,0.0,25.2629,990.0,1
728,14,2020-11-13 00:00:00,-26.7,31.9,0.0,22.9662,992.0,1
728,15,2020-11-13 06:00:00,-25.4,31.9,0.0,22.9662,993.0,1
728,16,2020-11-13 12:00:00,-24.2,31.9,0.0,20.6696,994.0,1
728,17,2020-11-13 18:00:00,-23.1,32.0,0.0,20.6696,996.0,1
728,18,2020-11-14 00:00:00,-22.1,32.0,0.0,18.373,997.0,1
729,1,2020-11-14 12:00:00,-75.7,12.9,0.0,18.373,1002.0,1
729,2,2020-11-14 18:00:00,-76.4,12.5,0.0,20.6696,997.0,1
729,3,2020-11-15 00:00:00,-76.7,12.6,0.0,25.2629,992.0,1
729,4,2020-11-15 06:00:00,-77.1,13.0,0.0,29.8561,988.0,1
729,5,2020-11-15 12:00:00,-78.0,13.1,0.0,32.1527,982.0,1
729,6,2020-11-15 18:00:00,-78.9,13.2,0.0,34.4494,974.0,1
729,7,2020-11-16 00:00:00,-79.8,13.2,0.0,41.3392,961.0,1
729,8,2020-11-16 06:00:00,-80.7,13.4,0.0,55.119,935.0,1
729,9,2020-11-16 12:00:00,-81.5,13.5,0.0,62.0089,917.0,1
729,10,2020-11-16 18:00:00,-82.3,13.5,0.0,59.7122,918.0,1
729,11,2020-11-17 00:00:00,-83.0,13.6,0.0,59.7122,918.0,1
729,12,2020-11-17 06:00:00,-83.8,13.7,0.0,50.5258,935.0,1
729,13,2020-11-17 12:00:00,-84.7,13.7,0.0,34.4494,965.0,1
729,14,2020-11-17 18:00:00,-85.7,13.7,0.0,25.2629,988.0,1
729,15,2020-11-18 00:00:00,-86.7,13.8,0.0,18.373,1000.0,1
730,1,2021-05-20 12:00:00,-53.0,33.0,0.0,18.373,1012.0,1
730,2,2021-05-20 18:00:00,-53.8,34.2,0.0,20.6696,1010.0,1
730,3,2021-05-21 00:00:00,-55.0,34.8,0.0,22.9662,1008.0,1
730,4,2021-05-21 06:00:00,-57.0,35.5,0.0,22.9662,1006.0,1
730,5,2021-05-21 12:00:00,-59.3,35.7,0.0,20.6696,1005.0,1
730,6,2021-05-21 18:00:00,-61.1,35.0,0.0,20.6696,1005.0,1
730,7,2021-05-22 00:00:00,-61.8,34.5,0.0,18.373,1006.0,1
730,8,2021-05-23 00:00:00,-61.8,34.7,0.0,18.373,1005.0,1
730,9,2021-05-23 06:00:00,-61.1,35.4,0.0,18.373,1004.0,1
731,1,2021-06-15 00:00:00,-70.8,36.0,0.0,18.373,1000.0,1
731,2,2021-06-15 06:00:00,-67.8,37.6,0.0,22.9662,996.0,1
731,3,2021-06-15 12:00:00,-64.0,39.4,0.0,25.2629,992.0,1
731,4,2021-06-15 18:00:00,-60.8,40.9,0.0,20.6696,997.0,1
732,1,2021-06-18 18:00:00,-91.1,27.2,0.0,18.373,1006.0,1
732,2,2021-06-19 00:00:00,-91.2,28.4,0.0,18.373,1005.0,1
732,3,2021-06-19 06:00:00,-90.8,29.5,0.0,18.373,1003.0,1
732,4,2021-06-21 06:00:00,-79.1,35.0,0.0,18.373,1006.0,1
732,5,2021-06-21 12:00:00,-76.5,36.0,0.0,18.373,1005.0,1
732,6,2021-06-21 18:00:00,-73.5,37.0,0.0,18.373,1004.0,1
732,7,2021-06-22 00:00:00,-70.7,38.4,0.0,18.373,1004.0,1
732,8,2021-06-22 06:00:00,-67.8,39.7,0.0,18.373,1004.0,1
732,9,2021-06-22 12:00:00,-65.2,41.2,0.0,18.373,1004.0,1
732,10,2021-06-22 18:00:00,-62.4,42.6,0.0,18.373,1004.0,1
733,1,2021-06-28 18:00:00,-79.5,32.0,0.0,18.373,1009.0,1
734,1,2021-07-01 12:00:00,-50.2,9.9,0.0,18.373,1005.0,1
734,2,2021-07-01 18:00:00,-52.6,10.7,0.0,20.6696,1004.0,1
734,3,2021-07-02 00:00:00,-55.0,11.5,0.0,22.9662,1002.0,1
734,4,2021-07-02 06:00:00,-57.3,12.3,0.0,25.2629,1000.0,1
734,5,2021-07-02 12:00:00,-59.8,13.0,0.0,29.8561,995.0,1
734,6,2021-07-02 18:00:00,-62.4,13.8,0.0,34.4494,991.0,1
734,7,2021-07-03 00:00:00,-65.1,14.7,0.0,32.1527,995.0,1
734,8,2021-07-03 06:00:00,-67.9,15.7,0.0,29.8561,998.0,1
734,9,2021-07-03 12:00:00,-70.3,16.6,0.0,27.5595,1000.0,1
734,10,2021-07-03 18:00:00,-72.5,17.2,0.0,27.5595,1002.0,1
734,11,2021-07-04 00:00:00,-74.4,17.6,0.0,25.2629,1004.0,1
734,12,2021-07-04 06:00:00,-75.5,18.0,0.0,25.2629,1006.0,1
734,13,2021-07-04 12:00:00,-76.5,18.5,0.0,22.9662,1007.0,1
734,14,2021-07-04 18:00:00,-77.6,19.3,0.0,22.9662,1007.0,1
734,15,2021-07-05 00:00:00,-78.6,20.1,0.0,25.2629,1005.0,1
734,16,2021-07-05 06:00:00,-79.6,20.7,0.0,25.2629,1005.0,1
734,17,2021-07-05 12:00:00,-80.7,21.3,0.0,25.2629,1005.0,1
734,18,2021-07-05 18:00:00,-81.5,22.1,0.0,25.2629,1005.0,1
734,19,2021-07-05 18:30:00,-81.6,22.2,0.0,25.2629,1005.0,1
734,20,2021-07-06 00:00:00,-82.0,22.9,0.0,22.9662,1005.0,1
734,21,2021-07-06 06:00:00,-82.4,23.7,0.0,22.9662,1005.0,1
734,22,2021-07-06 12:00:00,-82.7,24.6,0.0,25.2629,1003.0,1
734,23,2021-07-06 18:00:00,-82.9,25.5,0.0,27.5595,997.0,1
734,24,2021-07-07 00:00:00,-83.2,26.6,0.0,29.8561,996.0,1
734,25,2021-07-07 06:00:00,-83.5,27.8,0.0,25.2629,998.0,1
734,26,2021-07-07 12:00:00,-83.6,29.1,0.0,25.2629,999.0,1
734,27,2021-07-07 18:00:00,-83.4,30.3,0.0,20.6696,1002.0,1
734,28,2021-07-08 00:00:00,-82.7,31.5,0.0,20.6696,1005.0,1
734,29,2021-07-08 06:00:00,-81.8,32.8,0.0,18.373,1006.0,1
734,30,2021-07-08 12:00:00,-80.5,34.2,0.0,18.373,1006.0,1
734,31,2021-07-08 18:00:00,-79.0,35.5,0.0,20.6696,1004.0,1
734,32,2021-07-09 00:00:00,-77.4,36.8,0.0,20.6696,1003.0,1
734,33,2021-07-09 06:00:00,-75.5,38.4,0.0,22.9662,1001.0,1
734,34,2021-07-09 12:00:00,-73.1,40.3,0.0,22.9662,999.0,1
734,35,2021-07-09 18:00:00,-71.0,42.0,0.0,20.6696,999.0,1
734,36,2021-07-10 00:00:00,-68.3,44.0,0.0,18.373,997.0,1
735,1,2021-08-11 12:00:00,-69.0,18.0,0.0,18.373,1005.0,1
735,2,2021-08-15 18:00:00,-85.2,26.4,0.0,18.373,1005.0,1
735,3,2021-08-16 00:00:00,-85.8,27.0,0.0,22.9662,999.0,1
735,4,2021-08-16 06:00:00,-85.9,27.8,0.0,22.9662,996.0,1
735,5,2021-08-16 12:00:00,-85.7,28.7,0.0,22.9662,993.0,1
735,6,2021-08-16 18:00:00,-85.4,29.5,0.0,25.2629,991.0,1
735,7,2021-08-17 00:00:00,-85.4,30.6,0.0,20.6696,998.0,1
736,1,2021-08-17 06:00:00,-74.8,18.0,0.0,18.373,1006.0,1
736,2,2021-08-17 12:00:00,-76.1,18.2,0.0,20.6696,1005.0,1
736,3,2021-08-17 18:00:00,-77.4,18.3,0.0,22.9662,1003.0,1
736,4,2021-08-18 00:00:00,-78.6,18.3,0.0,22.9662,1000.0,1
736,5,2021-08-18 06:00:00,-80.1,18.7,0.0,25.2629,998.0,1
736,6,2021-08-18 12:00:00,-81.5,19.2,0.0,29.8561,993.0,1
736,7,2021-08-18 18:00:00,-83.0,19.6,0.0,32.1527,990.0,1
736,8,2021-08-19 00:00:00,-84.8,19.7,0.0,32.1527,988.0,1
736,9,2021-08-19 06:00:00,-86.4,19.9,0.0,32.1527,985.0,1
736,10,2021-08-19 12:00:00,-88.1,20.2,0.0,27.5595,994.0,1
736,11,2021-08-19 18:00:00,-89.5,20.5,0.0,20.6696,998.0,1
736,12,2021-08-20 00:00:00,-91.1,20.8,0.0,25.2629,994.0,1
736,13,2021-08-20 06:00:00,-92.6,20.7,0.0,27.5595,991.0,1
736,14,2021-08-20 12:00:00,-93.8,20.6,0.0,34.4494,982.0,1
736,15,2021-08-20 18:00:00,-94.7,20.6,0.0,39.0426,975.0,1
736,16,2021-08-21 00:00:00,-95.8,20.7,0.0,48.2291,967.0,1
736,17,2021-08-21 06:00:00,-97.2,20.6,0.0,45.9325,969.0,1
736,18,2021-08-21 12:00:00,-98.0,20.2,0.0,27.5595,988.0,1
737,1,2021-08-17 00:00:00,-63.1,30.8,0.0,18.373,1008.0,1
737,2,2021-08-17 06:00:00,-63.3,30.6,0.0,20.6696,1004.0,1
737,3,2021-08-17 12:00:00,-63.6,30.4,0.0,20.6696,1004.0,1
737,4,2021-08-17 18:00:00,-63.9,30.3,0.0,25.2629,1000.0,1
737,5,2021-08-18 00:00:00,-64.5,30.2,0.0,25.2629,998.0,1
737,6,2021-08-18 06:00:00,-65.3,30.1,0.0,25.2629,998.0,1
737,7,2021-08-18 12:00:00,-66.2,30.0,0.0,25.2629,998.0,1
737,8,2021-08-18 18:00:00,-67.1,29.9,0.0,27.5595,995.0,1
737,9,2021-08-19 00:00:00,-68.0,29.7,0.0,27.5595,995.0,1
737,10,2021-08-19 06:00:00,-69.0,29.5,0.0,27.5595,995.0,1
737,11,2021-08-19 12:00:00,-70.0,29.5,0.0,27.5595,995.0,1
737,12,2021-08-19 18:00:00,-71.0,29.6,0.0,25.2629,999.0,1
737,13,2021-08-20 00:00:00,-72.0,29.7,0.0,25.2629,997.0,1
737,14,2021-08-20 06:00:00,-72.9,29.9,0.0,25.2629,995.0,1
737,15,2021-08-20 12:00:00,-73.6,30.1,0.0,25.2629,995.0,1
737,16,2021-08-20 18:00:00,-73.8,30.8,0.0,27.5595,994.0,1
737,17,2021-08-21 00:00:00,-73.7,31.6,0.0,27.5595,993.0,1
737,18,2021-08-21 06:00:00,-73.4,32.5,0.0,27.5595,993.0,1
737,19,2021-08-21 12:00:00,-72.7,33.6,0.0,29.8561,991.0,1
737,20,2021-08-21 18:00:00,-71.8,35.4,0.0,29.8561,990.0,1
737,21,2021-08-22 00:00:00,-70.9,37.6,0.0,29.8561,988.0,1
737,22,2021-08-22 06:00:00,-71.0,39.4,0.0,29.8561,986.0,1
737,23,2021-08-22 12:00:00,-71.3,40.7,0.0,25.2629,986.0,1
737,24,2021-08-22 18:00:00,-72.0,41.5,0.0,18.373,991.0,1
738,1,2021-08-27 00:00:00,-80.2,18.3,0.0,18.373,1004.0,1
738,2,2021-08-27 06:00:00,-80.9,19.4,0.0,20.6696,1002.0,1
738,3,2021-08-27 12:00:00,-81.7,20.4,0.0,25.2629,996.0,1
738,4,2021-08-27 18:00:00,-82.6,21.5,0.0,32.1527,987.0,1
738,5,2021-08-28 00:00:00,-83.5,22.6,0.0,32.1527,989.0,1
738,6,2021-08-28 06:00:00,-84.7,23.5,0.0,32.1527,987.0,1
738,7,2021-08-28 12:00:00,-85.7,24.4,0.0,32.1527,986.0,1
738,8,2021-08-28 18:00:00,-86.6,25.6,0.0,36.746,976.0,1
738,9,2021-08-29 00:00:00,-87.6,26.7,0.0,41.3392,967.0,1
738,10,2021-08-29 06:00:00,-88.7,27.6,0.0,52.8224,950.0,1
738,11,2021-08-29 12:00:00,-89.6,28.5,0.0,59.7122,929.0,1
738,12,2021-08-29 18:00:00,-90.4,29.2,0.0,57.4156,932.0,1
738,13,2021-08-30 00:00:00,-90.6,29.9,0.0,48.2291,944.0,1
738,14,2021-08-30 06:00:00,-90.8,30.6,0.0,29.8561,978.0,1
738,15,2021-08-30 12:00:00,-90.9,31.5,0.0,18.373,992.0,1
738,16,2021-09-02 06:00:00,-72.8,40.6,0.0,18.373,997.0,1
738,17,2021-09-02 12:00:00,-69.7,41.4,0.0,18.373,997.0,1
738,18,2021-09-02 18:00:00,-67.2,43.3,0.0,18.373,996.0,1
738,19,2021-09-03 00:00:00,-64.7,45.4,0.0,18.373,995.0,1
738,20,2021-09-03 06:00:00,-63.6,46.6,0.0,20.6696,992.0,1
738,21,2021-09-03 12:00:00,-62.7,47.5,0.0,20.6696,991.0,1
738,22,2021-09-03 18:00:00,-62.4,48.6,0.0,20.6696,992.0,1
738,23,2021-09-04 00:00:00,-63.1,48.8,0.0,20.6696,992.0,1
738,24,2021-09-04 06:00:00,-63.9,48.7,0.0,18.373,992.0,1
739,1,2021-08-30 12:00:00,-50.8,21.3,0.0,18.373,1004.0,1
740,1,2021-08-29 12:00:00,-47.8,34.5,0.0,20.6696,997.0,1
740,2,2021-08-29 18:00:00,-45.7,35.9,0.0,22.9662,995.0,1
740,3,2021-08-30 00:00:00,-42.6,37.1,0.0,22.9662,994.0,1
740,4,2021-08-30 06:00:00,-40.0,38.9,0.0,22.9662,993.0,1
740,5,2021-08-30 12:00:00,-37.9,40.6,0.0,22.9662,993.0,1
740,6,2021-08-30 18:00:00,-36.0,42.5,0.0,20.6696,995.0,1
740,7,2021-08-31 00:00:00,-35.1,44.8,0.0,20.6696,997.0,1
740,8,2021-08-31 06:00:00,-34.5,47.5,0.0,20.6696,999.0,1
740,9,2021-08-31 12:00:00,-35.5,50.5,0.0,20.6696,1000.0,1
741,1,2021-09-01 06:00:00,-24.5,12.2,0.0,18.373,1004.0,1
741,2,2021-09-01 12:00:00,-26.5,12.4,0.0,20.6696,1003.0,1
741,3,2021-09-01 18:00:00,-28.4,12.5,0.0,25.2629,999.0,1
741,4,2021-09-02 00:00:00,-30.0,12.7,0.0,27.5595,996.0,1
741,5,2021-09-02 06:00:00,-31.6,13.0,0.0,29.8561,991.0,1
741,6,2021-09-02 12:00:00,-33.3,13.3,0.0,32.1527,987.0,1
741,7,2021-09-02 18:00:00,-35.0,13.6,0.0,32.1527,987.0,1
741,8,2021-09-03 00:00:00,-36.7,13.9,0.0,34.4494,985.0,1
741,9,2021-09-03 06:00:00,-38.4,14.1,0.0,36.746,983.0,1
741,10,2021-09-03 12:00:00,-40.0,14.4,0.0,36.746,980.0,1
741,11,2021-09-03 18:00:00,-41.4,14.7,0.0,41.3392,973.0,1
741,12,2021-09-04 00:00:00,-42.7,15.2,0.0,45.9325,964.0,1
741,13,2021-09-04 06:00:00,-44.0,15.8,0.0,50.5258,956.0,1
741,14,2021-09-04 12:00:00,-45.3,16.4,0.0,50.5258,956.0,1
741,15,2021-09-04 18:00:00,-46.5,17.0,0.0,48.2291,958.0,1
741,16,2021-09-05 00:00:00,-47.5,17.7,0.0,48.2291,958.0,1
741,17,2021-09-05 06:00:00,-48.5,18.4,0.0,48.2291,958.0,1
741,18,2021-09-05 12:00:00,-49.4,19.2,0.0,50.5258,953.0,1
741,19,2021-09-05 18:00:00,-50.3,20.0,0.0,50.5258,953.0,1
741,20,2021-09-06 00:00:00,-51.2,20.7,0.0,50.5258,953.0,1
741,21,2021-09-06 06:00:00,-52.0,21.2,0.0,48.2291,956.0,1
741,22,2021-09-06 12:00:00,-52.7,21.6,0.0,48.2291,956.0,1
741,23,2021-09-06 18:00:00,-53.5,22.1,0.0,48.2291,956.0,1
741,24,2021-09-07 00:00:00,-54.2,22.7,0.0,48.2291,956.0,1
741,25,2021-09-07 06:00:00,-54.8,23.3,0.0,45.9325,960.0,1
741,26,2021-09-07 12:00:00,-55.4,24.0,0.0,43.6359,963.0,1
741,27,2021-09-07 18:00:00,-56.0,24.7,0.0,43.6359,965.0,1
741,28,2021-09-08 00:00:00,-56.5,25.4,0.0,43.6359,966.0,1
741,29,2021-09-08 06:00:00,-57.1,26.2,0.0,43.6359,966.0,1
741,30,2021-09-08 12:00:00,-57.9,27.2,0.0,41.3392,966.0,1
741,31,2021-09-08 18:00:00,-58.9,28.2,0.0,41.3392,967.0,1
741,32,2021-09-09 00:00:00,-59.9,29.1,0.0,39.0426,968.0,1
741,33,2021-09-09 06:00:00,-60.8,30.1,0.0,36.746,968.0,1
741,34,2021-09-09 12:00:00,-61.5,31.3,0.0,36.746,966.0,1
741,35,2021-09-09 18:00:00,-62.1,32.8,0.0,36.746,966.0,1
741,36,2021-09-10 00:00:00,-62.3,34.4,0.0,36.746,966.0,1
741,37,2021-09-10 06:00:00,-62.2,36.5,0.0,34.4494,964.0,1
741,38,2021-09-10 12:00:00,-61.1,38.9,0.0,32.1527,961.0,1
741,39,2021-09-10 18:00:00,-59.5,41.9,0.0,32.1527,958.0,1
741,40,2021-09-11 00:00:00,-56.6,45.1,0.0,32.1527,958.0,1
741,41,2021-09-11 06:00:00,-53.3,48.8,0.0,29.8561,959.0,1
741,42,2021-09-11 12:00:00,-49.7,52.5,0.0,27.5595,963.0,1
741,43,2021-09-11 18:00:00,-46.8,55.3,0.0,25.2629,967.0,1
742,1,2021-09-09 00:00:00,-85.4,29.5,0.0,20.6696,1001.0,1
743,1,2021-09-13 00:00:00,-96.1,23.7,0.0,18.373,1007.0,1
743,2,2021-09-13 06:00:00,-96.5,24.8,0.0,22.9662,1001.0,1
743,3,2021-09-13 12:00:00,-96.7,25.9,0.0,22.9662,1000.0,1
743,4,2021-09-13 18:00:00,-96.6,27.0,0.0,25.2629,998.0,1
743,5,2021-09-14 00:00:00,-96.2,28.0,0.0,29.8561,988.0,1
743,6,2021-09-14 06:00:00,-95.7,28.8,0.0,29.8561,991.0,1
743,7,2021-09-14 12:00:00,-95.4,29.3,0.0,22.9662,999.0,1
744,1,2021-09-18 00:00:00,-71.4,36.8,0.0,18.373,1008.0,1
744,2,2021-09-18 06:00:00,-70.1,37.6,0.0,18.373,1005.0,1
744,3,2021-09-18 12:00:00,-68.3,38.3,0.0,18.373,1002.0,1
744,4,2021-09-18 18:00:00,-66.2,38.7,0.0,18.373,1001.0,1
744,5,2021-09-19 00:00:00,-64.1,39.2,0.0,20.6696,999.0,1
744,6,2021-09-19 06:00:00,-61.9,39.9,0.0,20.6696,997.0,1
744,7,2021-09-19 12:00:00,-59.4,41.1,0.0,20.6696,995.0,1
744,8,2021-09-19 18:00:00,-56.6,42.7,0.0,22.9662,992.0,1
744,9,2021-09-20 00:00:00,-54.1,44.1,0.0,25.2629,989.0,1
744,10,2021-09-20 06:00:00,-51.6,45.0,0.0,25.2629,989.0,1
744,11,2021-09-20 12:00:00,-49.7,44.7,0.0,22.9662,990.0,1
744,12,2021-09-20 18:00:00,-48.1,44.2,0.0,22.9662,993.0,1
744,13,2021-09-21 00:00:00,-46.6,43.2,0.0,22.9662,993.0,1
744,14,2021-09-21 06:00:00,-45.4,41.8,0.0,22.9662,995.0,1
744,15,2021-09-21 12:00:00,-43.8,40.4,0.0,20.6696,997.0,1
744,16,2021-09-21 18:00:00,-41.9,39.9,0.0,20.6696,997.0,1
744,17,2021-09-22 00:00:00,-40.1,40.2,0.0,20.6696,998.0,1
744,18,2021-09-22 06:00:00,-39.9,41.3,0.0,20.6696,999.0,1
744,19,2021-09-22 12:00:00,-40.2,42.4,0.0,20.6696,999.0,1
744,20,2021-09-22 18:00:00,-40.8,43.5,0.0,18.373,1000.0,1
744,21,2021-09-23 00:00:00,-41.2,44.1,0.0,18.373,1000.0,1
744,22,2021-09-23 06:00:00,-41.8,44.2,0.0,18.373,1000.0,1
744,23,2021-09-23 12:00:00,-42.4,44.1,0.0,18.373,1000.0,1
745,1,2021-09-20 18:00:00,-34.1,17.7,0.0,18.373,1006.0,1
745,2,2021-09-21 00:00:00,-35.3,18.8,0.0,22.9662,1004.0,1
745,3,2021-09-21 06:00:00,-36.1,20.0,0.0,18.373,1006.0,1
746,1,2021-09-19 12:00:00,-55.8,17.3,0.0,18.373,1006.0,1
746,2,2021-09-19 18:00:00,-57.0,17.9,0.0,20.6696,1005.0,1
746,3,2021-09-20 00:00:00,-58.0,18.4,0.0,20.6696,1005.0,1
746,4,2021-09-20 06:00:00,-59.0,18.8,0.0,20.6696,1005.0,1
746,5,2021-09-20 12:00:00,-60.1,19.2,0.0,20.6696,1006.0,1
746,6,2021-09-20 18:00:00,-61.2,19.5,0.0,20.6696,1007.0,1
746,7,2021-09-21 00:00:00,-62.3,19.6,0.0,20.6696,1007.0,1
746,8,2021-09-21 06:00:00,-63.2,19.6,0.0,18.373,1007.0,1
747,1,2021-09-23 12:00:00,-37.6,10.7,0.0,20.6696,1003.0,1
747,2,2021-09-23 18:00:00,-39.0,10.9,0.0,22.9662,1000.0,1
747,3,2021-09-24 00:00:00,-40.3,11.1,0.0,27.5595,997.0,1
747,4,2021-09-24 06:00:00,-41.6,11.4,0.0,29.8561,993.0,1
747,5,2021-09-24 12:00:00,-43.0,11.6,0.0,29.8561,993.0,1
747,6,2021-09-24 18:00:00,-44.3,11.9,0.0,32.1527,989.0,1
747,7,2021-09-25 00:00:00,-45.4,12.3,0.0,39.0426,982.0,1
747,8,2021-09-25 06:00:00,-46.3,12.6,0.0,43.6359,973.0,1
747,9,2021-09-25 12:00:00,-47.2,12.8,0.0,48.2291,960.0,1
747,10,2021-09-25 18:00:00,-48.1,13.1,0.0,52.8224,950.0,1
747,11,2021-09-26 00:00:00,-48.8,13.4,0.0,59.7122,943.0,1
747,12,2021-09-26 06:00:00,-49.4,13.6,0.0,59.7122,943.0,1
747,13,2021-09-26 12:00:00,-50.0,13.8,0.0,59.7122,939.0,1
747,14,2021-09-26 18:00:00,-50.3,14.1,0.0,62.0089,927.0,1
747,15,2021-09-27 00:00:00,-50.6,14.5,0.0,59.7122,940.0,1
747,16,2021-09-27 06:00:00,-51.1,15.0,0.0,52.8224,948.0,1
747,17,2021-09-27 12:00:00,-51.7,15.4,0.0,48.2291,955.0,1
747,18,2021-09-27 18:00:00,-52.3,15.9,0.0,48.2291,958.0,1
747,19,2021-09-28 00:00:00,-52.9,16.5,0.0,48.2291,955.0,1
747,20,2021-09-28 06:00:00,-53.5,16.9,0.0,52.8224,952.0,1
747,21,2021-09-28 12:00:00,-54.1,17.3,0.0,52.8224,952.0,1
747,22,2021-09-28 18:00:00,-54.7,17.7,0.0,52.8224,947.0,1
747,23,2021-09-29 00:00:00,-55.3,18.1,0.0,52.8224,947.0,1
747,24,2021-09-29 06:00:00,-55.9,18.6,0.0,52.8224,952.0,1
747,25,2021-09-29 12:00:00,-56.6,19.1,0.0,52.8224,952.0,1
747,26,2021-09-29 18:00:00,-57.3,19.7,0.0,52.8224,945.0,1
747,27,2021-09-30 00:00:00,-58.0,20.3,0.0,57.4156,940.0,1
747,28,2021-09-30 06:00:00,-58.8,21.0,0.0,57.4156,937.0,1
747,29,2021-09-30 12:00:00,-59.6,22.0,0.0,57.4156,937.0,1
747,30,2021-09-30 18:00:00,-60.4,23.0,0.0,57.4156,941.0,1
747,31,2021-10-01 00:00:00,-61.0,24.3,0.0,57.4156,938.0,1
747,32,2021-10-01 06:00:00,-61.6,25.8,0.0,59.7122,936.0,1
747,33,2021-10-01 12:00:00,-61.9,27.4,0.0,59.7122,936.0,1
747,34,2021-10-01 18:00:00,-61.9,29.2,0.0,59.7122,937.0,1
747,35,2021-10-02 00:00:00,-61.5,30.8,0.0,57.4156,940.0,1
747,36,2021-10-02 06:00:00,-61.0,32.1,0.0,55.119,945.0,1
747,37,2021-10-02 12:00:00,-60.1,33.4,0.0,52.8224,948.0,1
747,38,2021-10-02 18:00:00,-59.1,34.7,0.0,50.5258,950.0,1
747,39,2021-10-03 00:00:00,-57.9,35.8,0.0,45.9325,954.0,1
747,40,2021-10-03 06:00:00,-56.6,36.7,0.0,41.3392,960.0,1
747,41,2021-10-03 12:00:00,-55.4,37.3,0.0,39.0426,964.0,1
747,42,2021-10-03 18:00:00,-53.9,38.0,0.0,39.0426,964.0,1
747,43,2021-10-04 00:00:00,-52.2,38.7,0.0,41.3392,957.0,1
747,44,2021-10-04 06:00:00,-49.9,39.9,0.0,41.3392,957.0,1
747,45,2021-10-04 12:00:00,-47.1,41.4,0.0,39.0426,960.0,1
747,46,2021-10-04 18:00:00,-43.6,43.8,0.0,36.746,965.0,1
747,47,2021-10-05 00:00:00,-40.5,46.5,0.0,34.4494,965.0,1
747,48,2021-10-05 06:00:00,-39.7,49.4,0.0,32.1527,965.0,1
747,49,2021-10-05 12:00:00,-39.6,52.2,0.0,29.8561,966.0,1
747,50,2021-10-05 18:00:00,-42.1,50.6,0.0,29.8561,966.0,1
747,51,2021-10-06 00:00:00,-38.9,49.9,0.0,27.5595,967.0,1
747,52,2021-10-06 06:00:00,-35.5,50.5,0.0,25.2629,968.0,1
747,53,2021-10-06 12:00:00,-32.4,51.5,0.0,22.9662,969.0,1
747,54,2021-10-06 18:00:00,-29.0,53.1,0.0,20.6696,971.0,1
747,55,2021-10-07 00:00:00,-25.4,55.2,0.0,20.6696,973.0,1
747,56,2021-10-07 06:00:00,-22.3,58.1,0.0,18.373,976.0,1
748,1,2021-09-24 18:00:00,-64.1,33.6,0.0,18.373,1008.0,1
748,2,2021-09-25 00:00:00,-65.0,34.1,0.0,18.373,1008.0,1
749,1,2021-09-30 06:00:00,-27.1,8.7,0.0,18.373,1004.0,1
749,2,2021-09-30 12:00:00,-28.4,9.2,0.0,18.373,1003.0,1
749,3,2021-09-30 18:00:00,-29.5,9.8,0.0,20.6696,1001.0,1
749,4,2021-10-01 00:00:00,-30.6,10.5,0.0,22.9662,999.0,1
749,5,2021-10-01 06:00:00,-31.8,11.0,0.0,22.9662,998.0,1
749,6,2021-10-01 12:00:00,-33.0,11.4,0.0,25.2629,997.0,1
749,7,2021-10-01 18:00:00,-33.9,11.8,0.0,25.2629,997.0,1
749,8,2021-10-02 00:00:00,-34.9,12.1,0.0,22.9662,999.0,1
749,9,2021-10-02 06:00:00,-35.8,12.5,0.0,20.6696,1001.0,1
750,1,2021-10-26 00:00:00,-74.1,34.2,0.0,20.6696,1002.0,1
750,2,2021-10-26 06:00:00,-71.3,35.9,0.0,20.6696,996.0,1
750,3,2021-10-26 12:00:00,-69.1,37.7,0.0,22.9662,992.0,1
750,4,2021-10-26 18:00:00,-68.2,39.5,0.0,25.2629,984.0,1
750,5,2021-10-27 00:00:00,-67.6,40.8,0.0,27.5595,979.0,1
750,6,2021-10-27 06:00:00,-69.4,41.4,0.0,27.5595,973.0,1
750,7,2021-10-27 12:00:00,-70.1,39.9,0.0,25.2629,976.0,1
750,8,2021-10-27 18:00:00,-68.5,38.7,0.0,22.9662,980.0,1
750,9,2021-10-28 00:00:00,-65.9,39.0,0.0,20.6696,981.0,1
750,10,2021-10-28 06:00:00,-63.9,39.4,0.0,20.6696,982.0,1
750,11,2021-10-28 12:00:00,-61.9,39.8,0.0,20.6696,982.0,1
750,12,2021-10-28 18:00:00,-59.8,40.2,0.0,20.6696,982.0,1
750,13,2021-10-29 00:00:00,-58.1,40.6,0.0,20.6696,982.0,1
750,14,2021-10-29 06:00:00,-56.8,40.7,0.0,20.6696,982.0,1
750,15,2021-10-29 12:00:00,-55.5,40.6,0.0,20.6696,981.0,1
750,16,2021-10-29 18:00:00,-54.0,40.4,0.0,20.6696,981.0,1
750,17,2021-10-30 00:00:00,-52.4,40.1,0.0,20.6696,982.0,1
750,18,2021-10-30 06:00:00,-51.2,39.4,0.0,18.373,984.0,1
750,19,2021-10-30 12:00:00,-49.6,38.5,0.0,18.373,986.0,1
750,20,2021-10-30 18:00:00,-47.8,37.5,0.0,18.373,988.0,1
750,21,2021-10-31 00:00:00,-46.0,36.5,0.0,20.6696,987.0,1
750,22,2021-10-31 06:00:00,-44.2,36.6,0.0,22.9662,985.0,1
750,23,2021-10-31 12:00:00,-43.4,36.5,0.0,22.9662,983.0,1
750,24,2021-10-31 18:00:00,-43.5,36.4,0.0,22.9662,985.0,1
750,25,2021-11-01 00:00:00,-44.0,35.8,0.0,20.6696,989.0,1
750,26,2021-11-01 06:00:00,-44.2,34.8,0.0,18.373,991.0,1
750,27,2021-11-01 12:00:00,-43.4,34.1,0.0,18.373,993.0,1
750,28,2021-11-02 06:00:00,-41.3,34.9,0.0,18.373,996.0,1
750,29,2021-11-02 12:00:00,-40.7,35.5,0.0,18.373,996.0,1
750,30,2021-11-02 18:00:00,-40.5,36.2,0.0,18.373,996.0,1
750,31,2021-11-03 00:00:00,-40.4,36.9,0.0,18.373,996.0,1
750,32,2021-11-03 06:00:00,-40.2,37.6,0.0,18.373,995.0,1
750,33,2021-11-03 12:00:00,-39.9,38.4,0.0,18.373,994.0,1
750,34,2021-11-03 18:00:00,-39.7,39.3,0.0,20.6696,992.0,1
750,35,2021-11-04 00:00:00,-39.7,40.2,0.0,20.6696,992.0,1
750,36,2021-11-04 06:00:00,-39.7,41.0,0.0,20.6696,992.0,1
750,37,2021-11-04 12:00:00,-39.7,41.7,0.0,18.373,994.0,1
750,38,2021-11-04 18:00:00,-39.6,42.1,0.0,18.373,994.0,1
750,39,2021-11-05 00:00:00,-39.0,42.3,0.0,20.6696,992.0,1
750,40,2021-11-05 06:00:00,-38.3,42.0,0.0,20.6696,992.0,1
750,41,2021-11-05 12:00:00,-37.8,41.1,0.0,20.6696,993.0,1
750,42,2021-11-05 18:00:00,-37.5,39.6,0.0,20.6696,996.0,1
750,43,2021-11-06 00:00:00,-38.0,38.4,0.0,20.6696,999.0,1
750,44,2021-11-06 06:00:00,-38.3,37.6,0.0,20.6696,1000.0,1
750,45,2021-11-06 12:00:00,-38.4,37.2,0.0,18.373,1001.0,1
750,46,2021-11-07 18:00:00,-32.8,40.9,0.0,18.373,1006.0,1
750,47,2021-11-08 00:00:00,-29.7,43.2,0.0,18.373,1006.0,1
751,1,2022-06-04 18:00:00,-80.4,27.2,0.0,18.373,1001.0,1
751,2,2022-06-05 00:00:00,-78.8,28.0,0.0,18.373,999.0,1
751,3,2022-06-05 06:00:00,-77.2,28.8,0.0,20.6696,995.0,1
751,4,2022-06-05 12:00:00,-75.0,29.9,0.0,22.9662,993.0,1
751,5,2022-06-05 18:00:00,-72.5,31.0,0.0,27.5595,985.0,1
751,6,2022-06-06 00:00:00,-70.2,32.1,0.0,27.5595,984.0,1
751,7,2022-06-06 06:00:00,-67.8,33.0,0.0,25.2629,987.0,1
751,8,2022-06-06 12:00:00,-65.2,33.8,0.0,25.2629,992.0,1
751,9,2022-06-06 18:00:00,-62.2,34.7,0.0,22.9662,994.0,1
752,1,2022-07-01 18:00:00,-81.8,11.2,0.0,18.373,1004.0,1
752,2,2022-07-02 00:00:00,-83.1,10.9,0.0,22.9662,996.0,1
752,3,2022-07-02 06:00:00,-84.5,11.1,0.0,18.373,1000.0,1
752,4,2022-07-02 18:00:00,-87.4,11.2,0.0,20.6696,999.0,1
752,5,2022-07-03 00:00:00,-88.9,11.2,0.0,22.9662,997.0,1
752,6,2022-07-03 06:00:00,-90.4,11.5,0.0,22.9662,997.0,1
752,7,2022-07-03 12:00:00,-91.9,11.8,0.0,25.2629,995.0,1
752,8,2022-07-03 18:00:00,-93.4,12.2,0.0,27.5595,993.0,1
752,9,2022-07-04 00:00:00,-94.9,12.9,0.0,29.8561,989.0,1
752,10,2022-07-04 06:00:00,-96.6,13.4,0.0,32.1527,987.0,1
752,11,2022-07-04 12:00:00,-98.2,13.6,0.0,34.4494,984.0,1
752,12,2022-07-04 18:00:00,-99.6,13.8,0.0,39.0426,978.0,1
752,13,2022-07-05 00:00:00,-100.9,14.4,0.0,41.3392,974.0,1
752,14,2022-07-05 06:00:00,-102.4,14.9,0.0,43.6359,968.0,1
752,15,2022-07-05 12:00:00,-103.8,15.1,0.0,45.9325,964.0,1
752,16,2022-07-05 18:00:00,-105.1,15.4,0.0,43.6359,967.0,1
752,17,2022-07-06 00:00:00,-106.4,15.6,0.0,41.3392,970.0,1
752,18,2022-07-06 06:00:00,-107.6,15.8,0.0,39.0426,974.0,1
752,19,2022-07-06 12:00:00,-108.5,16.0,0.0,39.0426,975.0,1
752,20,2022-07-06 18:00:00,-109.5,16.3,0.0,39.0426,975.0,1
752,21,2022-07-07 00:00:00,-110.6,16.6,0.0,36.746,980.0,1
752,22,2022-07-07 06:00:00,-111.8,16.9,0.0,36.746,980.0,1
752,23,2022-07-07 12:00:00,-113.1,17.2,0.0,36.746,980.0,1
752,24,2022-07-07 18:00:00,-114.5,17.5,0.0,39.0426,976.0,1
752,25,2022-07-08 00:00:00,-116.1,17.8,0.0,39.0426,976.0,1
752,26,2022-07-08 06:00:00,-117.7,18.0,0.0,34.4494,982.0,1
752,27,2022-07-08 12:00:00,-119.3,18.2,0.0,29.8561,989.0,1
752,28,2022-07-08 18:00:00,-121.0,18.6,0.0,25.2629,998.0,1
752,29,2022-07-09 00:00:00,-122.8,19.0,0.0,22.9662,1001.0,1
752,30,2022-07-09 06:00:00,-124.7,19.2,0.0,20.6696,1002.0,1
752,31,2022-07-09 12:00:00,-126.6,19.4,0.0,18.373,1005.0,1
752,32,2022-07-09 18:00:00,-128.6,19.5,0.0,18.373,1008.0,1
753,1,2022-09-01 18:00:00,-44.4,38.0,0.0,20.6696,1002.0,1
753,2,2022-09-02 00:00:00,-44.1,37.9,0.0,25.2629,996.0,1
753,3,2022-09-02 06:00:00,-43.8,37.8,0.0,27.5595,990.0,1
753,4,2022-09-02 12:00:00,-43.6,37.8,0.0,29.8561,986.0,1
753,5,2022-09-02 18:00:00,-43.5,37.9,0.0,29.8561,985.0,1
753,6,2022-09-03 00:00:00,-43.6,38.0,0.0,29.8561,986.0,1
753,7,2022-09-03 06:00:00,-43.8,38.0,0.0,27.5595,989.0,1
753,8,2022-09-03 12:00:00,-44.2,38.0,0.0,27.5595,989.0,1
753,9,2022-09-03 18:00:00,-44.6,38.0,0.0,27.5595,989.0,1
753,10,2022-09-04 00:00:00,-45.0,37.9,0.0,29.8561,986.0,1
753,11,2022-09-04 06:00:00,-45.3,37.9,0.0,32.1527,982.0,1
753,12,2022-09-04 12:00:00,-45.4,38.1,0.0,32.1527,979.0,1
753,13,2022-09-04 18:00:00,-45.2,38.4,0.0,34.4494,976.0,1
753,14,2022-09-05 00:00:00,-45.0,38.7,0.0,34.4494,975.0,1
753,15,2022-09-05 06:00:00,-44.6,39.2,0.0,34.4494,975.0,1
753,16,2022-09-05 12:00:00,-44.1,39.9,0.0,34.4494,975.0,1
753,17,2022-09-05 18:00:00,-43.6,40.6,0.0,34.4494,976.0,1
753,18,2022-09-06 00:00:00,-43.1,41.3,0.0,32.1527,980.0,1
753,19,2022-09-06 06:00:00,-42.5,41.8,0.0,29.8561,982.0,1
753,20,2022-09-06 12:00:00,-41.8,42.1,0.0,29.8561,982.0,1
753,21,2022-09-06 18:00:00,-41.0,42.3,0.0,29.8561,980.0,1
753,22,2022-09-07 00:00:00,-39.9,42.5,0.0,29.8561,978.0,1
753,23,2022-09-07 06:00:00,-38.6,42.9,0.0,32.1527,974.0,1
753,24,2022-09-07 12:00:00,-37.2,43.5,0.0,32.1527,972.0,1
753,25,2022-09-07 18:00:00,-35.6,44.4,0.0,32.1527,972.0,1
753,26,2022-09-08 00:00:00,-33.9,45.3,0.0,29.8561,973.0,1
753,27,2022-09-08 06:00:00,-32.4,46.2,0.0,27.5595,974.0,1
753,28,2022-09-08 12:00:00,-31.4,47.3,0.0,25.2629,975.0,1
753,29,2022-09-08 18:00:00,-30.8,48.5,0.0,25.2629,975.0,1
753,30,2022-09-09 00:00:00,-30.5,49.8,0.0,25.2629,975.0,1
753,31,2022-09-09 06:00:00,-31.1,51.0,0.0,22.9662,976.0,1
753,32,2022-09-09 12:00:00,-33.2,51.1,0.0,22.9662,977.0,1
753,33,2022-09-09 18:00:00,-34.8,49.8,0.0,20.6696,979.0,1
753,34,2022-09-10 00:00:00,-34.1,47.8,0.0,20.6696,983.0,1
753,35,2022-09-10 06:00:00,-31.2,46.1,0.0,20.6696,985.0,1
753,36,2022-09-10 12:00:00,-28.0,45.2,0.0,18.373,987.0,1
753,37,2022-09-10 18:00:00,-26.1,44.7,0.0,18.373,988.0,1
753,38,2022-09-11 00:00:00,-24.7,43.9,0.0,18.373,990.0,1
754,1,2022-09-03 00:00:00,-59.8,18.3,0.0,18.373,1005.0,1
754,2,2022-09-03 06:00:00,-60.9,18.6,0.0,18.373,1004.0,1
754,3,2022-09-03 12:00:00,-61.9,18.9,0.0,18.373,1002.0,1
754,4,2022-09-03 18:00:00,-62.9,19.2,0.0,20.6696,999.0,1
754,5,2022-09-04 00:00:00,-63.6,19.4,0.0,20.6696,999.0,1
754,6,2022-09-04 06:00:00,-64.1,19.5,0.0,20.6696,999.0,1
754,7,2022-09-04 12:00:00,-64.6,19.8,0.0,20.6696,999.0,1
754,8,2022-09-04 18:00:00,-65.0,20.0,0.0,22.9662,998.0,1
754,9,2022-09-05 00:00:00,-65.3,20.3,0.0,22.9662,998.0,1
754,10,2022-09-05 06:00:00,-65.4,20.8,0.0,25.2629,998.0,1
754,11,2022-09-05 12:00:00,-65.2,21.5,0.0,25.2629,998.0,1
754,12,2022-09-05 18:00:00,-65.2,22.0,0.0,27.5595,997.0,1
754,13,2022-09-06 00:00:00,-65.2,22.5,0.0,27.5595,991.0,1
754,14,2022-09-06 06:00:00,-65.3,23.1,0.0,25.2629,995.0,1
754,15,2022-09-06 12:00:00,-65.7,23.5,0.0,25.2629,996.0,1
754,16,2022-09-06 18:00:00,-65.7,23.9,0.0,29.8561,994.0,1
754,17,2022-09-07 00:00:00,-65.8,24.5,0.0,32.1527,985.0,1
754,18,2022-09-07 06:00:00,-65.9,25.0,0.0,34.4494,982.0,1
754,19,2022-09-07 12:00:00,-65.8,25.4,0.0,34.4494,978.0,1
754,20,2022-09-07 18:00:00,-65.6,26.1,0.0,36.746,974.0,1
754,21,2022-09-08 00:00:00,-65.5,26.8,0.0,41.3392,970.0,1
754,22,2022-09-08 06:00:00,-65.5,27.7,0.0,41.3392,969.0,1
754,23,2022-09-08 12:00:00,-65.3,28.7,0.0,39.0426,962.0,1
754,24,2022-09-08 18:00:00,-64.8,29.7,0.0,36.746,962.0,1
754,25,2022-09-09 00:00:00,-64.3,30.6,0.0,36.746,964.0,1
754,26,2022-09-09 06:00:00,-63.2,31.9,0.0,36.746,963.0,1
754,27,2022-09-09 12:00:00,-61.9,33.4,0.0,39.0426,961.0,1
754,28,2022-09-09 18:00:00,-59.8,34.9,0.0,41.3392,954.0,1
754,29,2022-09-10 00:00:00,-56.8,37.1,0.0,43.6359,948.0,1
754,30,2022-09-10 06:00:00,-54.3,40.0,0.0,41.3392,955.0,1
754,31,2022-09-10 12:00:00,-53.3,42.4,0.0,36.746,964.0,1
754,32,2022-09-10 18:00:00,-52.8,43.3,0.0,32.1527,967.0,1
754,33,2022-09-11 00:00:00,-52.6,43.3,0.0,27.5595,968.0,1
754,34,2022-09-11 06:00:00,-52.2,43.8,0.0,25.2629,970.0,1
754,35,2022-09-11 12:00:00,-52.0,44.2,0.0,22.9662,974.0,1
754,36,2022-09-11 18:00:00,-51.9,44.3,0.0,20.6696,974.0,1
754,37,2022-09-12 00:00:00,-51.9,44.2,0.0,20.6696,974.0,1
754,38,2022-09-12 06:00:00,-52.1,44.3,0.0,18.373,978.0,1
754,39,2022-09-12 12:00:00,-51.9,43.9,0.0,18.373,978.0,1
755,1,2022-09-15 00:00:00,-51.3,16.6,0.0,20.6696,1002.0,1
755,2,2022-09-15 06:00:00,-52.4,16.5,0.0,20.6696,1002.0,1
755,3,2022-09-15 12:00:00,-53.6,16.4,0.0,20.6696,1002.0,1
755,4,2022-09-15 18:00:00,-54.8,16.3,0.0,22.9662,1006.0,1
755,5,2022-09-16 00:00:00,-56.2,16.1,0.0,22.9662,1005.0,1
755,6,2022-09-16 06:00:00,-57.5,15.8,0.0,22.9662,1005.0,1
755,7,2022-09-16 12:00:00,-58.8,15.8,0.0,20.6696,1005.0,1
755,8,2022-09-16 18:00:00,-60.4,16.3,0.0,20.6696,1005.0,1
755,9,2022-09-17 00:00:00,-61.6,16.4,0.0,22.9662,1002.0,1
755,10,2022-09-17 06:00:00,-62.6,16.3,0.0,22.9662,1000.0,1
755,11,2022-09-17 12:00:00,-63.3,16.4,0.0,22.9662,1000.0,1
755,12,2022-09-17 18:00:00,-64.0,16.5,0.0,22.9662,1002.0,1
755,13,2022-09-18 00:00:00,-64.7,16.5,0.0,22.9662,997.0,1
755,14,2022-09-18 06:00:00,-65.5,16.9,0.0,25.2629,994.0,1
755,15,2022-09-18 12:00:00,-66.2,17.2,0.0,29.8561,990.0,1
755,16,2022-09-18 18:00:00,-66.9,17.8,0.0,34.4494,986.0,1
755,17,2022-09-19 00:00:00,-67.8,18.1,0.0,34.4494,984.0,1
755,18,2022-09-19 06:00:00,-68.4,18.2,0.0,36.746,977.0,1
755,19,2022-09-19 12:00:00,-68.9,18.8,0.0,34.4494,980.0,1
755,20,2022-09-19 18:00:00,-69.5,19.5,0.0,39.0426,972.0,1
755,21,2022-09-20 00:00:00,-70.1,20.2,0.0,43.6359,974.0,1
755,22,2022-09-20 06:00:00,-70.7,20.8,0.0,45.9325,967.0,1
755,23,2022-09-20 12:00:00,-71.2,21.5,0.0,45.9325,961.0,1
755,24,2022-09-20 18:00:00,-71.7,22.3,0.0,45.9325,959.0,1
755,25,2022-09-21 00:00:00,-71.8,22.9,0.0,50.5258,951.0,1
755,26,2022-09-21 06:00:00,-71.8,23.5,0.0,55.119,939.0,1
755,27,2022-09-21 12:00:00,-71.7,24.2,0.0,52.8224,937.0,1
755,28,2022-09-21 18:00:00,-71.6,25.1,0.0,52.8224,937.0,1
755,29,2022-09-22 00:00:00,-71.4,26.0,0.0,52.8224,934.0,1
755,30,2022-09-22 06:00:00,-71.1,26.9,0.0,52.8224,934.0,1
755,31,2022-09-22 12:00:00,-70.6,28.0,0.0,52.8224,936.0,1
755,32,2022-09-22 18:00:00,-70.0,29.5,0.0,52.8224,936.0,1
755,33,2022-09-23 00:00:00,-69.0,30.9,0.0,52.8224,931.0,1
755,34,2022-09-23 06:00:00,-67.5,32.5,0.0,52.8224,936.0,1
755,35,2022-09-23 12:00:00,-65.0,34.3,0.0,52.8224,935.0,1
755,36,2022-09-23 18:00:00,-61.7,37.8,0.0,50.5258,940.0,1
755,37,2022-09-24 00:00:00,-60.7,42.3,0.0,45.9325,932.0,1
755,38,2022-09-24 06:00:00,-61.2,45.0,0.0,39.0426,931.0,1
755,39,2022-09-24 12:00:00,-61.2,46.8,0.0,34.4494,938.0,1
755,40,2022-09-24 18:00:00,-60.8,47.9,0.0,29.8561,952.0,1
755,41,2022-09-25 00:00:00,-59.8,48.8,0.0,27.5595,968.0,1
755,42,2022-09-25 06:00:00,-58.6,50.6,0.0,22.9662,972.0,1
755,43,2022-09-25 12:00:00,-57.5,53.1,0.0,20.6696,981.0,1
755,44,2022-09-25 18:00:00,-58.0,55.5,0.0,18.373,984.0,1
756,1,2022-09-21 00:00:00,-44.1,35.5,0.0,20.6696,1004.0,1
756,2,2022-09-21 06:00:00,-43.1,36.9,0.0,25.2629,999.0,1
756,3,2022-09-21 12:00:00,-42.0,37.9,0.0,25.2629,998.0,1
756,4,2022-09-21 18:00:00,-40.7,38.6,0.0,25.2629,998.0,1
756,5,2022-09-22 00:00:00,-38.6,39.4,0.0,25.2629,998.0,1
756,6,2022-09-22 06:00:00,-36.5,40.1,0.0,25.2629,998.0,1
756,7,2022-09-22 12:00:00,-34.8,40.7,0.0,25.2629,996.0,1
756,8,2022-09-22 18:00:00,-33.1,41.0,0.0,25.2629,994.0,1
756,9,2022-09-23 00:00:00,-31.5,41.1,0.0,25.2629,995.0,1
756,10,2022-09-23 06:00:00,-30.1,40.9,0.0,25.2629,995.0,1
756,11,2022-09-23 12:00:00,-29.2,40.5,0.0,25.2629,995.0,1
756,12,2022-09-23 18:00:00,-28.8,39.8,0.0,22.9662,997.0,1
756,13,2022-09-24 00:00:00,-29.2,39.1,0.0,20.6696,999.0,1
756,14,2022-09-24 06:00:00,-29.7,38.7,0.0,20.6696,1000.0,1
756,15,2022-09-24 12:00:00,-30.4,38.2,0.0,18.373,1001.0,1
756,16,2022-09-24 18:00:00,-31.4,38.0,0.0,20.6696,998.0,1
756,17,2022-09-25 00:00:00,-32.7,38.4,0.0,20.6696,998.0,1
756,18,2022-09-25 06:00:00,-34.1,38.9,0.0,20.6696,999.0,1
756,19,2022-09-25 12:00:00,-35.7,39.4,0.0,20.6696,999.0,1
756,20,2022-09-25 18:00:00,-37.0,39.2,0.0,18.373,1000.0,1
757,1,2022-09-24 12:00:00,-74.4,14.5,0.0,18.373,1003.0,1
757,2,2022-09-24 18:00:00,-75.8,14.4,0.0,18.373,1003.0,1
757,3,2022-09-25 00:00:00,-77.2,14.6,0.0,18.373,1003.0,1
757,4,2022-09-25 06:00:00,-78.3,14.6,0.0,18.373,1003.0,1
757,5,2022-09-25 12:00:00,-79.4,15.0,0.0,18.373,1003.0,1
757,6,2022-09-25 18:00:00,-80.1,15.8,0.0,18.373,1003.0,1
757,7,2022-09-26 00:00:00,-80.9,16.8,0.0,22.9662,991.0,1
757,8,2022-09-26 06:00:00,-81.7,17.7,0.0,29.8561,985.0,1
757,9,2022-09-26 12:00:00,-82.4,18.7,0.0,32.1527,981.0,1
757,10,2022-09-26 18:00:00,-83.0,19.7,0.0,36.746,976.0,1
757,11,2022-09-27 00:00:00,-83.3,20.8,0.0,39.0426,965.0,1
757,12,2022-09-27 06:00:00,-83.6,21.8,0.0,45.9325,956.0,1
757,13,2022-09-27 12:00:00,-83.6,22.6,0.0,45.9325,963.0,1
757,14,2022-09-27 18:00:00,-83.3,23.5,0.0,48.2291,951.0,1
757,15,2022-09-28 00:00:00,-83.0,24.4,0.0,48.2291,947.0,1
757,16,2022-09-28 06:00:00,-82.9,25.2,0.0,55.119,945.0,1
757,17,2022-09-28 12:00:00,-82.7,26.0,0.0,64.3055,937.0,1
757,18,2022-09-28 18:00:00,-82.4,26.6,0.0,62.0089,938.0,1
757,19,2022-09-29 00:00:00,-81.7,27.2,0.0,45.9325,960.0,1
757,20,2022-09-29 06:00:00,-81.1,27.7,0.0,29.8561,985.0,1
757,21,2022-09-29 12:00:00,-80.6,28.4,0.0,27.5595,987.0,1
757,22,2022-09-29 18:00:00,-80.1,28.9,0.0,29.8561,986.0,1
757,23,2022-09-30 00:00:00,-79.4,29.6,0.0,32.1527,986.0,1
757,24,2022-09-30 06:00:00,-79.1,30.3,0.0,34.4494,984.0,1
757,25,2022-09-30 12:00:00,-79.0,31.5,0.0,34.4494,980.0,1
757,26,2022-09-30 18:00:00,-79.2,33.3,0.0,32.1527,978.0,1
757,27,2022-09-30 18:05:00,-79.2,33.3,0.0,32.1527,978.0,1
757,28,2022-10-01 00:00:00,-79.3,34.4,0.0,22.9662,990.0,1
758,1,2022-10-07 18:00:00,-73.8,12.8,0.0,18.373,1002.0,1
758,2,2022-10-08 00:00:00,-75.5,12.8,0.0,20.6696,999.0,1
758,3,2022-10-08 06:00:00,-77.2,12.7,0.0,22.9662,999.0,1
758,4,2022-10-08 12:00:00,-78.9,12.7,0.0,25.2629,994.0,1
758,5,2022-10-08 18:00:00,-80.5,12.6,0.0,27.5595,993.0,1
758,6,2022-10-09 00:00:00,-82.0,12.5,0.0,29.8561,989.0,1
758,7,2022-10-09 06:00:00,-83.3,12.4,0.0,34.4494,982.0,1
758,8,2022-10-09 12:00:00,-84.7,12.3,0.0,29.8561,985.0,1
758,9,2022-10-09 18:00:00,-86.2,12.3,0.0,20.6696,988.0,1
758,10,2022-10-10 00:00:00,-87.6,12.6,0.0,18.373,993.0,1
759,1,2022-10-12 12:00:00,-94.8,21.5,0.0,18.373,1002.0,1
759,2,2022-10-12 18:00:00,-94.6,22.0,0.0,22.9662,1000.0,1
759,3,2022-10-13 00:00:00,-94.3,22.4,0.0,22.9662,1000.0,1
759,4,2022-10-13 06:00:00,-94.3,22.4,0.0,20.6696,1000.0,1
759,5,2022-10-13 12:00:00,-94.0,21.9,0.0,20.6696,1000.0,1
759,6,2022-10-13 18:00:00,-93.6,21.3,0.0,18.373,999.0,1
759,7,2022-10-14 00:00:00,-93.0,20.9,0.0,18.373,998.0,1
760,1,2022-10-31 18:00:00,-77.8,15.5,0.0,18.373,1002.0,1
760,2,2022-11-01 00:00:00,-78.8,15.6,0.0,18.373,1002.0,1
760,3,2022-11-01 06:00:00,-79.9,15.9,0.0,18.373,1003.0,1
760,4,2022-11-01 12:00:00,-81.2,16.2,0.0,20.6696,1002.0,1
760,5,2022-11-01 18:00:00,-82.5,16.5,0.0,22.9662,1001.0,1
760,6,2022-11-02 00:00:00,-84.1,16.7,0.0,25.2629,993.0,1
760,7,2022-11-02 06:00:00,-85.5,17.0,0.0,27.5595,992.0,1
760,8,2022-11-02 12:00:00,-86.7,17.1,0.0,32.1527,990.0,1
760,9,2022-11-02 18:00:00,-87.7,17.3,0.0,34.4494,988.0,1
760,10,2022-11-03 00:00:00,-88.6,17.5,0.0,29.8561,990.0,1
760,11,2022-11-03 06:00:00,-89.6,17.7,0.0,20.6696,998.0,1
761,1,2022-10-30 18:00:00,-64.0,34.2,0.0,18.373,1006.0,1
761,2,2022-10-31 00:00:00,-63.1,34.6,0.0,20.6696,1004.0,1
761,3,2022-10-31 06:00:00,-62.2,34.9,0.0,20.6696,1004.0,1
761,4,2022-10-31 12:00:00,-61.6,35.0,0.0,18.373,1004.0,1
761,5,2022-10-31 18:00:00,-60.9,35.0,0.0,18.373,1004.0,1
761,6,2022-11-01 12:00:00,-56.7,35.3,0.0,18.373,998.0,1
761,7,2022-11-01 18:00:00,-55.4,35.3,0.0,20.6696,993.0,1
761,8,2022-11-02 00:00:00,-54.2,35.1,0.0,22.9662,991.0,1
761,9,2022-11-02 06:00:00,-53.0,35.0,0.0,25.2629,989.0,1
761,10,2022-11-02 12:00:00,-50.9,35.1,0.0,29.8561,983.0,1
761,11,2022-11-02 18:00:00,-48.9,36.1,0.0,34.4494,974.0,1
761,12,2022-11-03 00:00:00,-46.4,38.0,0.0,34.4494,970.0,1
761,13,2022-11-03 06:00:00,-43.6,40.3,0.0,34.4494,965.0,1
761,14,2022-11-03 12:00:00,-38.8,43.7,0.0,34.4494,960.0,1
761,15,2022-11-03 18:00:00,-35.3,49.0,0.0,34.4494,950.0,1
761,16,2022-11-04 00:00:00,-38.0,52.7,0.0,32.1527,947.0,1
761,17,2022-11-04 06:00:00,-37.7,54.7,0.0,29.8561,936.0,1
761,18,2022-11-04 12:00:00,-37.2,55.8,0.0,27.5595,932.0,1
761,19,2022-11-04 18:00:00,-36.5,56.5,0.0,25.2629,939.0,1
762,1,2022-11-07 06:00:00,-68.2,25.2,0.0,18.373,1004.0,1
762,2,2022-11-07 12:00:00,-69.3,25.9,0.0,18.373,1002.0,1
762,3,2022-11-07 18:00:00,-70.3,26.4,0.0,18.373,1001.0,1
762,4,2022-11-08 00:00:00,-70.7,26.8,0.0,18.373,998.0,1
762,5,2022-11-08 06:00:00,-71.2,27.5,0.0,18.373,996.0,1
762,6,2022-11-08 12:00:00,-72.1,27.7,0.0,20.6696,993.0,1
762,7,2022-11-08 18:00:00,-73.3,27.6,0.0,22.9662,991.0,1
762,8,2022-11-09 00:00:00,-74.3,27.2,0.0,27.5595,984.0,1
762,9,2022-11-09 06:00:00,-75.3,26.8,0.0,27.5595,986.0,1
762,10,2022-11-09 12:00:00,-76.2,26.5,0.0,25.2629,985.0,1
762,11,2022-11-09 18:00:00,-77.3,26.5,0.0,27.5595,985.0,1
762,12,2022-11-10 00:00:00,-78.4,26.7,0.0,29.8561,980.0,1
762,13,2022-11-10 06:00:00,-79.8,27.3,0.0,29.8561,980.0,1
762,14,2022-11-10 12:00:00,-81.6,28.0,0.0,25.2629,984.0,1
762,15,2022-11-10 18:00:00,-82.8,29.0,0.0,18.373,989.0,1
763,1,2023-01-15 00:00:00,-71.3,36.4,0.0,20.6696,989.0,1
763,2,2023-01-15 06:00:00,-70.6,36.8,0.0,20.6696,986.0,1
763,3,2023-01-15 12:00:00,-69.7,37.2,0.0,20.6696,986.0,1
763,4,2023-01-15 18:00:00,-68.8,37.4,0.0,20.6696,983.0,1
763,5,2023-01-16 00:00:00,-68.3,37.5,0.0,20.6696,983.0,1
763,6,2023-01-16 06:00:00,-67.6,37.3,0.0,22.9662,982.0,1
763,7,2023-01-16 12:00:00,-66.1,37.1,0.0,22.9662,982.0,1
763,8,2023-01-16 18:00:00,-63.6,37.6,0.0,25.2629,980.0,1
763,9,2023-01-17 00:00:00,-61.6,39.8,0.0,27.5595,976.0,1
763,10,2023-01-17 06:00:00,-60.6,42.4,0.0,25.2629,977.0,1
763,11,2023-01-17 12:00:00,-60.0,45.5,0.0,20.6696,981.0,1
763,12,2023-01-17 12:45:00,-60.0,45.9,0.0,20.6696,983.0,1
763,13,2023-01-17 18:00:00,-60.2,48.4,0.0,18.373,988.0,1
764,1,2023-06-20 18:00:00,-48.0,12.0,0.0,18.373,1006.0,1
764,2,2023-06-21 00:00:00,-49.4,12.4,0.0,20.6696,1004.0,1
764,3,2023-06-21 06:00:00,-50.7,12.7,0.0,22.9662,1001.0,1
764,4,2023-06-21 12:00:00,-52.0,13.0,0.0,22.9662,1001.0,1
764,5,2023-06-21 18:00:00,-53.3,13.3,0.0,25.2629,1000.0,1
764,6,2023-06-22 00:00:00,-54.6,13.4,0.0,25.2629,999.0,1
764,7,2023-06-22 06:00:00,-55.9,13.5,0.0,27.5595,996.0,1
764,8,2023-06-22 12:00:00,-57.3,13.5,0.0,27.5595,998.0,1
764,9,2023-06-22 18:00:00,-58.8,13.4,0.0,25.2629,1000.0,1
764,10,2023-06-23 00:00:00,-60.3,13.3,0.0,25.2629,1001.0,1
764,11,2023-06-23 06:00:00,-62.0,13.3,0.0,22.9662,1001.0,1
764,12,2023-06-23 12:00:00,-63.8,13.2,0.0,22.9662,1002.0,1
764,13,2023-06-23 18:00:00,-65.6,13.1,0.0,20.6696,1003.0,1
764,14,2023-06-24 00:00:00,-67.4,13.0,0.0,20.6696,1004.0,1
764,15,2023-06-24 06:00:00,-69.2,13.0,0.0,18.373,1005.0,1
764,16,2023-06-24 12:00:00,-70.9,13.0,0.0,18.373,1007.0,1
765,1,2023-06-23 06:00:00,-46.1,11.8,0.0,18.373,1006.0,1
765,2,2023-06-23 12:00:00,-47.5,12.2,0.0,20.6696,1005.0,1
765,3,2023-06-23 18:00:00,-48.8,12.8,0.0,20.6696,1005.0,1
765,4,2023-06-24 00:00:00,-50.0,13.6,0.0,20.6696,1005.0,1
765,5,2023-06-24 06:00:00,-51.2,14.6,0.0,22.9662,1004.0,1
765,6,2023-06-24 12:00:00,-52.5,15.7,0.0,22.9662,1004.0,1
765,7,2023-06-24 18:00:00,-53.9,16.8,0.0,22.9662,1005.0,1
765,8,2023-06-25 00:00:00,-55.2,18.2,0.0,20.6696,1006.0,1
765,9,2023-06-25 06:00:00,-56.4,19.4,0.0,20.6696,1007.0,1
765,10,2023-06-25 12:00:00,-57.6,20.5,0.0,18.373,1009.0,1
765,11,2023-06-25 18:00:00,-58.8,21.6,0.0,18.373,1010.0,1
766,1,2023-07-13 18:00:00,-47.3,31.7,0.0,18.373,1003.0,1
766,2,2023-07-14 00:00:00,-46.7,32.5,0.0,20.6696,1002.0,1
766,3,2023-07-14 06:00:00,-46.8,32.9,0.0,20.6696,1002.0,1
766,4,2023-07-14 12:00:00,-47.0,33.4,0.0,18.373,1004.0,1
766,5,2023-07-14 18:00:00,-47.2,33.8,0.0,18.373,1004.0,1
766,6,2023-07-15 00:00:00,-47.2,34.3,0.0,18.373,1004.0,1
766,7,2023-07-15 06:00:00,-47.7,35.3,0.0,18.373,1005.0,1
766,8,2023-07-15 12:00:00,-48.4,36.2,0.0,18.373,1006.0,1
766,9,2023-07-19 18:00:00,-39.9,33.8,0.0,18.373,1005.0,1
766,10,2023-07-20 00:00:00,-40.6,33.8,0.0,20.6696,1001.0,1
766,11,2023-07-20 06:00:00,-41.3,34.0,0.0,20.6696,1001.0,1
766,12,2023-07-20 12:00:00,-42.2,34.3,0.0,18.373,1004.0,1
766,13,2023-07-20 18:00:00,-43.3,34.5,0.0,18.373,1004.0,1
766,14,2023-07-21 00:00:00,-44.2,34.6,0.0,18.373,1004.0,1
766,15,2023-07-21 06:00:00,-45.1,35.0,0.0,18.373,1004.0,1
766,16,2023-07-21 12:00:00,-46.0,35.4,0.0,20.6696,1001.0,1
766,17,2023-07-21 18:00:00,-47.0,36.2,0.0,20.6696,1001.0,1
766,18,2023-07-22 00:00:00,-48.2,36.9,0.0,20.6696,1001.0,1
766,19,2023-07-22 06:00:00,-49.3,37.7,0.0,20.6696,1001.0,1
766,20,2023-07-22 12:00:00,-49.9,38.5,0.0,25.2629,995.0,1
766,21,2023-07-22 18:00:00,-50.1,39.5,0.0,29.8561,986.0,1
766,22,2023-07-23 00:00:00,-49.9,40.7,0.0,29.8561,986.0,1
766,23,2023-07-23 06:00:00,-49.4,42.0,0.0,27.5595,989.0,1
766,24,2023-07-23 12:00:00,-48.5,43.3,0.0,25.2629,992.0,1
766,25,2023-07-23 18:00:00,-47.3,44.7,0.0,22.9662,996.0,1
766,26,2023-07-24 00:00:00,-45.7,45.9,0.0,20.6696,1002.0,1
766,27,2023-07-24 06:00:00,-44.1,46.7,0.0,18.373,1005.0,1
766,28,2023-07-24 12:00:00,-41.9,47.3,0.0,18.373,1005.0,1
766,29,2023-07-24 18:00:00,-39.7,47.8,0.0,18.373,1005.0,1
767,1,2023-09-02 06:00:00,-54.4,27.6,0.0,18.373,1003.0,1
767,2,2023-09-02 12:00:00,-54.1,27.7,0.0,20.6696,999.0,1
767,3,2023-09-02 18:00:00,-53.8,28.1,0.0,20.6696,999.0,1
767,4,2023-09-03 00:00:00,-53.5,28.6,0.0,22.9662,998.0,1
767,5,2023-09-03 06:00:00,-53.0,29.3,0.0,22.9662,998.0,1
767,6,2023-09-03 12:00:00,-52.4,30.4,0.0,22.9662,998.0,1
767,7,2023-09-03 18:00:00,-51.6,31.9,0.0,20.6696,999.0,1
767,8,2023-09-04 00:00:00,-50.9,33.9,0.0,20.6696,1000.0,1
767,9,2023-09-04 06:00:00,-50.7,36.5,0.0,20.6696,1000.0,1
767,10,2023-09-04 12:00:00,-50.8,39.4,0.0,18.373,1001.0,1
768,1,2023-08-20 06:00:00,-37.5,18.8,0.0,18.373,1001.0,1
768,2,2023-08-20 12:00:00,-38.3,19.4,0.0,20.6696,998.0,1
768,3,2023-08-20 18:00:00,-39.0,20.0,0.0,20.6696,998.0,1
768,4,2023-08-21 00:00:00,-39.8,20.3,0.0,18.373,1000.0,1
769,1,2023-08-20 18:00:00,-66.6,14.5,0.0,18.373,1001.0,1
769,2,2023-08-21 00:00:00,-67.9,14.8,0.0,20.6696,999.0,1
769,3,2023-08-21 06:00:00,-68.8,14.8,0.0,20.6696,999.0,1
769,4,2023-08-21 12:00:00,-69.5,14.6,0.0,20.6696,999.0,1
769,5,2023-08-21 18:00:00,-70.0,14.1,0.0,20.6696,1002.0,1
769,6,2023-08-22 00:00:00,-70.4,14.0,0.0,20.6696,1002.0,1
769,7,2023-08-22 06:00:00,-70.9,14.1,0.0,18.373,1002.0,1
769,8,2023-08-22 12:00:00,-71.1,14.8,0.0,18.373,1003.0,1
769,9,2023-08-23 06:00:00,-71.4,17.3,0.0,18.373,1003.0,1
769,10,2023-08-23 12:00:00,-71.1,18.3,0.0,18.373,1005.0,1
769,11,2023-08-24 00:00:00,-70.6,20.6,0.0,18.373,1005.0,1
769,12,2023-08-24 06:00:00,-70.5,21.6,0.0,20.6696,1001.0,1
769,13,2023-08-24 12:00:00,-70.0,22.0,0.0,22.9662,998.0,1
769,14,2023-08-24 18:00:00,-69.3,22.2,0.0,22.9662,1000.0,1
769,15,2023-08-25 00:00:00,-68.5,22.4,0.0,22.9662,1000.0,1
769,16,2023-08-25 06:00:00,-68.1,22.2,0.0,22.9662,1000.0,1
769,17,2023-08-25 12:00:00,-67.9,21.9,0.0,20.6696,1003.0,1
769,18,2023-08-25 18:00:00,-67.3,21.8,0.0,20.6696,1003.0,1
769,19,2023-08-26 00:00:00,-66.5,22.2,0.0,22.9662,1002.0,1
769,20,2023-08-26 06:00:00,-66.0,22.6,0.0,25.2629,992.0,1
769,21,2023-08-26 12:00:00,-66.5,23.2,0.0,29.8561,989.0,1
769,22,2023-08-26 18:00:00,-67.3,23.5,0.0,32.1527,982.0,1
769,23,2023-08-27 00:00:00,-67.9,23.9,0.0,34.4494,977.0,1
769,24,2023-08-27 06:00:00,-68.5,24.4,0.0,34.4494,973.0,1
769,25,2023-08-27 12:00:00,-69.1,24.9,0.0,36.746,970.0,1
769,26,2023-08-27 18:00:00,-69.7,25.5,0.0,36.746,967.0,1
769,27,2023-08-28 00:00:00,-70.3,26.0,0.0,39.0426,964.0,1
769,28,2023-08-28 06:00:00,-70.6,26.7,0.0,45.9325,951.0,1
769,29,2023-08-28 12:00:00,-70.9,27.5,0.0,57.4156,937.0,1
769,30,2023-08-28 18:00:00,-71.1,28.2,0.0,57.4156,931.0,1
769,31,2023-08-29 00:00:00,-71.1,28.9,0.0,59.7122,926.0,1
769,32,2023-08-29 06:00:00,-71.0,29.7,0.0,55.119,935.0,1
769,33,2023-08-29 12:00:00,-70.7,30.3,0.0,52.8224,941.0,1
769,34,2023-08-29 18:00:00,-70.2,31.1,0.0,50.5258,947.0,1
769,35,2023-08-30 00:00:00,-69.5,31.8,0.0,45.9325,953.0,1
769,36,2023-08-30 06:00:00,-68.7,32.6,0.0,43.6359,956.0,1
769,37,2023-08-30 12:00:00,-67.8,33.2,0.0,43.6359,958.0,1
769,38,2023-08-30 18:00:00,-66.7,33.9,0.0,41.3392,960.0,1
769,39,2023-08-31 00:00:00,-65.2,34.4,0.0,41.3392,961.0,1
769,40,2023-08-31 06:00:00,-63.9,34.7,0.0,39.0426,963.0,1
769,41,2023-08-31 12:00:00,-62.6,35.1,0.0,39.0426,964.0,1
769,42,2023-08-31 18:00:00,-61.1,35.6,0.0,36.746,969.0,1
769,43,2023-09-01 00:00:00,-59.7,36.4,0.0,34.4494,975.0,1
769,44,2023-09-01 06:00:00,-58.2,37.4,0.0,32.1527,978.0,1
769,45,2023-09-01 12:00:00,-56.6,38.2,0.0,29.8561,982.0,1
769,46,2023-09-01 18:00:00,-54.6,38.8,0.0,32.1527,979.0,1
769,47,2023-09-02 00:00:00,-52.0,39.6,0.0,32.1527,979.0,1
769,48,2023-09-02 06:00:00,-48.8,41.2,0.0,32.1527,980.0,1
769,49,2023-09-02 12:00:00,-45.9,43.0,0.0,29.8561,981.0,1
769,50,2023-09-02 18:00:00,-43.4,44.8,0.0,29.8561,982.0,1
769,51,2023-09-03 00:00:00,-41.0,45.8,0.0,29.8561,984.0,1
769,52,2023-09-03 06:00:00,-38.7,46.4,0.0,27.5595,986.0,1
769,53,2023-09-03 12:00:00,-36.2,47.0,0.0,25.2629,988.0,1
769,54,2023-09-03 18:00:00,-33.4,47.7,0.0,25.2629,990.0,1
769,55,2023-09-04 00:00:00,-30.8,47.8,0.0,22.9662,991.0,1
769,56,2023-09-04 06:00:00,-28.6,47.5,0.0,20.6696,993.0,1
769,57,2023-09-04 12:00:00,-27.3,47.1,0.0,18.373,994.0,1
769,58,2023-09-04 18:00:00,-26.8,46.7,0.0,18.373,995.0,1
769,59,2023-09-05 00:00:00,-26.6,46.0,0.0,18.373,995.0,1
769,60,2023-09-05 06:00:00,-26.3,44.6,0.0,18.373,995.0,1
769,61,2023-09-05 12:00:00,-25.4,42.8,0.0,18.373,995.0,1
769,62,2023-09-05 18:00:00,-23.8,41.0,0.0,18.373,995.0,1
769,63,2023-09-06 12:00:00,-17.7,41.3,0.0,18.373,993.0,1
769,64,2023-09-06 18:00:00,-16.5,43.3,0.0,20.6696,992.0,1
769,65,2023-09-07 00:00:00,-16.0,45.4,0.0,22.9662,991.0,1
769,66,2023-09-07 06:00:00,-16.1,46.8,0.0,22.9662,991.0,1
769,67,2023-09-07 12:00:00,-16.3,47.7,0.0,20.6696,993.0,1
769,68,2023-09-07 18:00:00,-16.5,48.5,0.0,18.373,996.0,1
770,1,2023-08-22 06:00:00,-94.3,25.8,0.0,18.373,1003.0,1
770,2,2023-08-22 12:00:00,-96.4,26.8,0.0,22.9662,996.0,1
770,3,2023-08-22 18:00:00,-98.3,27.3,0.0,18.373,997.0,1
771,1,2023-08-27 18:00:00,-85.8,19.9,0.0,18.373,996.0,1
771,2,2023-08-28 00:00:00,-85.4,19.8,0.0,20.6696,992.0,1
771,3,2023-08-28 06:00:00,-85.2,19.9,0.0,25.2629,989.0,1
771,4,2023-08-28 12:00:00,-85.2,20.6,0.0,25.2629,989.0,1
771,5,2023-08-28 18:00:00,-85.2,21.2,0.0,27.5595,986.0,1
771,6,2023-08-29 00:00:00,-85.1,21.8,0.0,27.5595,984.0,1
771,7,2023-08-29 06:00:00,-85.0,22.6,0.0,29.8561,981.0,1
771,8,2023-08-29 12:00:00,-84.8,23.8,0.0,32.1527,978.0,1
771,9,2023-08-29 18:00:00,-84.8,25.3,0.0,36.746,973.0,1
771,10,2023-08-30 00:00:00,-84.7,26.9,0.0,41.3392,965.0,1
771,11,2023-08-30 06:00:00,-84.5,28.3,0.0,48.2291,945.0,1
771,12,2023-08-30 12:00:00,-83.5,30.0,0.0,45.9325,954.0,1
771,13,2023-08-30 18:00:00,-82.5,31.5,0.0,27.5595,981.0,1
771,14,2023-08-31 00:00:00,-80.9,32.7,0.0,22.9662,985.0,1
771,15,2023-08-31 06:00:00,-78.9,33.5,0.0,22.9662,990.0,1
771,16,2023-08-31 12:00:00,-77.0,33.7,0.0,25.2629,990.0,1
771,17,2023-08-31 18:00:00,-74.6,33.6,0.0,25.2629,993.0,1
771,18,2023-09-01 00:00:00,-72.3,33.4,0.0,25.2629,996.0,1
771,19,2023-09-01 06:00:00,-70.5,32.7,0.0,22.9662,997.0,1
771,20,2023-09-01 12:00:00,-68.8,32.3,0.0,22.9662,998.0,1
771,21,2023-09-01 18:00:00,-67.1,32.1,0.0,22.9662,999.0,1
771,22,2023-09-02 00:00:00,-65.7,31.9,0.0,22.9662,999.0,1
771,23,2023-09-02 06:00:00,-64.7,31.8,0.0,22.9662,999.0,1
771,24,2023-09-02 12:00:00,-63.9,31.8,0.0,22.9662,998.0,1
771,25,2023-09-02 18:00:00,-63.1,31.8,0.0,22.9662,997.0,1
771,26,2023-09-03 00:00:00,-62.2,32.0,0.0,22.9662,996.0,1
771,27,2023-09-03 06:00:00,-61.3,32.5,0.0,22.9662,994.0,1
771,28,2023-09-03 12:00:00,-60.5,33.4,0.0,22.9662,992.0,1
771,29,2023-09-03 18:00:00,-59.7,34.9,0.0,25.2629,990.0,1
771,30,2023-09-04 00:00:00,-58.9,36.2,0.0,27.5595,988.0,1
771,31,2023-09-04 06:00:00,-58.0,37.6,0.0,27.5595,985.0,1
771,32,2023-09-04 12:00:00,-57.5,39.2,0.0,25.2629,985.0,1
771,33,2023-09-04 18:00:00,-57.9,40.5,0.0,25.2629,986.0,1
771,34,2023-09-05 00:00:00,-58.7,41.1,0.0,22.9662,986.0,1
771,35,2023-09-05 06:00:00,-59.1,41.6,0.0,22.9662,986.0,1
771,36,2023-09-05 12:00:00,-59.3,42.2,0.0,20.6696,986.0,1
771,37,2023-09-05 18:00:00,-59.8,42.6,0.0,18.373,987.0,1
772,1,2023-08-31 06:00:00,-52.1,28.6,0.0,18.373,1006.0,1
772,2,2023-08-31 12:00:00,-52.1,29.3,0.0,20.6696,1004.0,1
772,3,2023-08-31 18:00:00,-52.3,30.4,0.0,22.9662,999.0,1
772,4,2023-09-01 00:00:00,-52.5,31.6,0.0,25.2629,996.0,1
772,5,2023-09-01 06:00:00,-52.4,32.9,0.0,25.2629,996.0,1
772,6,2023-09-01 12:00:00,-51.4,34.9,0.0,22.9662,997.0,1
772,7,2023-09-01 18:00:00,-49.8,37.4,0.0,22.9662,997.0,1
773,1,2023-09-02 06:00:00,-28.8,22.3,0.0,18.373,1004.0,1
773,2,2023-09-02 12:00:00,-29.4,23.5,0.0,20.6696,1000.0,1
773,3,2023-09-02 18:00:00,-30.1,24.5,0.0,22.9662,998.0,1
773,4,2023-09-03 00:00:00,-30.9,25.3,0.0,20.6696,1000.0,1
773,5,2023-09-03 06:00:00,-31.5,26.0,0.0,18.373,1002.0,1
774,1,2023-09-06 00:00:00,-42.5,13.2,0.0,20.6696,1003.0,1
774,2,2023-09-06 06:00:00,-43.9,13.5,0.0,25.2629,997.0,1
774,3,2023-09-06 12:00:00,-45.0,14.0,0.0,27.5595,994.0,1
774,4,2023-09-06 18:00:00,-46.1,14.6,0.0,29.8561,991.0,1
774,5,2023-09-07 00:00:00,-47.1,15.1,0.0,32.1527,989.0,1
774,6,2023-09-07 06:00:00,-48.2,15.6,0.0,34.4494,986.0,1
774,7,2023-09-07 12:00:00,-49.4,16.1,0.0,39.0426,980.0,1
774,8,2023-09-07 18:00:00,-50.7,16.6,0.0,48.2291,961.0,1
774,9,2023-09-08 00:00:00,-51.8,17.0,0.0,62.0089,933.0,1
774,10,2023-09-08 06:00:00,-53.0,17.5,0.0,66.6021,926.0,1
774,11,2023-09-08 12:00:00,-54.1,17.9,0.0,62.0089,940.0,1
774,12,2023-09-08 18:00:00,-55.1,18.5,0.0,57.4156,941.0,1
774,13,2023-09-09 00:00:00,-56.0,19.0,0.0,48.2291,958.0,1
774,14,2023-09-09 06:00:00,-57.0,19.5,0.0,45.9325,963.0,1
774,15,2023-09-09 12:00:00,-57.9,20.0,0.0,45.9325,954.0,1
774,16,2023-09-09 18:00:00,-58.8,20.4,0.0,43.6359,958.0,1
774,17,2023-09-10 00:00:00,-59.5,20.8,0.0,39.0426,960.0,1
774,18,2023-09-10 06:00:00,-60.2,21.2,0.0,41.3392,960.0,1
774,19,2023-09-10 12:00:00,-60.8,21.5,0.0,43.6359,956.0,1
774,20,2023-09-10 18:00:00,-61.4,21.9,0.0,48.2291,954.0,1
774,21,2023-09-11 00:00:00,-61.9,22.3,0.0,48.2291,950.0,1
774,22,2023-09-11 06:00:00,-62.5,22.8,0.0,48.2291,950.0,1
774,23,2023-09-11 12:00:00,-63.2,23.2,0.0,48.2291,948.0,1
774,24,2023-09-11 18:00:00,-63.9,23.5,0.0,45.9325,948.0,1
774,25,2023-09-12 00:00:00,-64.5,23.7,0.0,45.9325,948.0,1
774,26,2023-09-12 06:00:00,-65.1,23.9,0.0,45.9325,948.0,1
774,27,2023-09-12 12:00:00,-65.7,24.1,0.0,45.9325,948.0,1
774,28,2023-09-12 18:00:00,-66.2,24.5,0.0,45.9325,946.0,1
774,29,2023-09-13 00:00:00,-66.6,24.9,0.0,45.9325,946.0,1
774,30,2023-09-13 06:00:00,-66.9,25.3,0.0,45.9325,948.0,1
774,31,2023-09-13 12:00:00,-67.2,26.0,0.0,43.6359,950.0,1
774,32,2023-09-13 18:00:00,-67.6,26.8,0.0,41.3392,951.0,1
774,33,2023-09-14 00:00:00,-67.8,27.6,0.0,41.3392,951.0,1
774,34,2023-09-14 06:00:00,-68.0,28.5,0.0,39.0426,953.0,1
774,35,2023-09-14 12:00:00,-68.2,29.8,0.0,36.746,955.0,1
774,36,2023-09-14 18:00:00,-68.3,31.1,0.0,34.4494,955.0,1
774,37,2023-09-15 00:00:00,-67.8,32.1,0.0,34.4494,955.0,1
774,38,2023-09-15 06:00:00,-67.6,33.6,0.0,34.4494,957.0,1
774,39,2023-09-15 12:00:00,-67.1,35.1,0.0,34.4494,962.0,1
774,40,2023-09-15 18:00:00,-66.7,37.1,0.0,34.4494,962.0,1
774,41,2023-09-16 00:00:00,-65.9,38.7,0.0,34.4494,963.0,1
774,42,2023-09-16 06:00:00,-66.0,40.9,0.0,32.1527,965.0,1
774,43,2023-09-16 12:00:00,-66.3,42.7,0.0,29.8561,965.0,1
774,44,2023-09-16 18:00:00,-66.4,43.8,0.0,25.2629,968.0,1
774,45,2023-09-17 00:00:00,-66.2,44.7,0.0,25.2629,979.0,1
774,46,2023-09-17 06:00:00,-64.8,45.9,0.0,22.9662,986.0,1
774,47,2023-09-17 12:00:00,-63.0,47.3,0.0,18.373,989.0,1
774,48,2023-09-17 18:00:00,-60.1,48.6,0.0,18.373,989.0,1
774,49,2023-09-18 12:00:00,-48.6,52.6,0.0,18.373,993.0,1
774,50,2023-09-18 18:00:00,-42.0,53.0,0.0,18.373,993.0,1
775,1,2023-09-09 06:00:00,-36.4,19.7,0.0,18.373,1004.0,1
775,2,2023-09-09 12:00:00,-37.5,20.2,0.0,18.373,1004.0,1
775,3,2023-09-09 18:00:00,-38.3,20.7,0.0,18.373,1004.0,1
775,4,2023-09-10 00:00:00,-38.9,21.2,0.0,20.6696,1003.0,1
775,5,2023-09-10 06:00:00,-39.4,21.8,0.0,20.6696,1002.0,1
775,6,2023-09-10 12:00:00,-39.8,22.5,0.0,20.6696,1000.0,1
775,7,2023-09-10 18:00:00,-40.0,23.3,0.0,22.9662,998.0,1
775,8,2023-09-11 00:00:00,-40.0,24.0,0.0,25.2629,996.0,1
775,9,2023-09-11 06:00:00,-40.0,24.7,0.0,25.2629,993.0,1
775,10,2023-09-11 12:00:00,-40.0,25.5,0.0,27.5595,990.0,1
775,11,2023-09-11 18:00:00,-39.9,26.4,0.0,29.8561,986.0,1
775,12,2023-09-12 00:00:00,-39.6,27.5,0.0,32.1527,981.0,1
775,13,2023-09-12 06:00:00,-39.4,28.6,0.0,34.4494,977.0,1
775,14,2023-09-12 12:00:00,-39.3,29.8,0.0,34.4494,974.0,1
775,15,2023-09-12 18:00:00,-39.4,31.0,0.0,34.4494,972.0,1
775,16,2023-09-13 00:00:00,-39.6,32.1,0.0,34.4494,970.0,1
775,17,2023-09-13 06:00:00,-39.9,33.0,0.0,36.746,969.0,1
775,18,2023-09-13 12:00:00,-40.3,33.7,0.0,36.746,969.0,1
775,19,2023-09-13 18:00:00,-40.6,34.4,0.0,34.4494,970.0,1
775,20,2023-09-14 00:00:00,-40.7,35.1,0.0,34.4494,972.0,1
775,21,2023-09-14 06:00:00,-40.5,35.8,0.0,32.1527,974.0,1
775,22,2023-09-14 12:00:00,-40.1,36.3,0.0,32.1527,976.0,1
775,23,2023-09-14 18:00:00,-39.6,36.6,0.0,32.1527,978.0,1
775,24,2023-09-15 00:00:00,-39.1,36.7,0.0,29.8561,980.0,1
775,25,2023-09-15 06:00:00,-38.6,36.7,0.0,27.5595,982.0,1
775,26,2023-09-15 12:00:00,-38.1,36.5,0.0,25.2629,984.0,1
775,27,2023-09-15 18:00:00,-37.8,36.1,0.0,25.2629,986.0,1
775,28,2023-09-16 00:00:00,-37.8,35.7,0.0,25.2629,988.0,1
775,29,2023-09-16 06:00:00,-38.0,35.2,0.0,25.2629,990.0,1
775,30,2023-09-16 12:00:00,-38.5,34.7,0.0,22.9662,993.0,1
775,31,2023-09-16 18:00:00,-39.2,34.3,0.0,20.6696,996.0,1
775,32,2023-09-17 00:00:00,-40.1,34.0,0.0,18.373,999.0,1
776,1,2023-09-17 06:00:00,-48.3,22.5,0.0,20.6696,1001.0,1
776,2,2023-09-17 12:00:00,-48.8,23.5,0.0,22.9662,997.0,1
776,3,2023-09-17 18:00:00,-49.4,24.5,0.0,25.2629,994.0,1
776,4,2023-09-18 00:00:00,-50.0,25.3,0.0,27.5595,992.0,1
776,5,2023-09-18 06:00:00,-50.6,26.0,0.0,29.8561,987.0,1
776,6,2023-09-18 12:00:00,-51.1,26.8,0.0,29.8561,987.0,1
776,7,2023-09-18 18:00:00,-51.7,27.5,0.0,32.1527,982.0,1
776,8,2023-09-19 00:00:00,-52.4,28.2,0.0,34.4494,979.0,1
776,9,2023-09-19 06:00:00,-53.2,29.0,0.0,34.4494,979.0,1
776,10,2023-09-19 12:00:00,-54.0,29.9,0.0,36.746,975.0,1
776,11,2023-09-19 18:00:00,-54.7,31.1,0.0,39.0426,972.0,1
776,12,2023-09-20 00:00:00,-55.0,32.4,0.0,39.0426,971.0,1
776,13,2023-09-20 06:00:00,-55.2,33.7,0.0,39.0426,971.0,1
776,14,2023-09-20 12:00:00,-54.7,35.2,0.0,36.746,972.0,1
776,15,2023-09-20 18:00:00,-53.6,36.7,0.0,36.746,972.0,1
776,16,2023-09-21 00:00:00,-51.6,38.3,0.0,36.746,973.0,1
776,17,2023-09-21 06:00:00,-49.2,40.0,0.0,34.4494,975.0,1
776,18,2023-09-21 12:00:00,-46.3,41.3,0.0,34.4494,975.0,1
776,19,2023-09-21 18:00:00,-42.8,42.8,0.0,32.1527,975.0,1
776,20,2023-09-22 00:00:00,-38.7,44.3,0.0,29.8561,975.0,1
776,21,2023-09-22 06:00:00,-34.3,45.4,0.0,27.5595,974.0,1
776,22,2023-09-22 12:00:00,-30.2,47.2,0.0,25.2629,972.0,1
776,23,2023-09-22 18:00:00,-26.8,48.9,0.0,25.2629,971.0,1
776,24,2023-09-23 00:00:00,-24.0,50.9,0.0,25.2629,969.0,1
776,25,2023-09-23 06:00:00,-22.2,53.3,0.0,25.2629,967.0,1
776,26,2023-09-23 12:00:00,-22.7,55.6,0.0,25.2629,964.0,1
776,27,2023-09-23 18:00:00,-23.2,57.7,0.0,25.2629,961.0,1
776,28,2023-09-24 00:00:00,-25.6,58.3,0.0,22.9662,958.0,1
776,29,2023-09-24 06:00:00,-27.4,57.4,0.0,22.9662,958.0,1
776,30,2023-09-24 12:00:00,-26.7,56.1,0.0,20.6696,961.0,1
776,31,2023-09-24 18:00:00,-23.5,56.4,0.0,20.6696,964.0,1
776,32,2023-09-25 00:00:00,-20.9,58.0,0.0,18.373,969.0,1
776,33,2023-09-25 06:00:00,-18.6,60.1,0.0,18.373,971.0,1
776,34,2023-09-25 12:00:00,-18.5,61.0,0.0,18.373,972.0,1
776,35,2023-09-25 18:00:00,-19.4,61.5,0.0,18.373,974.0,1
776,36,2023-09-26 00:00:00,-20.9,61.5,0.0,18.373,976.0,1
776,37,2023-09-26 06:00:00,-22.5,61.5,0.0,18.373,977.0,1
776,38,2023-09-26 12:00:00,-23.3,61.5,0.0,18.373,977.0,1
777,1,2023-09-22 06:00:00,-75.1,30.3,0.0,18.373,1002.0,1
777,2,2023-09-22 12:00:00,-75.5,31.6,0.0,22.9662,996.0,1
777,3,2023-09-22 18:00:00,-76.1,32.7,0.0,27.5595,989.0,1
777,4,2023-09-23 00:00:00,-76.6,33.3,0.0,27.5595,983.0,1
777,5,2023-09-23 06:00:00,-77.1,33.8,0.0,27.5595,981.0,1
777,6,2023-09-23 12:00:00,-77.1,35.1,0.0,22.9662,982.0,1
777,7,2023-09-23 18:00:00,-77.5,36.3,0.0,18.373,997.0,1
778,1,2023-09-24 00:00:00,-39.8,15.8,0.0,18.373,1003.0,1
778,2,2023-09-24 06:00:00,-40.5,16.0,0.0,20.6696,1001.0,1
778,3,2023-09-24 12:00:00,-41.3,16.3,0.0,20.6696,1000.0,1
778,4,2023-09-24 18:00:00,-42.0,16.6,0.0,20.6696,1000.0,1
778,5,2023-09-25 00:00:00,-42.9,16.9,0.0,20.6696,1000.0,1
778,6,2023-09-25 06:00:00,-43.8,17.1,0.0,22.9662,998.0,1
778,7,2023-09-25 12:00:00,-44.8,17.1,0.0,22.9662,998.0,1
778,8,2023-09-25 18:00:00,-46.2,17.1,0.0,20.6696,1000.0,1
778,9,2023-09-26 00:00:00,-47.3,17.4,0.0,20.6696,1001.0,1
778,10,2023-09-26 06:00:00,-48.5,17.5,0.0,20.6696,1001.0,1
778,11,2023-09-26 12:00:00,-49.7,17.4,0.0,18.373,1003.0,1
778,12,2023-09-26 18:00:00,-50.8,17.1,0.0,18.373,1003.0,1
778,13,2023-09-27 00:00:00,-51.6,17.2,0.0,18.373,1003.0,1
778,14,2023-09-27 06:00:00,-52.3,17.4,0.0,18.373,1003.0,1
778,15,2023-09-27 12:00:00,-53.0,17.5,0.0,20.6696,1000.0,1
778,16,2023-09-27 18:00:00,-53.7,17.8,0.0,20.6696,1000.0,1
778,17,2023-09-28 00:00:00,-54.3,18.1,0.0,18.373,1002.0,1
778,18,2023-09-28 06:00:00,-54.5,18.5,0.0,18.373,1002.0,1
778,19,2023-09-28 12:00:00,-54.7,18.7,0.0,18.373,1002.0,1
778,20,2023-09-28 18:00:00,-54.8,18.6,0.0,18.373,1002.0,1
778,21,2023-09-29 00:00:00,-54.9,18.5,0.0,18.373,1002.0,1
778,22,2023-09-29 06:00:00,-55.0,18.4,0.0,18.373,1002.0,1
778,23,2023-09-29 12:00:00,-55.3,18.2,0.0,20.6696,1002.0,1
778,24,2023-09-29 18:00:00,-55.6,18.0,0.0,20.6696,1002.0,1
778,25,2023-09-30 00:00:00,-55.7,17.6,0.0,20.6696,1001.0,1
778,26,2023-09-30 06:00:00,-55.8,17.2,0.0,20.6696,999.0,1
778,27,2023-09-30 12:00:00,-56.0,16.8,0.0,20.6696,999.0,1
778,28,2023-09-30 18:00:00,-56.3,16.4,0.0,22.9662,998.0,1
778,29,2023-10-01 00:00:00,-56.7,16.1,0.0,22.9662,998.0,1
778,30,2023-10-01 06:00:00,-57.5,16.0,0.0,22.9662,999.0,1
778,31,2023-10-01 12:00:00,-58.4,16.0,0.0,20.6696,1001.0,1
778,32,2023-10-01 18:00:00,-58.8,16.2,0.0,20.6696,1001.0,1
778,33,2023-10-02 00:00:00,-59.0,16.5,0.0,20.6696,999.0,1
778,34,2023-10-02 06:00:00,-59.7,16.8,0.0,20.6696,999.0,1
778,35,2023-10-02 12:00:00,-60.5,16.9,0.0,20.6696,1000.0,1
778,36,2023-10-02 18:00:00,-61.2,17.3,0.0,20.6696,1001.0,1
778,37,2023-10-03 00:00:00,-61.9,17.6,0.0,20.6696,1001.0,1
778,38,2023-10-03 06:00:00,-62.7,18.1,0.0,20.6696,1001.0,1
778,39,2023-10-03 12:00:00,-63.6,18.6,0.0,18.373,1003.0,1
778,40,2023-10-03 18:00:00,-64.5,19.1,0.0,18.373,1004.0,1
778,41,2023-10-04 00:00:00,-65.2,19.5,0.0,18.373,1004.0,1
778,42,2023-10-04 06:00:00,-65.4,20.2,0.0,18.373,1004.0,1
778,43,2023-10-04 12:00:00,-65.6,21.2,0.0,18.373,1004.0,1
778,44,2023-10-05 06:00:00,-66.2,24.0,0.0,18.373,1004.0,1
778,45,2023-10-05 12:00:00,-66.3,25.1,0.0,20.6696,1004.0,1
778,46,2023-10-05 18:00:00,-66.1,26.4,0.0,20.6696,1004.0,1
778,47,2023-10-06 00:00:00,-66.0,27.6,0.0,20.6696,1004.0,1
778,48,2023-10-06 06:00:00,-65.5,28.7,0.0,20.6696,1003.0,1
779,1,2023-09-29 00:00:00,-46.2,18.2,0.0,18.373,1002.0,1
779,2,2023-09-29 06:00:00,-46.4,18.6,0.0,20.6696,999.0,1
779,3,2023-09-29 12:00:00,-46.7,19.1,0.0,20.6696,999.0,1
779,4,2023-09-29 18:00:00,-47.5,19.8,0.0,20.6696,1000.0,1
779,5,2023-09-30 00:00:00,-48.4,20.2,0.0,20.6696,1000.0,1
779,6,2023-09-30 06:00:00,-49.1,20.5,0.0,20.6696,1000.0,1
779,7,2023-09-30 12:00:00,-50.0,21.0,0.0,18.373,1002.0,1
779,8,2023-09-30 18:00:00,-51.0,22.1,0.0,18.373,1004.0,1
780,1,2023-10-12 18:00:00,-37.8,13.3,0.0,18.373,1005.0,1
780,2,2023-10-13 00:00:00,-39.0,13.7,0.0,18.373,1005.0,1
780,3,2023-10-13 06:00:00,-40.1,14.0,0.0,18.373,1005.0,1
781,1,2023-10-19 06:00:00,-54.0,13.2,0.0,20.6696,1004.0,1
781,2,2023-10-19 12:00:00,-55.3,13.4,0.0,22.9662,1004.0,1
781,3,2023-10-19 18:00:00,-56.4,13.5,0.0,22.9662,1002.0,1
781,4,2023-10-20 00:00:00,-57.2,13.6,0.0,22.9662,1001.0,1
781,5,2023-10-20 06:00:00,-57.9,13.7,0.0,22.9662,1000.0,1
781,6,2023-10-20 12:00:00,-58.4,13.9,0.0,27.5595,997.0,1
781,7,2023-10-20 18:00:00,-58.9,14.1,0.0,29.8561,991.0,1
781,8,2023-10-21 00:00:00,-59.6,14.5,0.0,32.1527,991.0,1
781,9,2023-10-21 06:00:00,-60.3,14.9,0.0,32.1527,991.0,1
781,10,2023-10-21 12:00:00,-60.6,15.6,0.0,34.4494,987.0,1
781,11,2023-10-21 18:00:00,-61.0,16.6,0.0,34.4494,987.0,1
781,12,2023-10-22 00:00:00,-61.7,17.5,0.0,36.746,987.0,1
781,13,2023-10-22 06:00:00,-62.2,18.0,0.0,34.4494,989.0,1
781,14,2023-10-22 12:00:00,-62.8,18.7,0.0,34.4494,990.0,1
781,15,2023-10-22 18:00:00,-63.4,19.4,0.0,34.4494,990.0,1
781,16,2023-10-23 00:00:00,-63.9,20.2,0.0,34.4494,992.0,1
781,17,2023-10-23 06:00:00,-64.0,21.0,0.0,32.1527,993.0,1
781,18,2023-10-23 12:00:00,-64.0,21.6,0.0,32.1527,993.0,1
781,19,2023-10-23 18:00:00,-63.8,22.1,0.0,29.8561,988.0,1
781,20,2023-10-24 00:00:00,-63.5,22.6,0.0,29.8561,987.0,1
781,21,2023-10-24 06:00:00,-63.1,23.1,0.0,29.8561,987.0,1
781,22,2023-10-24 12:00:00,-62.6,23.6,0.0,29.8561,987.0,1
781,23,2023-10-24 18:00:00,-62.0,24.0,0.0,29.8561,987.0,1
781,24,2023-10-25 00:00:00,-61.2,24.5,0.0,34.4494,976.0,1
781,25,2023-10-25 06:00:00,-60.4,25.1,0.0,39.0426,969.0,1
781,26,2023-10-25 12:00:00,-59.4,26.1,0.0,43.6359,965.0,1
781,27,2023-10-25 18:00:00,-58.3,27.5,0.0,39.0426,968.0,1
781,28,2023-10-26 00:00:00,-57.8,29.1,0.0,36.746,970.0,1
781,29,2023-10-26 06:00:00,-58.3,30.0,0.0,34.4494,972.0,1
781,30,2023-10-26 12:00:00,-58.8,30.5,0.0,32.1527,975.0,1
781,31,2023-10-26 18:00:00,-59.5,31.0,0.0,29.8561,977.0,1
781,32,2023-10-27 00:00:00,-60.1,31.5,0.0,27.5595,980.0,1
781,33,2023-10-27 06:00:00,-60.6,31.8,0.0,25.2629,985.0,1
781,34,2023-10-27 12:00:00,-61.0,32.0,0.0,25.2629,988.0,1
781,35,2023-10-27 18:00:00,-61.4,32.3,0.0,25.2629,988.0,1
781,36,2023-10-28 00:00:00,-61.5,32.6,0.0,22.9662,991.0,1
781,37,2023-10-28 06:00:00,-61.0,32.9,0.0,20.6696,994.0,1
781,38,2023-10-28 12:00:00,-59.5,33.1,0.0,20.6696,995.0,1
781,39,2023-10-28 18:00:00,-58.0,33.3,0.0,18.373,997.0,1
782,1,2024-06-19 18:00:00,-94.8,21.8,0.0,18.373,995.0,1
782,2,2024-06-20 00:00:00,-95.5,21.5,0.0,20.6696,992.0,1
782,3,2024-06-20 06:00:00,-96.7,22.0,0.0,20.6696,993.0,1
783,1,2024-06-29 06:00:00,-45.2,9.5,0.0,20.6696,1003.0,1
783,2,2024-06-29 12:00:00,-47.0,9.7,0.0,25.2629,1000.0,1
783,3,2024-06-29 18:00:00,-48.7,9.9,0.0,27.5595,995.0,1
783,4,2024-06-30 00:00:00,-50.5,10.1,0.0,32.1527,989.0,1
783,5,2024-06-30 06:00:00,-52.3,10.4,0.0,39.0426,980.0,1
783,6,2024-06-30 12:00:00,-54.0,10.5,0.0,45.9325,968.0,1
783,7,2024-06-30 18:00:00,-55.7,10.9,0.0,52.8224,958.0,1
783,8,2024-07-01 00:00:00,-57.3,11.2,0.0,50.5258,958.0,1
783,9,2024-07-01 06:00:00,-59.0,11.5,0.0,45.9325,965.0,1
783,10,2024-07-01 12:00:00,-60.6,12.0,0.0,52.8224,957.0,1
783,11,2024-07-01 18:00:00,-62.3,12.8,0.0,59.7122,944.0,1
783,12,2024-07-02 00:00:00,-64.1,13.5,0.0,64.3055,938.0,1
783,13,2024-07-02 06:00:00,-65.9,14.3,0.0,66.6021,935.0,1
783,14,2024-07-02 12:00:00,-67.9,15.0,0.0,64.3055,934.0,1
783,15,2024-07-02 18:00:00,-69.9,15.6,0.0,62.0089,944.0,1
783,16,2024-07-03 00:00:00,-71.8,16.0,0.0,59.7122,945.0,1
783,17,2024-07-03 06:00:00,-73.5,16.3,0.0,57.4156,946.0,1
783,18,2024-07-03 12:00:00,-75.3,16.8,0.0,57.4156,952.0,1
783,19,2024-07-03 18:00:00,-76.8,17.3,0.0,55.119,959.0,1
783,20,2024-07-04 00:00:00,-78.3,17.8,0.0,52.8224,960.0,1
783,21,2024-07-04 06:00:00,-80.0,18.3,0.0,48.2291,965.0,1
783,22,2024-07-04 12:00:00,-81.8,18.8,0.0,43.6359,969.0,1
783,23,2024-07-04 18:00:00,-83.4,19.3,0.0,41.3392,974.0,1
783,24,2024-07-05 00:00:00,-84.8,19.4,0.0,45.9325,962.0,1
783,25,2024-07-05 06:00:00,-86.2,19.8,0.0,43.6359,971.0,1
783,26,2024-07-05 12:00:00,-87.6,20.4,0.0,34.4494,980.0,1
783,27,2024-07-05 18:00:00,-88.8,20.9,0.0,27.5595,987.0,1
783,28,2024-07-06 00:00:00,-89.8,21.4,0.0,22.9662,996.0,1
783,29,2024-07-06 06:00:00,-90.9,21.9,0.0,20.6696,1001.0,1
783,30,2024-07-06 12:00:00,-91.8,22.6,0.0,22.9662,999.0,1
783,31,2024-07-06 18:00:00,-92.7,23.6,0.0,22.9662,997.0,1
783,32,2024-07-07 00:00:00,-93.6,24.4,0.0,22.9662,993.0,1
783,33,2024-07-07 06:00:00,-94.3,24.9,0.0,22.9662,995.0,1
783,34,2024-07-07 12:00:00,-94.9,25.5,0.0,25.2629,992.0,1
783,35,2024-07-07 18:00:00,-95.4,26.3,0.0,25.2629,990.0,1
783,36,2024-07-08 00:00:00,-95.7,27.1,0.0,27.5595,986.0,1
783,37,2024-07-08 06:00:00,-95.9,28.2,0.0,32.1527,982.0,1
783,38,2024-07-08 12:00:00,-96.0,29.3,0.0,32.1527,978.0,1
783,39,2024-07-08 18:00:00,-95.6,30.7,0.0,22.9662,988.0,1
784,1,2024-08-04 06:00:00,-83.8,25.0,0.0,18.373,1000.0,1
784,2,2024-08-04 12:00:00,-84.3,26.2,0.0,22.9662,994.0,1
784,3,2024-08-04 18:00:00,-84.3,27.3,0.0,27.5595,989.0,1
784,4,2024-08-05 00:00:00,-84.1,28.3,0.0,32.1527,986.0,1
784,5,2024-08-05 06:00:00,-83.9,29.1,0.0,32.1527,980.0,1
784,6,2024-08-05 12:00:00,-83.4,29.9,0.0,29.8561,982.0,1
784,7,2024-08-05 18:00:00,-83.0,30.4,0.0,22.9662,992.0,1
784,8,2024-08-06 00:00:00,-82.3,30.8,0.0,20.6696,996.0,1
784,9,2024-08-06 06:00:00,-81.8,31.3,0.0,20.6696,999.0,1
784,10,2024-08-06 12:00:00,-81.4,31.8,0.0,18.373,999.0,1
784,11,2024-08-06 18:00:00,-81.1,32.0,0.0,18.373,999.0,1
784,12,2024-08-07 00:00:00,-80.4,31.9,0.0,18.373,997.0,1
784,13,2024-08-07 06:00:00,-79.7,31.8,0.0,20.6696,995.0,1
784,14,2024-08-07 12:00:00,-79.3,32.2,0.0,22.9662,994.0,1
784,15,2024-08-07 18:00:00,-79.2,32.5,0.0,22.9662,994.0,1
784,16,2024-08-08 00:00:00,-79.4,32.7,0.0,20.6696,995.0,1
784,17,2024-08-08 06:00:00,-79.6,33.0,0.0,18.373,995.0,1
784,18,2024-08-08 12:00:00,-80.0,33.7,0.0,18.373,995.0,1
784,19,2024-08-08 18:00:00,-80.3,34.6,0.0,18.373,997.0,1
785,1,2024-08-13 12:00:00,-62.0,16.6,0.0,18.373,1005.0,1
785,2,2024-08-13 12:50:00,-62.2,16.7,0.0,18.373,1005.0,1
785,3,2024-08-13 18:00:00,-63.5,17.6,0.0,22.9662,1001.0,1
785,4,2024-08-14 00:00:00,-64.9,18.4,0.0,25.2629,998.0,1
785,5,2024-08-14 06:00:00,-66.0,19.0,0.0,27.5595,996.0,1
785,6,2024-08-14 12:00:00,-67.2,19.9,0.0,29.8561,991.0,1
785,7,2024-08-14 18:00:00,-68.0,21.1,0.0,29.8561,989.0,1
785,8,2024-08-15 00:00:00,-68.7,22.3,0.0,32.1527,981.0,1
785,9,2024-08-15 06:00:00,-69.2,23.4,0.0,34.4494,979.0,1
785,10,2024-08-15 12:00:00,-69.3,24.5,0.0,34.4494,975.0,1
785,11,2024-08-15 18:00:00,-69.0,25.6,0.0,36.746,975.0,1
785,12,2024-08-16 00:00:00,-68.3,26.6,0.0,39.0426,969.0,1
785,13,2024-08-16 06:00:00,-67.5,27.7,0.0,39.0426,968.0,1
785,14,2024-08-16 12:00:00,-66.8,28.9,0.0,39.0426,967.0,1
785,15,2024-08-16 18:00:00,-66.1,30.0,0.0,39.0426,969.0,1
785,16,2024-08-17 00:00:00,-65.4,31.0,0.0,36.746,969.0,1
785,17,2024-08-17 06:00:00,-65.0,31.9,0.0,34.4494,972.0,1
785,18,2024-08-17 12:00:00,-64.6,32.6,0.0,32.1527,974.0,1
785,19,2024-08-17 18:00:00,-64.2,33.0,0.0,29.8561,977.0,1
785,20,2024-08-18 00:00:00,-63.6,33.5,0.0,27.5595,981.0,1
785,21,2024-08-18 06:00:00,-63.2,34.3,0.0,27.5595,982.0,1
785,22,2024-08-18 12:00:00,-63.0,35.4,0.0,27.5595,980.0,1
785,23,2024-08-18 18:00:00,-62.6,36.4,0.0,29.8561,977.0,1
785,24,2024-08-19 00:00:00,-62.0,37.7,0.0,32.1527,975.0,1
785,25,2024-08-19 06:00:00,-61.2,39.2,0.0,34.4494,972.0,1
785,26,2024-08-19 12:00:00,-59.8,40.9,0.0,39.0426,967.0,1
785,27,2024-08-19 18:00:00,-58.1,42.8,0.0,36.746,970.0,1
785,28,2024-08-20 00:00:00,-55.0,44.8,0.0,34.4494,972.0,1
785,29,2024-08-20 06:00:00,-51.4,46.6,0.0,29.8561,976.0,1
785,30,2024-08-20 12:00:00,-47.2,48.3,0.0,27.5595,987.0,1
785,31,2024-08-20 18:00:00,-41.9,49.7,0.0,25.2629,991.0,1
786,1,2024-09-08 18:00:00,-94.5,21.4,0.0,20.6696,1003.0,1
786,2,2024-09-09 00:00:00,-94.8,22.0,0.0,20.6696,1003.0,1
786,3,2024-09-09 06:00:00,-95.1,22.7,0.0,20.6696,1003.0,1
786,4,2024-09-09 12:00:00,-95.5,23.2,0.0,20.6696,1002.0,1
786,5,2024-09-09 18:00:00,-95.9,23.7,0.0,22.9662,996.0,1
786,6,2024-09-10 00:00:00,-96.1,23.9,0.0,25.2629,992.0,1
786,7,2024-09-10 06:00:00,-96.2,24.1,0.0,25.2629,992.0,1
786,8,2024-09-10 12:00:00,-95.8,24.5,0.0,25.2629,990.0,1
786,9,2024-09-10 18:00:00,-95.3,25.3,0.0,25.2629,987.0,1
786,10,2024-09-11 00:00:00,-94.7,26.0,0.0,29.8561,982.0,1
786,11,2024-09-11 06:00:00,-94.1,26.6,0.0,36.746,977.0,1
786,12,2024-09-11 12:00:00,-93.2,27.5,0.0,36.746,976.0,1
786,13,2024-09-11 18:00:00,-92.1,28.6,0.0,39.0426,974.0,1
786,14,2024-09-12 00:00:00,-90.9,29.6,0.0,32.1527,980.0,1
786,15,2024-09-12 06:00:00,-90.3,30.5,0.0,20.6696,988.0,1
787,1,2024-09-14 00:00:00,-39.8,19.9,0.0,18.373,1004.0,1
787,2,2024-09-14 06:00:00,-40.5,20.0,0.0,18.373,1004.0,1
787,3,2024-09-14 12:00:00,-41.3,20.1,0.0,18.373,1004.0,1
787,4,2024-09-14 18:00:00,-42.4,20.3,0.0,18.373,1004.0,1
788,1,2024-09-15 12:00:00,-77.3,31.3,0.0,18.373,1007.0,1
788,2,2024-09-15 18:00:00,-77.8,31.8,0.0,20.6696,1006.0,1
788,3,2024-09-16 00:00:00,-77.9,32.1,0.0,20.6696,1005.0,1
788,4,2024-09-16 06:00:00,-78.0,32.3,0.0,20.6696,1005.0,1
788,5,2024-09-16 12:00:00,-78.2,32.8,0.0,22.9662,1004.0,1
788,6,2024-09-16 18:00:00,-78.5,33.5,0.0,18.373,1006.0,1
789,1,2024-09-24 12:00:00,-83.7,19.2,0.0,18.373,999.0,1
789,2,2024-09-24 18:00:00,-84.6,19.4,0.0,20.6696,997.0,1
789,3,2024-09-25 00:00:00,-85.2,19.7,0.0,22.9662,990.0,1
789,4,2024-09-25 06:00:00,-85.9,20.3,0.0,25.2629,985.0,1
789,5,2024-09-25 12:00:00,-86.2,21.1,0.0,29.8561,979.0,1
789,6,2024-09-25 18:00:00,-86.5,22.0,0.0,32.1527,978.0,1
789,7,2024-09-26 00:00:00,-86.7,22.8,0.0,32.1527,973.0,1
789,8,2024-09-26 06:00:00,-86.5,23.6,0.0,34.4494,970.0,1
789,9,2024-09-26 12:00:00,-85.8,24.7,0.0,39.0426,963.0,1
789,10,2024-09-26 18:00:00,-85.0,26.6,0.0,48.2291,958.0,1
789,11,2024-09-27 00:00:00,-84.3,28.7,0.0,55.119,941.0,1
789,12,2024-09-27 06:00:00,-83.3,31.3,0.0,36.746,957.0,1
789,13,2024-09-27 12:00:00,-83.2,34.4,0.0,20.6696,973.0,1
789,14,2024-09-27 18:00:00,-84.9,36.8,0.0,18.373,983.0,1
789,15,2024-09-28 00:00:00,-86.6,38.1,0.0,18.373,985.0,1
790,1,2024-09-24 12:00:00,-58.4,38.7,0.0,18.373,1003.0,1
790,2,2024-09-24 18:00:00,-58.6,38.6,0.0,18.373,1002.0,1
790,3,2024-09-25 00:00:00,-58.8,38.1,0.0,20.6696,998.0,1
790,4,2024-09-25 06:00:00,-58.5,37.3,0.0,20.6696,998.0,1
790,5,2024-09-25 12:00:00,-57.2,37.0,0.0,20.6696,998.0,1
790,6,2024-09-25 18:00:00,-55.7,36.9,0.0,20.6696,998.0,1
790,7,2024-09-26 00:00:00,-54.5,37.0,0.0,20.6696,997.0,1
790,8,2024-09-26 06:00:00,-53.4,37.1,0.0,20.6696,997.0,1
790,9,2024-09-26 12:00:00,-52.3,37.2,0.0,20.6696,997.0,1
790,10,2024-09-26 18:00:00,-51.2,37.3,0.0,22.9662,992.0,1
790,11,2024-09-27 00:00:00,-50.1,37.2,0.0,25.2629,988.0,1
790,12,2024-09-27 06:00:00,-49.1,37.1,0.0,27.5595,985.0,1
790,13,2024-09-27 12:00:00,-47.7,37.1,0.0,29.8561,981.0,1
790,14,2024-09-27 18:00:00,-46.2,37.5,0.0,34.4494,976.0,1
790,15,2024-09-28 00:00:00,-44.4,38.0,0.0,39.0426,965.0,1
790,16,2024-09-28 06:00:00,-42.3,38.8,0.0,41.3392,963.0,1
790,17,2024-09-28 12:00:00,-40.4,39.7,0.0,41.3392,963.0,1
790,18,2024-09-28 18:00:00,-39.1,40.6,0.0,39.0426,965.0,1
790,19,2024-09-29 00:00:00,-38.0,41.5,0.0,34.4494,967.0,1
790,20,2024-09-29 06:00:00,-37.0,42.3,0.0,32.1527,969.0,1
790,21,2024-09-29 12:00:00,-36.1,43.0,0.0,29.8561,971.0,1
790,22,2024-09-29 18:00:00,-35.1,43.7,0.0,27.5595,973.0,1
790,23,2024-09-30 00:00:00,-33.8,44.1,0.0,25.2629,976.0,1
790,24,2024-09-30 06:00:00,-32.0,44.4,0.0,25.2629,978.0,1
790,25,2024-09-30 12:00:00,-30.1,44.7,0.0,22.9662,980.0,1
790,26,2024-09-30 18:00:00,-28.0,45.2,0.0,20.6696,983.0,1
790,27,2024-10-01 00:00:00,-26.3,46.1,0.0,20.6696,987.0,1
790,28,2024-10-01 06:00:00,-25.1,47.0,0.0,20.6696,991.0,1
790,29,2024-10-01 12:00:00,-24.4,47.8,0.0,20.6696,993.0,1
790,30,2024-10-01 18:00:00,-23.7,48.4,0.0,18.373,995.0,1
790,31,2024-10-02 00:00:00,-23.0,49.1,0.0,18.373,996.0,1
790,32,2024-10-02 06:00:00,-22.5,49.7,0.0,18.373,996.0,1
790,33,2024-10-02 12:00:00,-22.1,50.4,0.0,18.373,997.0,1
790,34,2024-10-02 18:00:00,-21.6,51.2,0.0,18.373,997.0,1
790,35,2024-10-03 00:00:00,-21.0,51.9,0.0,18.373,998.0,1
791,1,2024-09-27 18:00:00,-43.4,18.2,0.0,20.6696,1001.0,1
791,2,2024-09-28 00:00:00,-44.3,18.8,0.0,20.6696,1001.0,1
791,3,2024-09-28 06:00:00,-45.0,19.3,0.0,20.6696,1001.0,1
791,4,2024-09-28 12:00:00,-45.7,19.7,0.0,20.6696,1002.0,1
791,5,2024-09-28 18:00:00,-46.4,20.2,0.0,18.373,1003.0,1
791,6,2024-09-29 00:00:00,-47.1,20.6,0.0,18.373,1004.0,1
791,7,2024-09-29 06:00:00,-47.8,21.1,0.0,18.373,1004.0,1
791,8,2024-09-29 12:00:00,-48.4,21.6,0.0,18.373,1005.0,1
792,1,2024-09-30 12:00:00,-34.3,13.4,0.0,20.6696,1001.0,1
792,2,2024-09-30 18:00:00,-35.3,13.7,0.0,22.9662,999.0,1
792,3,2024-10-01 00:00:00,-36.3,14.2,0.0,22.9662,998.0,1
792,4,2024-10-01 06:00:00,-37.5,14.7,0.0,22.9662,995.0,1
792,5,2024-10-01 12:00:00,-38.7,15.2,0.0,27.5595,988.0,1
792,6,2024-10-01 18:00:00,-39.7,15.9,0.0,29.8561,986.0,1
792,7,2024-10-02 00:00:00,-40.6,16.5,0.0,29.8561,986.0,1
792,8,2024-10-02 06:00:00,-41.6,17.1,0.0,32.1527,982.0,1
792,9,2024-10-02 12:00:00,-42.7,17.8,0.0,34.4494,979.0,1
792,10,2024-10-02 18:00:00,-43.5,18.5,0.0,36.746,975.0,1
792,11,2024-10-03 00:00:00,-44.1,19.1,0.0,45.9325,959.0,1
792,12,2024-10-03 06:00:00,-44.7,19.6,0.0,48.2291,955.0,1
792,13,2024-10-03 12:00:00,-45.5,20.1,0.0,50.5258,948.0,1
792,14,2024-10-03 18:00:00,-46.3,20.7,0.0,52.8224,944.0,1
792,15,2024-10-04 00:00:00,-47.1,21.2,0.0,59.7122,928.0,1
792,16,2024-10-04 06:00:00,-47.9,21.9,0.0,59.7122,928.0,1
792,17,2024-10-04 12:00:00,-48.6,22.5,0.0,55.119,938.0,1
792,18,2024-10-04 18:00:00,-49.1,23.3,0.0,52.8224,942.0,1
792,19,2024-10-05 00:00:00,-49.7,24.3,0.0,52.8224,943.0,1
792,20,2024-10-05 06:00:00,-50.1,25.4,0.0,50.5258,945.0,1
792,21,2024-10-05 12:00:00,-50.4,26.8,0.0,48.2291,949.0,1
792,22,2024-10-05 18:00:00,-50.2,28.7,0.0,48.2291,949.0,1
792,23,2024-10-06 00:00:00,-49.9,30.6,0.0,45.9325,951.0,1
792,24,2024-10-06 06:00:00,-49.5,32.6,0.0,43.6359,955.0,1
792,25,2024-10-06 12:00:00,-48.6,34.5,0.0,39.0426,959.0,1
792,26,2024-10-06 18:00:00,-47.2,36.4,0.0,36.746,959.0,1
792,27,2024-10-07 00:00:00,-45.0,37.9,0.0,32.1527,964.0,1
792,28,2024-10-07 06:00:00,-42.4,39.5,0.0,29.8561,966.0,1
792,29,2024-10-07 12:00:00,-39.9,41.2,0.0,29.8561,966.0,1
792,30,2024-10-07 18:00:00,-36.6,42.7,0.0,27.5595,966.0,1
792,31,2024-10-08 00:00:00,-33.3,43.3,0.0,25.2629,968.0,1
792,32,2024-10-08 06:00:00,-29.6,43.5,0.0,25.2629,968.0,1
792,33,2024-10-08 12:00:00,-25.4,43.5,0.0,25.2629,972.0,1
792,34,2024-10-08 18:00:00,-20.9,42.9,0.0,25.2629,975.0,1
792,35,2024-10-09 00:00:00,-15.5,43.0,0.0,22.9662,980.0,1
792,36,2024-10-09 06:00:00,-9.5,43.5,0.0,22.9662,980.0,1
792,37,2024-10-09 12:00:00,-4.0,45.5,0.0,20.6696,980.0,1
792,38,2024-10-09 18:00:00,2.0,48.0,0.0,18.373,980.0,1
793,1,2024-10-03 06:00:00,-30.2,10.3,0.0,18.373,1002.0,1
793,2,2024-10-03 12:00:00,-30.7,10.1,0.0,20.6696,1001.0,1
793,3,2024-10-03 18:00:00,-31.3,9.9,0.0,20.6696,1001.0,1
793,4,2024-10-04 00:00:00,-31.7,9.8,0.0,22.9662,999.0,1
793,5,2024-10-04 06:00:00,-32.2,9.8,0.0,22.9662,998.0,1
793,6,2024-10-04 12:00:00,-32.7,9.9,0.0,25.2629,997.0,1
793,7,2024-10-04 18:00:00,-33.3,10.1,0.0,27.5595,994.0,1
793,8,2024-10-05 00:00:00,-33.9,10.3,0.0,29.8561,990.0,1
793,9,2024-10-05 06:00:00,-34.5,10.5,0.0,32.1527,986.0,1
793,10,2024-10-05 12:00:00,-35.1,10.9,0.0,32.1527,986.0,1
793,11,2024-10-05 18:00:00,-35.7,11.3,0.0,32.1527,985.0,1
793,12,2024-10-06 00:00:00,-36.4,11.8,0.0,34.4494,983.0,1
793,13,2024-10-06 06:00:00,-36.9,12.4,0.0,36.746,980.0,1
793,14,2024-10-06 12:00:00,-37.6,13.0,0.0,36.746,980.0,1
793,15,2024-10-06 18:00:00,-38.2,13.7,0.0,36.746,980.0,1
793,16,2024-10-07 00:00:00,-39.1,14.5,0.0,36.746,980.0,1
793,17,2024-10-07 06:00:00,-40.0,15.2,0.0,34.4494,983.0,1
793,18,2024-10-07 12:00:00,-40.9,16.0,0.0,32.1527,985.0,1
793,19,2024-10-07 18:00:00,-41.9,16.8,0.0,29.8561,989.0,1
793,20,2024-10-08 00:00:00,-43.0,17.6,0.0,27.5595,992.0,1
793,21,2024-10-08 06:00:00,-44.0,18.3,0.0,27.5595,992.0,1
793,22,2024-10-08 12:00:00,-45.1,19.0,0.0,27.5595,992.0,1
793,23,2024-10-08 18:00:00,-46.1,19.7,0.0,29.8561,989.0,1
793,24,2024-10-09 00:00:00,-46.8,20.3,0.0,32.1527,987.0,1
793,25,2024-10-09 06:00:00,-47.5,20.9,0.0,34.4494,984.0,1
793,26,2024-10-09 12:00:00,-48.2,21.4,0.0,36.746,981.0,1
793,27,2024-10-09 18:00:00,-48.6,21.9,0.0,39.0426,974.0,1
793,28,2024-10-10 00:00:00,-49.0,22.3,0.0,41.3392,970.0,1
793,29,2024-10-10 06:00:00,-49.7,22.6,0.0,39.0426,974.0,1
793,30,2024-10-10 12:00:00,-50.2,22.9,0.0,34.4494,980.0,1
793,31,2024-10-10 18:00:00,-50.8,23.5,0.0,29.8561,990.0,1
793,32,2024-10-11 00:00:00,-51.1,24.1,0.0,25.2629,997.0,1
793,33,2024-10-11 06:00:00,-51.1,24.9,0.0,22.9662,999.0,1
793,34,2024-10-11 12:00:00,-50.8,25.8,0.0,20.6696,1000.0,1
793,35,2024-10-11 18:00:00,-50.0,27.0,0.0,20.6696,1000.0,1
793,36,2024-10-12 00:00:00,-48.8,28.4,0.0,20.6696,1001.0,1
793,37,2024-10-12 06:00:00,-47.1,30.4,0.0,20.6696,1002.0,1
794,1,2024-10-06 06:00:00,-95.2,22.6,0.0,20.6696,999.0,1
794,2,2024-10-06 12:00:00,-94.8,22.5,0.0,25.2629,991.0,1
794,3,2024-10-06 18:00:00,-94.1,22.5,0.0,32.1527,986.0,1
794,4,2024-10-07 00:00:00,-93.4,22.5,0.0,34.4494,981.0,1
794,5,2024-10-07 06:00:00,-92.9,22.1,0.0,41.3392,972.0,1
794,6,2024-10-07 12:00:00,-92.2,21.8,0.0,55.119,943.0,1
794,7,2024-10-07 18:00:00,-91.3,21.7,0.0,68.8987,908.0,1
794,8,2024-10-08 00:00:00,-90.4,21.8,0.0,66.6021,902.0,1
794,9,2024-10-08 06:00:00,-89.5,21.9,0.0,57.4156,925.0,1
794,10,2024-10-08 12:00:00,-88.8,22.5,0.0,57.4156,929.0,1
794,11,2024-10-08 18:00:00,-88.0,22.5,0.0,64.3055,916.0,1
794,12,2024-10-09 00:00:00,-86.9,23.0,0.0,64.3055,908.0,1
794,13,2024-10-09 06:00:00,-85.9,23.8,0.0,64.3055,909.0,1
794,14,2024-10-09 12:00:00,-84.8,25.0,0.0,62.0089,919.0,1
794,15,2024-10-09 18:00:00,-84.0,26.3,0.0,52.8224,945.0,1
794,16,2024-10-10 00:00:00,-82.7,27.3,0.0,48.2291,956.0,1
794,17,2024-10-10 00:30:00,-82.6,27.4,0.0,45.9325,958.0,1
794,18,2024-10-10 06:00:00,-81.3,28.1,0.0,32.1527,975.0,1
794,19,2024-10-10 12:00:00,-79.5,29.0,0.0,29.8561,983.0,1
794,20,2024-10-10 18:00:00,-77.5,29.5,0.0,27.5595,984.0,1
794,21,2024-10-11 00:00:00,-75.0,29.5,0.0,27.5595,986.0,1
794,22,2024-10-11 06:00:00,-72.4,29.5,0.0,25.2629,993.0,1
794,23,2024-10-11 12:00:00,-69.3,29.5,0.0,25.2629,997.0,1
794,24,2024-10-11 18:00:00,-65.9,29.3,0.0,22.9662,999.0,1
795,1,2024-10-19 06:00:00,-86.4,17.4,0.0,18.373,1004.0,1
795,2,2024-10-19 12:00:00,-87.5,17.4,0.0,20.6696,1003.0,1
795,3,2024-10-19 18:00:00,-88.7,17.5,0.0,20.6696,1004.0,1
796,1,2024-10-19 06:00:00,-68.2,21.2,0.0,20.6696,1005.0,1
796,2,2024-10-19 12:00:00,-69.8,21.3,0.0,25.2629,996.0,1
796,3,2024-10-19 18:00:00,-70.6,21.4,0.0,32.1527,989.0,1
796,4,2024-10-20 00:00:00,-71.7,21.5,0.0,34.4494,987.0,1
796,5,2024-10-20 06:00:00,-72.7,21.1,0.0,32.1527,988.0,1
796,6,2024-10-20 12:00:00,-73.6,20.8,0.0,32.1527,986.0,1
796,7,2024-10-20 18:00:00,-74.0,20.5,0.0,34.4494,984.0,1
796,8,2024-10-21 00:00:00,-74.5,20.2,0.0,29.8561,988.0,1
796,9,2024-10-21 06:00:00,-75.0,20.1,0.0,22.9662,996.0,1
796,10,2024-10-21 12:00:00,-75.4,20.3,0.0,18.373,1000.0,1
797,1,2024-10-31 18:00:00,-41.0,39.2,0.0,25.2629,977.0,1
797,2,2024-11-01 00:00:00,-40.0,39.6,0.0,25.2629,977.0,1
797,3,2024-11-01 06:00:00,-38.9,39.9,0.0,22.9662,979.0,1
797,4,2024-11-01 12:00:00,-37.7,40.2,0.0,22.9662,981.0,1
797,5,2024-11-01 18:00:00,-36.5,40.6,0.0,20.6696,983.0,1
797,6,2024-11-02 00:00:00,-35.4,40.6,0.0,20.6696,985.0,1
797,7,2024-11-02 06:00:00,-34.6,40.3,0.0,22.9662,986.0,1
797,8,2024-11-02 12:00:00,-33.3,39.4,0.0,25.2629,982.0,1
797,9,2024-11-02 18:00:00,-31.6,38.4,0.0,25.2629,982.0,1
797,10,2024-11-03 00:00:00,-29.2,37.9,0.0,22.9662,985.0,1
797,11,2024-11-03 06:00:00,-27.0,37.7,0.0,20.6696,988.0,1
797,12,2024-11-03 12:00:00,-25.1,37.5,0.0,18.373,990.0,1
797,13,2024-11-03 18:00:00,-23.3,37.4,0.0,18.373,990.0,1
797,14,2024-11-04 00:00:00,-21.3,37.6,0.0,18.373,993.0,1
798,1,2024-11-05 00:00:00,-76.9,15.8,0.0,18.373,999.0,1
798,2,2024-11-05 06:00:00,-77.6,16.6,0.0,20.6696,994.0,1
798,3,2024-11-05 12:00:00,-78.3,17.5,0.0,22.9662,993.0,1
798,4,2024-11-05 18:00:00,-79.1,18.5,0.0,27.5595,990.0,1
798,5,2024-11-06 00:00:00,-80.0,19.4,0.0,32.1527,985.0,1
798,6,2024-11-06 06:00:00,-80.9,20.1,0.0,36.746,975.0,1
798,7,2024-11-06 12:00:00,-81.6,21.0,0.0,41.3392,964.0,1
798,8,2024-11-06 18:00:00,-82.3,22.0,0.0,45.9325,955.0,1
798,9,2024-11-07 00:00:00,-83.2,23.1,0.0,43.6359,968.0,1
798,10,2024-11-07 06:00:00,-84.1,23.8,0.0,41.3392,970.0,1
798,11,2024-11-07 12:00:00,-84.9,24.3,0.0,41.3392,969.0,1
798,12,2024-11-07 18:00:00,-85.7,24.6,0.0,41.3392,968.0,1
798,13,2024-11-08 00:00:00,-86.6,24.6,0.0,41.3392,966.0,1
798,14,2024-11-08 06:00:00,-87.6,24.4,0.0,48.2291,954.0,1
798,15,2024-11-08 12:00:00,-88.4,24.4,0.0,43.6359,962.0,1
798,16,2024-11-08 18:00:00,-89.1,24.6,0.0,36.746,973.0,1
798,17,2024-11-09 00:00:00,-89.7,24.7,0.0,29.8561,986.0,1
798,18,2024-11-09 06:00:00,-90.5,24.8,0.0,25.2629,992.0,1
798,19,2024-11-09 12:00:00,-91.2,25.0,0.0,22.9662,998.0,1
798,20,2024-11-09 18:00:00,-91.5,25.3,0.0,20.6696,1000.0,1
798,21,2024-11-10 00:00:00,-91.7,25.6,0.0,18.373,1001.0,1
799,1,2024-11-15 00:00:00,-84.0,15.7,0.0,18.373,999.0,1
799,2,2024-11-15 06:00:00,-85.0,16.0,0.0,18.373,998.0,1
799,3,2024-11-15 12:00:00,-85.6,16.1,0.0,20.6696,997.0,1
799,4,2024-11-15 18:00:00,-86.1,16.1,0.0,20.6696,997.0,1
799,5,2024-11-16 00:00:00,-86.1,16.1,0.0,20.6696,997.0,1
799,6,2024-11-16 06:00:00,-86.2,16.2,0.0,18.373,999.0,1
799,7,2024-11-16 12:00:00,-86.4,16.2,0.0,18.373,999.0,1
800,1,2025-06-29 18:00:00,-96.7,20.9,0.0,18.373,1006.0,1
801,1,2025-07-05 18:00:00,-78.7,31.6,0.0,18.373,1006.0,1
801,2,2025-07-06 00:00:00,-78.7,32.3,0.0,18.373,1005.0,1
801,3,2025-07-06 06:00:00,-78.9,33.3,0.0,22.9662,1002.0,1
802,1,2025-08-04 00:00:00,-69.8,34.0,0.0,18.373,1002.0,1
802,2,2025-08-04 06:00:00,-68.8,34.3,0.0,18.373,1002.0,1
802,3,2025-08-04 12:00:00,-68.0,35.0,0.0,18.373,1002.0,1
802,4,2025-08-04 18:00:00,-66.9,35.8,0.0,18.373,1002.0,1
802,5,2025-08-06 06:00:00,-60.6,39.3,0.0,18.373,1003.0,1
802,6,2025-08-06 12:00:00,-59.0,39.7,0.0,20.6696,999.0,1
802,7,2025-08-06 18:00:00,-57.2,39.9,0.0,20.6696,999.0,1
802,8,2025-08-07 00:00:00,-55.2,39.9,0.0,20.6696,999.0,1
802,9,2025-08-07 06:00:00,-53.2,40.4,0.0,20.6696,999.0,1
802,10,2025-08-07 12:00:00,-51.4,41.0,0.0,22.9662,998.0,1
803,1,2025-08-11 12:00:00,-27.3,17.3,0.0,18.373,1004.0,1
803,2,2025-08-11 18:00:00,-29.3,17.4,0.0,18.373,1004.0,1
803,3,2025-08-12 00:00:00,-31.3,17.6,0.0,18.373,1004.0,1
803,4,2025-08-12 06:00:00,-33.3,17.5,0.0,18.373,1004.0,1
803,5,2025-08-12 12:00:00,-35.4,17.3,0.0,18.373,1006.0,1
803,6,2025-08-12 18:00:00,-37.4,17.1,0.0,18.373,1006.0,1
803,7,2025-08-13 00:00:00,-39.3,16.8,0.0,18.373,1004.0,1
803,8,2025-08-13 06:00:00,-41.0,16.6,0.0,18.373,1004.0,1
803,9,2025-08-13 12:00:00,-42.7,16.4,0.0,20.6696,1002.0,1
803,10,2025-08-13 18:00:00,-44.3,16.3,0.0,20.6696,1002.0,1
803,11,2025-08-14 00:00:00,-45.9,16.3,0.0,20.6696,1002.0,1
803,12,2025-08-14 06:00:00,-47.5,16.3,0.0,20.6696,1002.0,1
803,13,2025-08-14 12:00:00,-48.9,16.3,0.0,22.9662,999.0,1
803,14,2025-08-14 18:00:00,-50.4,16.6,0.0,22.9662,998.0,1
803,15,2025-08-15 00:00:00,-51.9,16.9,0.0,27.5595,998.0,1
803,16,2025-08-15 06:00:00,-53.7,17.5,0.0,27.5595,998.0,1
803,17,2025-08-15 12:00:00,-55.3,18.0,0.0,29.8561,998.0,1
803,18,2025-08-15 18:00:00,-56.8,18.7,0.0,29.8561,993.0,1
803,19,2025-08-16 00:00:00,-58.6,19.4,0.0,34.4494,981.0,1
803,20,2025-08-16 06:00:00,-60.4,19.6,0.0,41.3392,970.0,1
803,21,2025-08-16 12:00:00,-62.1,19.6,0.0,59.7122,934.0,1
803,22,2025-08-16 18:00:00,-63.4,19.8,0.0,64.3055,915.0,1
803,23,2025-08-17 00:00:00,-64.5,20.0,0.0,57.4156,934.0,1
803,24,2025-08-17 06:00:00,-65.9,20.3,0.0,50.5258,940.0,1
803,25,2025-08-17 12:00:00,-67.0,20.7,0.0,50.5258,940.0,1
803,26,2025-08-17 18:00:00,-68.0,21.5,0.0,50.5258,946.0,1
803,27,2025-08-18 00:00:00,-68.8,22.1,0.0,50.5258,946.0,1
803,28,2025-08-18 06:00:00,-69.9,22.5,0.0,52.8224,945.0,1
803,29,2025-08-18 12:00:00,-70.5,22.9,0.0,55.119,935.0,1
803,30,2025-08-18 18:00:00,-71.0,23.6,0.0,55.119,937.0,1
803,31,2025-08-19 00:00:00,-71.4,24.0,0.0,50.5258,947.0,1
803,32,2025-08-19 06:00:00,-71.8,24.5,0.0,45.9325,955.0,1
803,33,2025-08-19 12:00:00,-72.1,25.2,0.0,41.3392,958.0,1
803,34,2025-08-19 18:00:00,-72.5,26.1,0.0,41.3392,958.0,1
803,35,2025-08-20 00:00:00,-72.8,27.2,0.0,41.3392,959.0,1
803,36,2025-08-20 06:00:00,-73.2,28.3,0.0,39.0426,954.0,1
803,37,2025-08-20 12:00:00,-73.7,29.6,0.0,43.6359,945.0,1
803,38,2025-08-20 18:00:00,-73.6,30.8,0.0,43.6359,943.0,1
803,39,2025-08-21 00:00:00,-73.3,32.2,0.0,43.6359,941.0,1
803,40,2025-08-21 06:00:00,-72.6,33.6,0.0,41.3392,945.0,1
803,41,2025-08-21 12:00:00,-71.7,34.9,0.0,41.3392,949.0,1
803,42,2025-08-21 18:00:00,-70.1,35.9,0.0,39.0426,952.0,1
803,43,2025-08-22 00:00:00,-68.3,36.9,0.0,39.0426,952.0,1
803,44,2025-08-22 06:00:00,-66.5,37.9,0.0,36.746,956.0,1
803,45,2025-08-22 12:00:00,-64.6,38.5,0.0,36.746,956.0,1
803,46,2025-08-22 18:00:00,-61.4,39.4,0.0,36.746,957.0,1
803,47,2025-08-23 00:00:00,-57.8,40.7,0.0,36.746,957.0,1
804,1,2025-08-24 18:00:00,-60.0,31.3,0.0,18.373,1009.0,1
804,2,2025-08-25 00:00:00,-59.6,32.1,0.0,20.6696,1007.0,1
804,3,2025-08-25 06:00:00,-59.1,33.1,0.0,20.6696,1005.0,1
804,4,2025-08-25 12:00:00,-58.4,33.8,0.0,22.9662,1000.0,1
804,5,2025-08-25 18:00:00,-57.6,34.8,0.0,22.9662,1000.0,1
804,6,2025-08-26 00:00:00,-56.8,35.6,0.0,20.6696,1002.0,1
804,7,2025-08-26 06:00:00,-55.8,36.5,0.0,18.373,1005.0,1
804,8,2025-08-27 00:00:00,-52.7,38.2,0.0,18.373,1007.0,1
804,9,2025-08-27 06:00:00,-51.4,38.3,0.0,18.373,1007.0,1
804,10,2025-08-27 12:00:00,-50.4,38.2,0.0,20.6696,1006.0,1
804,11,2025-08-27 18:00:00,-48.4,38.9,0.0,20.6696,1006.0,1
804,12,2025-08-28 00:00:00,-46.3,39.7,0.0,20.6696,1006.0,1
804,13,2025-08-28 06:00:00,-44.2,40.6,0.0,18.373,1009.0,1
805,1,2025-09-17 06:00:00,-45.2,14.3,0.0,18.373,1006.0,1
805,2,2025-09-17 12:00:00,-46.4,16.5,0.0,20.6696,1005.0,1
805,3,2025-09-17 18:00:00,-47.5,19.0,0.0,20.6696,1005.0,1
805,4,2025-09-18 00:00:00,-49.0,19.2,0.0,20.6696,1004.0,1
805,5,2025-09-18 06:00:00,-49.9,19.7,0.0,20.6696,1004.0,1
805,6,2025-09-18 12:00:00,-51.2,20.0,0.0,20.6696,1004.0,1
805,7,2025-09-18 18:00:00,-52.2,20.5,0.0,20.6696,1004.0,1
805,8,2025-09-19 00:00:00,-52.9,20.9,0.0,20.6696,1004.0,1
805,9,2025-09-19 06:00:00,-54.1,21.5,0.0,20.6696,1004.0,1
805,10,2025-09-19 12:00:00,-55.1,21.7,0.0,20.6696,1004.0,1
805,11,2025-09-19 18:00:00,-56.1,22.1,0.0,20.6696,1004.0,1
805,12,2025-09-20 00:00:00,-56.8,23.1,0.0,20.6696,1004.0,1
805,13,2025-09-20 06:00:00,-57.7,23.9,0.0,20.6696,1004.0,1
805,14,2025-09-20 12:00:00,-58.6,24.6,0.0,20.6696,1003.0,1
805,15,2025-09-20 18:00:00,-58.7,25.2,0.0,25.2629,996.0,1
805,16,2025-09-21 00:00:00,-59.0,25.9,0.0,25.2629,996.0,1
805,17,2025-09-21 06:00:00,-59.7,26.7,0.0,25.2629,995.0,1
805,18,2025-09-21 12:00:00,-60.7,27.3,0.0,27.5595,995.0,1
805,19,2025-09-21 18:00:00,-61.5,28.1,0.0,29.8561,993.0,1
805,20,2025-09-22 00:00:00,-62.0,28.9,0.0,32.1527,989.0,1
805,21,2025-09-22 06:00:00,-62.4,29.7,0.0,36.746,978.0,1
805,22,2025-09-22 12:00:00,-62.4,30.4,0.0,45.9325,957.0,1
805,23,2025-09-22 18:00:00,-62.1,31.3,0.0,52.8224,951.0,1
805,24,2025-09-23 00:00:00,-61.4,32.1,0.0,55.119,948.0,1
805,25,2025-09-23 06:00:00,-60.4,32.8,0.0,55.119,949.0,1
805,26,2025-09-23 12:00:00,-59.2,33.5,0.0,55.119,948.0,1
805,27,2025-09-23 18:00:00,-57.4,34.3,0.0,52.8224,952.0,1
805,28,2025-09-24 00:00:00,-55.2,34.9,0.0,50.5258,953.0,1
805,29,2025-09-24 06:00:00,-52.8,35.4,0.0,45.9325,957.0,1
805,30,2025-09-24 12:00:00,-50.2,35.8,0.0,43.6359,962.0,1
805,31,2025-09-24 18:00:00,-47.0,36.0,0.0,39.0426,970.0,1
805,32,2025-09-25 00:00:00,-44.0,35.9,0.0,34.4494,978.0,1
805,33,2025-09-25 06:00:00,-40.3,36.2,0.0,34.4494,979.0,1
805,34,2025-09-25 12:00:00,-36.7,36.4,0.0,29.8561,981.0,1
805,35,2025-09-25 18:00:00,-33.6,36.7,0.0,27.5595,983.0,1
805,36,2025-09-26 00:00:00,-30.7,37.4,0.0,25.2629,985.0,1
805,37,2025-09-26 06:00:00,-27.5,38.7,0.0,25.2629,990.0,1
805,38,2025-09-26 12:00:00,-24.2,39.7,0.0,25.2629,992.0,1
806,1,2025-09-25 00:00:00,-55.4,20.5,0.0,18.373,1007.0,1
806,2,2025-09-25 06:00:00,-56.2,21.0,0.0,18.373,1007.0,1
806,3,2025-09-25 12:00:00,-56.7,21.3,0.0,18.373,1006.0,1
806,4,2025-09-25 18:00:00,-56.9,21.7,0.0,22.9662,1000.0,1
806,5,2025-09-26 00:00:00,-57.0,22.0,0.0,25.2629,998.0,1
806,6,2025-09-26 06:00:00,-57.1,22.0,0.0,29.8561,990.0,1
806,7,2025-09-26 12:00:00,-57.3,22.3,0.0,34.4494,982.0,1
806,8,2025-09-26 18:00:00,-57.8,22.3,0.0,43.6359,966.0,1
806,9,2025-09-27 00:00:00,-58.4,22.1,0.0,55.119,942.0,1
806,10,2025-09-27 06:00:00,-58.9,22.2,0.0,59.7122,934.0,1
806,11,2025-09-27 12:00:00,-59.7,22.5,0.0,59.7122,934.0,1
806,12,2025-09-27 18:00:00,-60.7,22.7,0.0,62.0089,929.0,1
806,13,2025-09-28 00:00:00,-61.6,23.1,0.0,64.3055,924.0,1
806,14,2025-09-28 06:00:00,-62.8,23.7,0.0,62.0089,929.0,1
806,15,2025-09-28 12:00:00,-63.8,24.2,0.0,59.7122,934.0,1
806,16,2025-09-28 18:00:00,-64.8,25.1,0.0,57.4156,937.0,1
806,17,2025-09-29 00:00:00,-65.8,25.8,0.0,55.119,928.0,1
806,18,2025-09-29 06:00:00,-66.6,26.7,0.0,52.8224,933.0,1
806,19,2025-09-29 12:00:00,-67.3,27.5,0.0,57.4156,938.0,1
806,20,2025-09-29 18:00:00,-67.9,28.5,0.0,55.119,942.0,1
806,21,2025-09-30 00:00:00,-68.4,29.5,0.0,45.9325,961.0,1
806,22,2025-09-30 06:00:00,-69.3,31.0,0.0,41.3392,970.0,1
806,23,2025-09-30 12:00:00,-69.8,32.5,0.0,34.4494,977.0,1
806,24,2025-09-30 18:00:00,-69.9,33.5,0.0,32.1527,979.0,1
806,25,2025-10-01 00:00:00,-69.0,34.6,0.0,32.1527,979.0,1
806,26,2025-10-01 06:00:00,-67.9,35.5,0.0,32.1527,979.0,1
806,27,2025-10-01 12:00:00,-64.0,36.5,0.0,27.5595,980.0,1
807,1,2025-09-29 06:00:00,-77.1,25.1,0.0,18.373,996.0,1
807,2,2025-09-29 12:00:00,-77.1,26.4,0.0,22.9662,992.0,1
807,3,2025-09-29 18:00:00,-77.3,27.2,0.0,25.2629,986.0,1
807,4,2025-09-30 00:00:00,-77.3,28.1,0.0,25.2629,985.0,1
807,5,2025-09-30 06:00:00,-77.2,28.6,0.0,27.5595,982.0,1
807,6,2025-09-30 12:00:00,-76.9,29.0,0.0,32.1527,980.0,1
807,7,2025-09-30 18:00:00,-76.0,29.2,0.0,34.4494,978.0,1
807,8,2025-10-01 00:00:00,-74.6,29.5,0.0,34.4494,978.0,1
807,9,2025-10-01 06:00:00,-73.1,29.9,0.0,34.4494,976.0,1
807,10,2025-10-01 12:00:00,-71.3,30.7,0.0,36.746,968.0,1
807,11,2025-10-01 18:00:00,-69.2,31.3,0.0,39.0426,966.0,1
807,12,2025-10-02 00:00:00,-66.4,31.8,0.0,39.0426,971.0,1
807,13,2025-10-02 06:00:00,-63.3,32.5,0.0,36.746,973.0,1
807,14,2025-10-02 12:00:00,-60.9,32.9,0.0,32.1527,977.0,1
808,1,2025-10-07 12:00:00,-43.8,11.3,0.0,18.373,1006.0,1
808,2,2025-10-07 18:00:00,-45.4,11.8,0.0,20.6696,1003.0,1
808,3,2025-10-08 00:00:00,-47.7,12.5,0.0,20.6696,1003.0,1
808,4,2025-10-08 06:00:00,-49.8,13.0,0.0,20.6696,1003.0,1
808,5,2025-10-08 12:00:00,-51.7,13.4,0.0,22.9662,1003.0,1
808,6,2025-10-08 18:00:00,-53.8,14.4,0.0,22.9662,1000.0,1
808,7,2025-10-09 00:00:00,-55.4,14.9,0.0,25.2629,999.0,1
808,8,2025-10-09 06:00:00,-57.1,15.5,0.0,25.2629,999.0,1
808,9,2025-10-09 12:00:00,-58.5,15.6,0.0,25.2629,999.0,1
808,10,2025-10-09 18:00:00,-60.0,16.8,0.0,25.2629,1001.0,1
808,11,2025-10-10 00:00:00,-61.1,17.6,0.0,22.9662,1006.0,1
808,12,2025-10-10 06:00:00,-62.2,18.6,0.0,20.6696,1007.0,1
808,13,2025-10-10 12:00:00,-63.2,19.7,0.0,20.6696,1006.0,1
808,14,2025-10-10 18:00:00,-63.5,20.9,0.0,20.6696,1006.0,1
808,15,2025-10-11 00:00:00,-63.7,22.2,0.0,22.9662,1004.0,1
808,16,2025-10-11 06:00:00,-63.7,23.6,0.0,20.6696,1005.0,1
808,17,2025-10-11 12:00:00,-63.4,25.4,0.0,18.373,1005.0,1
808,18,2025-10-11 18:00:00,-63.7,27.0,0.0,18.373,1005.0,1
809,1,2025-10-08 00:00:00,-35.8,38.2,0.0,20.6696,996.0,1
809,2,2025-10-08 06:00:00,-36.0,40.0,0.0,20.6696,996.0,1
809,3,2025-10-08 12:00:00,-36.7,41.2,0.0,20.6696,996.0,1
809,4,2025-10-08 18:00:00,-36.8,41.4,0.0,20.6696,996.0,1
809,5,2025-10-09 00:00:00,-35.6,41.9,0.0,20.6696,996.0,1
809,6,2025-10-09 06:00:00,-34.9,43.0,0.0,20.6696,996.0,1
809,7,2025-10-09 12:00:00,-34.6,43.4,0.0,20.6696,996.0,1
809,8,2025-10-09 18:00:00,-34.4,44.0,0.0,20.6696,996.0,1
809,9,2025-10-10 00:00:00,-33.4,44.4,0.0,18.373,998.0,1
809,10,2025-10-10 06:00:00,-32.6,45.0,0.0,18.373,998.0,1
809,11,2025-10-10 12:00:00,-31.6,45.7,0.0,18.373,998.0,1
809,12,2025-10-10 18:00:00,-30.6,46.8,0.0,18.373,1000.0,1
810,1,2025-10-13 00:00:00,-38.7,12.7,0.0,18.373,1006.0,1
810,2,2025-10-13 06:00:00,-39.6,13.8,0.0,18.373,1006.0,1
810,3,2025-10-13 12:00:00,-40.8,14.5,0.0,20.6696,1002.0,1
810,4,2025-10-13 18:00:00,-41.3,14.8,0.0,20.6696,1002.0,1
810,5,2025-10-14 00:00:00,-42.3,15.7,0.0,22.9662,999.0,1
810,6,2025-10-14 06:00:00,-43.5,16.8,0.0,22.9662,1000.0,1
810,7,2025-10-14 12:00:00,-44.7,17.7,0.0,18.373,1003.0,1
811,1,2025-10-21 06:00:00,-70.0,14.0,0.0,18.373,1004.0,1
811,2,2025-10-21 12:00:00,-71.3,14.2,0.0,20.6696,1003.0,1
811,3,2025-10-21 18:00:00,-72.7,14.2,0.0,20.6696,1003.0,1
811,4,2025-10-22 00:00:00,-73.6,14.1,0.0,20.6696,1003.0,1
811,5,2025-10-22 06:00:00,-73.5,14.0,0.0,20.6696,1001.0,1
811,6,2025-10-22 12:00:00,-73.5,14.3,0.0,20.6696,1001.0,1
811,7,2025-10-22 18:00:00,-74.0,14.3,0.0,20.6696,1001.0,1
811,8,2025-10-23 00:00:00,-74.5,14.3,0.0,20.6696,1002.0,1
811,9,2025-10-23 06:00:00,-74.6,14.7,0.0,18.373,1003.0,1
811,10,2025-10-23 12:00:00,-74.9,15.4,0.0,18.373,1003.0,1
811,11,2025-10-23 18:00:00,-75.3,15.5,0.0,18.373,1001.0,1
811,12,2025-10-24 00:00:00,-75.5,16.0,0.0,18.373,1001.0,1
811,13,2025-10-24 06:00:00,-75.5,16.0,0.0,18.373,1001.0,1
811,14,2025-10-24 12:00:00,-75.0,15.9,0.0,18.373,1001.0,1
811,15,2025-10-24 18:00:00,-74.4,15.7,0.0,22.9662,997.0,1
811,16,2025-10-25 00:00:00,-74.7,16.2,0.0,25.2629,993.0,1
811,17,2025-10-25 06:00:00,-74.9,16.3,0.0,27.5595,986.0,1
811,18,2025-10-25 12:00:00,-75.0,16.3,0.0,27.5595,982.0,1
811,19,2025-10-25 18:00:00,-75.2,16.6,0.0,34.4494,976.0,1
811,20,2025-10-26 00:00:00,-75.7,16.5,0.0,41.3392,971.0,1
811,21,2025-10-26 06:00:00,-76.1,16.3,0.0,50.5258,954.0,1
811,22,2025-10-26 12:00:00,-76.4,16.4,0.0,55.119,952.0,1
811,23,2025-10-26 18:00:00,-76.9,16.4,0.0,55.119,944.0,1
811,24,2025-10-27 00:00:00,-77.3,16.4,0.0,57.4156,933.0,1
811,25,2025-10-27 06:00:00,-77.7,16.3,0.0,62.0089,924.0,1
811,26,2025-10-27 12:00:00,-78.0,16.4,0.0,64.3055,912.0,1
811,27,2025-10-27 18:00:00,-78.3,16.5,0.0,68.8987,906.0,1
811,28,2025-10-28 00:00:00,-78.6,16.5,0.0,68.8987,909.0,1
811,29,2025-10-28 06:00:00,-78.4,16.9,0.0,68.8987,901.0,1
811,30,2025-10-28 12:00:00,-78.1,17.5,0.0,71.1954,896.0,1
811,31,2025-10-28 18:00:00,-77.9,18.2,0.0,66.6021,899.0,1
811,32,2025-10-29 00:00:00,-77.1,18.8,0.0,50.5258,950.0,1
811,33,2025-10-29 06:00:00,-76.4,19.7,0.0,50.5258,952.0,1
811,34,2025-10-29 12:00:00,-75.8,20.8,0.0,41.3392,968.0,1
811,35,2025-10-29 18:00:00,-75.3,22.1,0.0,36.746,974.0,1
811,36,2025-10-30 00:00:00,-74.8,23.5,0.0,36.746,970.0,1
811,37,2025-10-30 06:00:00,-73.9,24.9,0.0,39.0426,970.0,1
811,38,2025-10-30 12:00:00,-72.7,26.7,0.0,41.3392,965.0,1
811,39,2025-10-30 18:00:00,-70.9,28.9,0.0,41.3392,965.0,1
811,40,2025-10-31 00:00:00,-68.8,31.4,0.0,39.0426,970.0,1
811,41,2025-10-31 06:00:00,-65.6,34.4,0.0,36.746,973.0,1
811,42,2025-10-31 12:00:00,-62.1,37.5,0.0,34.4494,973.0,1
811,43,2025-10-31 18:00:00,-58.9,40.6,0.0,32.1527,972.0,1
